Device: cuda
============================================================
  Optic-SpaceNet Model 1 INT8: In-Container Optical Inference
  Model:  Baseline VGG Phase4 v3 (变体 A)
  Weight: weights/baseline_vgg_phase4_v3_int8.pth
  Mode:   Optic (osimulator)  |  Batch: 1  quick=650
============================================================
  [!] Model 1 是 Model 2 的 ~150x 重 (156.6M vs 1.05M MACs/张)
  估计 650 张耗时: ~1625 min (变体 A)
  全量 5400 张 ~9 天 — 仅用 --quick 抽样

--- Loading Independent Test Set ---
Full: 27000 | Test(now): 5400 | split=eurosat_split (test∩train=0)

[Mode: Optic] Initializing Optical Engine (osimulator)...
[optic_layers] [OK] Real optical simulator loaded (osimulator)
wght_mapping_factor:  64
input_mapping_factor:  85
wght_mapping_factor:  64
input_mapping_factor:  64
wght_mapping_factor:  16
input_mapping_factor:  17
wght_mapping_factor:  16
input_mapping_factor:  16
wght_mapping_factor:  1
input_mapping_factor:  1
wght_mapping_factor:  1
input_mapping_factor:  1
[OpticalEngine] Using real optical simulator

============================================================
  Model 1 Phase4 v3 INT8 (变体 A)  [Optic mode: osimulator]
============================================================

  [1/3] Creating model & loading weights...
  Params: 2,387,168

  Model 1 Phase4 v3 INT8 (变体 A) (Original FP32) 层名                          C_in   K      展平长度  补零后  对齐率
  ------------------------------------------------------------------------
  [Conv2d]      conv1_1                      3   3×3         27         32   84.4%
  [Conv2d]      conv1_2                     32   3×3        288        288   100.0%
  [Conv2d]      conv2_1                     32   3×3        288        288   100.0%
  [Conv2d]      conv2_2                     64   3×3        576        576   100.0%
  [Conv2d]      conv3_1                     64   3×3        576        576   100.0%
  [Conv2d]      conv3_2                    128   3×3       1152       1152   100.0%
  [Linear]      fc1                        —     —           8192       8192   100.0%
  [Linear]      fc2                        —     —            256        256   100.0%
  综合硬件对齐率: 100.0% (总展平 11355 → 补零后 11360)

  [2/3] Converting to optical (int8, conv1_1 electronic)...

  Model 1 Phase4 v3 INT8 (变体 A) (Optical) 层名                          C_in   K      展平长度  补零后  对齐率
  ------------------------------------------------------------------------
  [Conv2d]      conv1_1                      3   3×3         27         32   84.4%
  [OpticConv2d] conv1_2                     32   3×3        288        288   100.0%
  [OpticConv2d] conv2_1                     32   3×3        288        288   100.0%
  [OpticConv2d] conv2_2                     64   3×3        576        576   100.0%
  [OpticConv2d] conv3_1                     64   3×3        576        576   100.0%
  [OpticConv2d] conv3_2                    128   3×3       1152       1152   100.0%
  [OpticLinear] fc1                        —     —           8192       8192   100.0%
  [OpticLinear] fc2                        —     —            256        256   100.0%
  综合硬件对齐率: 100.0% (总展平 11355 → 补零后 11360)

  [3/3] Evaluating via osimulator...
  [Model 1 Phase4 v3 INT8 (变体 A) optic] 650 batches, report every 1 batch(es)
    [osimulator] (1x4096x288) @ (288x32) input=uint8 ... done (19.8s)
    [osimulator] (1x1024x288) @ (288x64) input=uint8 ... done (4.3s)
    [osimulator] (1x1024x576) @ (576x64) input=uint8 ... done (10.5s)
    [osimulator] (1x256x576) @ (576x128) input=uint8 ... done (6.6s)
    [osimulator] (1x256x1152) @ (1152x128) input=uint8 ... done (8.7s)
    [osimulator] (1x1x8192) @ (8192x256) input=uint8 ... done (3.8s)
    [osimulator] (1x1x256) @ (256x10) input=uint8 ... done (0.0s)
  [Model 1 Phase4 v3 INT8 (变体 A) optic]    1/650 (  0.2%) acc=100.00%  elapsed=54s  ETA=34976s
    [osimulator] (1x4096x288) @ (288x32) input=uint8 ... done (20.1s)
    [osimulator] (1x1024x288) @ (288x64) input=uint8 ... done (5.9s)
    [osimulator] (1x1024x576) @ (576x64) input=uint8 ... done (11.4s)
    [osimulator] (1x256x576) @ (576x128) input=uint8 ... done (6.5s)
    [osimulator] (1x256x1152) @ (1152x128) input=uint8 ... done (8.8s)
    [osimulator] (1x1x8192) @ (8192x256) input=uint8 ... done (3.5s)
    [osimulator] (1x1x256) @ (256x10) input=uint8 ... done (0.0s)
  [Model 1 Phase4 v3 INT8 (变体 A) optic]    2/650 (  0.3%) acc=100.00%  elapsed=110s  ETA=35671s
    [osimulator] (1x4096x288) @ (288x32) input=uint8 ... done (19.4s)
    [osimulator] (1x1024x288) @ (288x64) input=uint8 ... done (4.3s)
    [osimulator] (1x1024x576) @ (576x64) input=uint8 ... done (11.6s)
    [osimulator] (1x256x576) @ (576x128) input=uint8 ... done (6.4s)
    [osimulator] (1x256x1152) @ (1152x128) input=uint8 ... done (8.7s)
    [osimulator] (1x1x8192) @ (8192x256) input=uint8 ... done (3.7s)
    [osimulator] (1x1x256) @ (256x10) input=uint8 ... done (0.0s)
  [Model 1 Phase4 v3 INT8 (变体 A) optic]    3/650 (  0.5%) acc=100.00%  elapsed=164s  ETA=35443s
    [osimulator] (1x4096x288) @ (288x32) input=uint8 ... done (19.9s)
    [osimulator] (1x1024x288) @ (288x64) input=uint8 ... done (4.3s)
    [osimulator] (1x1024x576) @ (576x64) input=uint8 ... done (11.7s)
    [osimulator] (1x256x576) @ (576x128) input=uint8 ... done (6.6s)
    [osimulator] (1x256x1152) @ (1152x128) input=uint8 ... done (8.6s)
    [osimulator] (1x1x8192) @ (8192x256) input=uint8 ... done (3.7s)
    [osimulator] (1x1x256) @ (256x10) input=uint8 ... done (0.0s)
  [Model 1 Phase4 v3 INT8 (变体 A) optic]    4/650 (  0.6%) acc=100.00%  elapsed=219s  ETA=35393s
    [osimulator] (1x4096x288) @ (288x32) input=uint8 ... done (19.0s)
    [osimulator] (1x1024x288) @ (288x64) input=uint8 ... done (4.3s)
    [osimulator] (1x1024x576) @ (576x64) input=uint8 ... done (6.4s)
    [osimulator] (1x256x576) @ (576x128) input=uint8 ... done (6.5s)
    [osimulator] (1x256x1152) @ (1152x128) input=uint8 ... done (8.4s)
    [osimulator] (1x1x8192) @ (8192x256) input=uint8 ... done (3.8s)
    [osimulator] (1x1x256) @ (256x10) input=uint8 ... done (0.0s)
  [Model 1 Phase4 v3 INT8 (变体 A) optic]    5/650 (  0.8%) acc=100.00%  elapsed=268s  ETA=34518s
    [osimulator] (1x4096x288) @ (288x32) input=uint8 ... done (20.7s)
    [osimulator] (1x1024x288) @ (288x64) input=uint8 ... done (4.5s)
    [osimulator] (1x1024x576) @ (576x64) input=uint8 ... done (12.1s)
    [osimulator] (1x256x576) @ (576x128) input=uint8 ... done (6.6s)
    [osimulator] (1x256x1152) @ (1152x128) input=uint8 ... done (8.6s)
    [osimulator] (1x1x8192) @ (8192x256) input=uint8 ... done (3.6s)
    [osimulator] (1x1x256) @ (256x10) input=uint8 ... done (0.0s)
  [Model 1 Phase4 v3 INT8 (变体 A) optic]    6/650 (  0.9%) acc=100.00%  elapsed=324s  ETA=34749s
    [osimulator] (1x4096x288) @ (288x32) input=uint8 ... done (20.3s)
    [osimulator] (1x1024x288) @ (288x64) input=uint8 ... done (4.2s)
    [osimulator] (1x1024x576) @ (576x64) input=uint8 ... done (9.3s)
    [osimulator] (1x256x576) @ (576x128) input=uint8 ... done (6.5s)
    [osimulator] (1x256x1152) @ (1152x128) input=uint8 ... done (8.5s)
    [osimulator] (1x1x8192) @ (8192x256) input=uint8 ... done (3.7s)
    [osimulator] (1x1x256) @ (256x10) input=uint8 ... done (0.0s)
  [Model 1 Phase4 v3 INT8 (变体 A) optic]    7/650 (  1.1%) acc=100.00%  elapsed=376s  ETA=34572s
    [osimulator] (1x4096x288) @ (288x32) input=uint8 ... done (21.8s)
    [osimulator] (1x1024x288) @ (288x64) input=uint8 ... done (4.3s)
    [osimulator] (1x1024x576) @ (576x64) input=uint8 ... done (9.0s)
    [osimulator] (1x256x576) @ (576x128) input=uint8 ... done (6.6s)
    [osimulator] (1x256x1152) @ (1152x128) input=uint8 ... done (8.6s)
    [osimulator] (1x1x8192) @ (8192x256) input=uint8 ... done (3.7s)
    [osimulator] (1x1x256) @ (256x10) input=uint8 ... done (0.0s)
  [Model 1 Phase4 v3 INT8 (变体 A) optic]    8/650 (  1.2%) acc=100.00%  elapsed=430s  ETA=34545s
    [osimulator] (1x4096x288) @ (288x32) input=uint8 ... done (20.0s)
    [osimulator] (1x1024x288) @ (288x64) input=uint8 ... done (4.3s)
    [osimulator] (1x1024x576) @ (576x64) input=uint8 ... done (9.4s)
    [osimulator] (1x256x576) @ (576x128) input=uint8 ... done (6.4s)
    [osimulator] (1x256x1152) @ (1152x128) input=uint8 ... done (8.6s)
    [osimulator] (1x1x8192) @ (8192x256) input=uint8 ... done (3.7s)
    [osimulator] (1x1x256) @ (256x10) input=uint8 ... done (0.0s)
  [Model 1 Phase4 v3 INT8 (变体 A) optic]    9/650 (  1.4%) acc=100.00%  elapsed=483s  ETA=34398s
    [osimulator] (1x4096x288) @ (288x32) input=uint8 ... done (18.1s)
    [osimulator] (1x1024x288) @ (288x64) input=uint8 ... done (4.3s)
    [osimulator] (1x1024x576) @ (576x64) input=uint8 ... done (6.3s)
    [osimulator] (1x256x576) @ (576x128) input=uint8 ... done (6.4s)
    [osimulator] (1x256x1152) @ (1152x128) input=uint8 ... done (8.6s)
    [osimulator] (1x1x8192) @ (8192x256) input=uint8 ... done (3.7s)
    [osimulator] (1x1x256) @ (256x10) input=uint8 ... done (0.0s)
  [Model 1 Phase4 v3 INT8 (变体 A) optic]   10/650 (  1.5%) acc=90.00%  elapsed=530s  ETA=33944s
    [osimulator] (1x4096x288) @ (288x32) input=uint8 ... done (14.0s)
    [osimulator] (1x1024x288) @ (288x64) input=uint8 ... done (4.3s)
    [osimulator] (1x1024x576) @ (576x64) input=uint8 ... done (6.3s)
    [osimulator] (1x256x576) @ (576x128) input=uint8 ... done (6.6s)
    [osimulator] (1x256x1152) @ (1152x128) input=uint8 ... done (8.6s)
    [osimulator] (1x1x8192) @ (8192x256) input=uint8 ... done (3.7s)
    [osimulator] (1x1x256) @ (256x10) input=uint8 ... done (0.0s)
  [Model 1 Phase4 v3 INT8 (变体 A) optic]   11/650 (  1.7%) acc=90.91%  elapsed=574s  ETA=33340s
    [osimulator] (1x4096x288) @ (288x32) input=uint8 ... done (11.8s)
    [osimulator] (1x1024x288) @ (288x64) input=uint8 ... done (4.4s)
    [osimulator] (1x1024x576) @ (576x64) input=uint8 ... done (6.4s)
    [osimulator] (1x256x576) @ (576x128) input=uint8 ... done (6.7s)
    [osimulator] (1x256x1152) @ (1152x128) input=uint8 ... done (8.8s)
    [osimulator] (1x1x8192) @ (8192x256) input=uint8 ... done (3.7s)
    [osimulator] (1x1x256) @ (256x10) input=uint8 ... done (0.0s)
  [Model 1 Phase4 v3 INT8 (变体 A) optic]   12/650 (  1.8%) acc=91.67%  elapsed=616s  ETA=32738s
    [osimulator] (1x4096x288) @ (288x32) input=uint8 ... done (11.8s)
    [osimulator] (1x1024x288) @ (288x64) input=uint8 ... done (4.5s)
    [osimulator] (1x1024x576) @ (576x64) input=uint8 ... done (6.6s)
    [osimulator] (1x256x576) @ (576x128) input=uint8 ... done (6.6s)
    [osimulator] (1x256x1152) @ (1152x128) input=uint8 ... done (8.7s)
    [osimulator] (1x1x8192) @ (8192x256) input=uint8 ... done (3.6s)
    [osimulator] (1x1x256) @ (256x10) input=uint8 ... done (0.0s)
  [Model 1 Phase4 v3 INT8 (变体 A) optic]   13/650 (  2.0%) acc=92.31%  elapsed=658s  ETA=32219s
    [osimulator] (1x4096x288) @ (288x32) input=uint8 ... done (13.0s)
    [osimulator] (1x1024x288) @ (288x64) input=uint8 ... done (4.4s)
    [osimulator] (1x1024x576) @ (576x64) input=uint8 ... done (6.7s)
    [osimulator] (1x256x576) @ (576x128) input=uint8 ... done (6.5s)
    [osimulator] (1x256x1152) @ (1152x128) input=uint8 ... done (8.5s)
    [osimulator] (1x1x8192) @ (8192x256) input=uint8 ... done (3.7s)
    [osimulator] (1x1x256) @ (256x10) input=uint8 ... done (0.0s)
  [Model 1 Phase4 v3 INT8 (变体 A) optic]   14/650 (  2.2%) acc=92.86%  elapsed=700s  ETA=31811s
    [osimulator] (1x4096x288) @ (288x32) input=uint8 ... done (19.4s)
    [osimulator] (1x1024x288) @ (288x64) input=uint8 ... done (4.3s)
    [osimulator] (1x1024x576) @ (576x64) input=uint8 ... done (10.4s)
    [osimulator] (1x256x576) @ (576x128) input=uint8 ... done (6.5s)
    [osimulator] (1x256x1152) @ (1152x128) input=uint8 ... done (8.6s)
    [osimulator] (1x1x8192) @ (8192x256) input=uint8 ... done (3.5s)
    [osimulator] (1x1x256) @ (256x10) input=uint8 ... done (0.0s)
  [Model 1 Phase4 v3 INT8 (变体 A) optic]   15/650 (  2.3%) acc=93.33%  elapsed=753s  ETA=31878s
    [osimulator] (1x4096x288) @ (288x32) input=uint8 ... done (20.0s)
    [osimulator] (1x1024x288) @ (288x64) input=uint8 ... done (4.3s)
    [osimulator] (1x1024x576) @ (576x64) input=uint8 ... done (6.4s)
    [osimulator] (1x256x576) @ (576x128) input=uint8 ... done (6.5s)
    [osimulator] (1x256x1152) @ (1152x128) input=uint8 ... done (8.5s)
    [osimulator] (1x1x8192) @ (8192x256) input=uint8 ... done (3.6s)
    [osimulator] (1x1x256) @ (256x10) input=uint8 ... done (0.0s)
  [Model 1 Phase4 v3 INT8 (变体 A) optic]   16/650 (  2.5%) acc=93.75%  elapsed=802s  ETA=31797s
    [osimulator] (1x4096x288) @ (288x32) input=uint8 ... done (20.4s)
    [osimulator] (1x1024x288) @ (288x64) input=uint8 ... done (4.4s)
    [osimulator] (1x1024x576) @ (576x64) input=uint8 ... done (6.6s)
    [osimulator] (1x256x576) @ (576x128) input=uint8 ... done (6.4s)
    [osimulator] (1x256x1152) @ (1152x128) input=uint8 ... done (8.6s)
    [osimulator] (1x1x8192) @ (8192x256) input=uint8 ... done (3.4s)
    [osimulator] (1x1x256) @ (256x10) input=uint8 ... done (0.0s)
  [Model 1 Phase4 v3 INT8 (变体 A) optic]   17/650 (  2.6%) acc=94.12%  elapsed=852s  ETA=31737s
    [osimulator] (1x4096x288) @ (288x32) input=uint8 ... done (19.6s)
    [osimulator] (1x1024x288) @ (288x64) input=uint8 ... done (4.3s)
    [osimulator] (1x1024x576) @ (576x64) input=uint8 ... done (8.6s)
    [osimulator] (1x256x576) @ (576x128) input=uint8 ... done (6.5s)
    [osimulator] (1x256x1152) @ (1152x128) input=uint8 ... done (8.5s)
    [osimulator] (1x1x8192) @ (8192x256) input=uint8 ... done (3.6s)
    [osimulator] (1x1x256) @ (256x10) input=uint8 ... done (0.0s)
  [Model 1 Phase4 v3 INT8 (变体 A) optic]   18/650 (  2.8%) acc=94.44%  elapsed=903s  ETA=31719s
    [osimulator] (1x4096x288) @ (288x32) input=uint8 ... done (19.7s)
    [osimulator] (1x1024x288) @ (288x64) input=uint8 ... done (4.3s)
    [osimulator] (1x1024x576) @ (576x64) input=uint8 ... done (10.3s)
    [osimulator] (1x256x576) @ (576x128) input=uint8 ... done (6.7s)
    [osimulator] (1x256x1152) @ (1152x128) input=uint8 ... done (8.6s)
    [osimulator] (1x1x8192) @ (8192x256) input=uint8 ... done (3.5s)
    [osimulator] (1x1x256) @ (256x10) input=uint8 ... done (0.0s)
  [Model 1 Phase4 v3 INT8 (变体 A) optic]   19/650 (  2.9%) acc=94.74%  elapsed=956s  ETA=31764s
    [osimulator] (1x4096x288) @ (288x32) input=uint8 ... done (19.2s)
    [osimulator] (1x1024x288) @ (288x64) input=uint8 ... done (4.3s)
    [osimulator] (1x1024x576) @ (576x64) input=uint8 ... done (12.4s)
    [osimulator] (1x256x576) @ (576x128) input=uint8 ... done (6.5s)
    [osimulator] (1x256x1152) @ (1152x128) input=uint8 ... done (8.7s)
    [osimulator] (1x1x8192) @ (8192x256) input=uint8 ... done (3.6s)
    [osimulator] (1x1x256) @ (256x10) input=uint8 ... done (0.0s)
  [Model 1 Phase4 v3 INT8 (变体 A) optic]   20/650 (  3.1%) acc=95.00%  elapsed=1011s  ETA=31852s
    [osimulator] (1x4096x288) @ (288x32) input=uint8 ... done (19.4s)
    [osimulator] (1x1024x288) @ (288x64) input=uint8 ... done (4.3s)
    [osimulator] (1x1024x576) @ (576x64) input=uint8 ... done (6.4s)
    [osimulator] (1x256x576) @ (576x128) input=uint8 ... done (6.4s)
    [osimulator] (1x256x1152) @ (1152x128) input=uint8 ... done (8.5s)
    [osimulator] (1x1x8192) @ (8192x256) input=uint8 ... done (3.5s)
    [osimulator] (1x1x256) @ (256x10) input=uint8 ... done (0.0s)
  [Model 1 Phase4 v3 INT8 (变体 A) optic]   21/650 (  3.2%) acc=95.24%  elapsed=1060s  ETA=31741s
    [osimulator] (1x4096x288) @ (288x32) input=uint8 ... done (18.8s)
    [osimulator] (1x1024x288) @ (288x64) input=uint8 ... done (4.2s)
    [osimulator] (1x1024x576) @ (576x64) input=uint8 ... done (8.6s)
    [osimulator] (1x256x576) @ (576x128) input=uint8 ... done (6.6s)
    [osimulator] (1x256x1152) @ (1152x128) input=uint8 ... done (8.6s)
    [osimulator] (1x1x8192) @ (8192x256) input=uint8 ... done (3.4s)
    [osimulator] (1x1x256) @ (256x10) input=uint8 ... done (0.0s)
  [Model 1 Phase4 v3 INT8 (变体 A) optic]   22/650 (  3.4%) acc=95.45%  elapsed=1110s  ETA=31681s
    [osimulator] (1x4096x288) @ (288x32) input=uint8 ... done (18.8s)
    [osimulator] (1x1024x288) @ (288x64) input=uint8 ... done (4.3s)
    [osimulator] (1x1024x576) @ (576x64) input=uint8 ... done (10.0s)
    [osimulator] (1x256x576) @ (576x128) input=uint8 ... done (6.5s)
    [osimulator] (1x256x1152) @ (1152x128) input=uint8 ... done (8.6s)
    [osimulator] (1x1x8192) @ (8192x256) input=uint8 ... done (3.6s)
    [osimulator] (1x1x256) @ (256x10) input=uint8 ... done (0.0s)
  [Model 1 Phase4 v3 INT8 (变体 A) optic]   23/650 (  3.5%) acc=95.65%  elapsed=1162s  ETA=31668s
    [osimulator] (1x4096x288) @ (288x32) input=uint8 ... done (18.8s)
    [osimulator] (1x1024x288) @ (288x64) input=uint8 ... done (4.3s)
    [osimulator] (1x1024x576) @ (576x64) input=uint8 ... done (8.3s)
    [osimulator] (1x256x576) @ (576x128) input=uint8 ... done (6.7s)
    [osimulator] (1x256x1152) @ (1152x128) input=uint8 ... done (8.4s)
    [osimulator] (1x1x8192) @ (8192x256) input=uint8 ... done (3.7s)
    [osimulator] (1x1x256) @ (256x10) input=uint8 ... done (0.0s)
  [Model 1 Phase4 v3 INT8 (变体 A) optic]   24/650 (  3.7%) acc=95.83%  elapsed=1212s  ETA=31608s
    [osimulator] (1x4096x288) @ (288x32) input=uint8 ... done (18.6s)
    [osimulator] (1x1024x288) @ (288x64) input=uint8 ... done (4.3s)
    [osimulator] (1x1024x576) @ (576x64) input=uint8 ... done (7.2s)
    [osimulator] (1x256x576) @ (576x128) input=uint8 ... done (6.5s)
    [osimulator] (1x256x1152) @ (1152x128) input=uint8 ... done (8.6s)
    [osimulator] (1x1x8192) @ (8192x256) input=uint8 ... done (3.6s)
    [osimulator] (1x1x256) @ (256x10) input=uint8 ... done (0.0s)
  [Model 1 Phase4 v3 INT8 (变体 A) optic]   25/650 (  3.8%) acc=96.00%  elapsed=1261s  ETA=31516s
    [osimulator] (1x4096x288) @ (288x32) input=uint8 ... done (20.4s)
    [osimulator] (1x1024x288) @ (288x64) input=uint8 ... done (4.3s)
    [osimulator] (1x1024x576) @ (576x64) input=uint8 ... done (6.4s)
    [osimulator] (1x256x576) @ (576x128) input=uint8 ... done (6.4s)
    [osimulator] (1x256x1152) @ (1152x128) input=uint8 ... done (8.6s)
    [osimulator] (1x1x8192) @ (8192x256) input=uint8 ... done (3.7s)
    [osimulator] (1x1x256) @ (256x10) input=uint8 ... done (0.0s)
  [Model 1 Phase4 v3 INT8 (变体 A) optic]   26/650 (  4.0%) acc=96.15%  elapsed=1310s  ETA=31449s
    [osimulator] (1x4096x288) @ (288x32) input=uint8 ... done (20.2s)
    [osimulator] (1x1024x288) @ (288x64) input=uint8 ... done (4.3s)
    [osimulator] (1x1024x576) @ (576x64) input=uint8 ... done (9.0s)
    [osimulator] (1x256x576) @ (576x128) input=uint8 ... done (6.4s)
    [osimulator] (1x256x1152) @ (1152x128) input=uint8 ... done (8.6s)
    [osimulator] (1x1x8192) @ (8192x256) input=uint8 ... done (3.7s)
    [osimulator] (1x1x256) @ (256x10) input=uint8 ... done (0.0s)
  [Model 1 Phase4 v3 INT8 (变体 A) optic]   27/650 (  4.2%) acc=96.30%  elapsed=1363s  ETA=31441s
    [osimulator] (1x4096x288) @ (288x32) input=uint8 ... done (19.6s)
    [osimulator] (1x1024x288) @ (288x64) input=uint8 ... done (4.3s)
    [osimulator] (1x1024x576) @ (576x64) input=uint8 ... done (9.3s)
    [osimulator] (1x256x576) @ (576x128) input=uint8 ... done (6.6s)
    [osimulator] (1x256x1152) @ (1152x128) input=uint8 ... done (8.5s)
    [osimulator] (1x1x8192) @ (8192x256) input=uint8 ... done (3.7s)
    [osimulator] (1x1x256) @ (256x10) input=uint8 ... done (0.0s)
  [Model 1 Phase4 v3 INT8 (变体 A) optic]   28/650 (  4.3%) acc=96.43%  elapsed=1415s  ETA=31426s
    [osimulator] (1x4096x288) @ (288x32) input=uint8 ... done (20.3s)
    [osimulator] (1x1024x288) @ (288x64) input=uint8 ... done (4.3s)
    [osimulator] (1x1024x576) @ (576x64) input=uint8 ... done (9.4s)
    [osimulator] (1x256x576) @ (576x128) input=uint8 ... done (6.5s)
    [osimulator] (1x256x1152) @ (1152x128) input=uint8 ... done (8.5s)
    [osimulator] (1x1x8192) @ (8192x256) input=uint8 ... done (3.4s)
    [osimulator] (1x1x256) @ (256x10) input=uint8 ... done (0.0s)
  [Model 1 Phase4 v3 INT8 (变体 A) optic]   29/650 (  4.5%) acc=96.55%  elapsed=1467s  ETA=31418s
    [osimulator] (1x4096x288) @ (288x32) input=uint8 ... done (20.3s)
    [osimulator] (1x1024x288) @ (288x64) input=uint8 ... done (4.3s)
    [osimulator] (1x1024x576) @ (576x64) input=uint8 ... done (12.4s)
    [osimulator] (1x256x576) @ (576x128) input=uint8 ... done (6.4s)
    [osimulator] (1x256x1152) @ (1152x128) input=uint8 ... done (8.5s)
    [osimulator] (1x1x8192) @ (8192x256) input=uint8 ... done (3.7s)
    [osimulator] (1x1x256) @ (256x10) input=uint8 ... done (0.0s)
  [Model 1 Phase4 v3 INT8 (变体 A) optic]   30/650 (  4.6%) acc=96.67%  elapsed=1523s  ETA=31470s
    [osimulator] (1x4096x288) @ (288x32) input=uint8 ... done (19.8s)
    [osimulator] (1x1024x288) @ (288x64) input=uint8 ... done (4.3s)
    [osimulator] (1x1024x576) @ (576x64) input=uint8 ... done (8.4s)
    [osimulator] (1x256x576) @ (576x128) input=uint8 ... done (6.4s)
    [osimulator] (1x256x1152) @ (1152x128) input=uint8 ... done (8.7s)
    [osimulator] (1x1x8192) @ (8192x256) input=uint8 ... done (3.6s)
    [osimulator] (1x1x256) @ (256x10) input=uint8 ... done (0.0s)
  [Model 1 Phase4 v3 INT8 (变体 A) optic]   31/650 (  4.8%) acc=96.77%  elapsed=1574s  ETA=31426s
    [osimulator] (1x4096x288) @ (288x32) input=uint8 ... done (19.3s)
    [osimulator] (1x1024x288) @ (288x64) input=uint8 ... done (4.3s)
    [osimulator] (1x1024x576) @ (576x64) input=uint8 ... done (6.3s)
    [osimulator] (1x256x576) @ (576x128) input=uint8 ... done (6.5s)
    [osimulator] (1x256x1152) @ (1152x128) input=uint8 ... done (8.5s)
    [osimulator] (1x1x8192) @ (8192x256) input=uint8 ... done (3.7s)
    [osimulator] (1x1x256) @ (256x10) input=uint8 ... done (0.0s)
  [Model 1 Phase4 v3 INT8 (变体 A) optic]   32/650 (  4.9%) acc=96.88%  elapsed=1623s  ETA=31335s
    [osimulator] (1x4096x288) @ (288x32) input=uint8 ... done (16.0s)
    [osimulator] (1x1024x288) @ (288x64) input=uint8 ... done (4.3s)
    [osimulator] (1x1024x576) @ (576x64) input=uint8 ... done (6.2s)
    [osimulator] (1x256x576) @ (576x128) input=uint8 ... done (6.5s)
    [osimulator] (1x256x1152) @ (1152x128) input=uint8 ... done (8.6s)
    [osimulator] (1x1x8192) @ (8192x256) input=uint8 ... done (3.8s)
    [osimulator] (1x1x256) @ (256x10) input=uint8 ... done (0.0s)
  [Model 1 Phase4 v3 INT8 (变体 A) optic]   33/650 (  5.1%) acc=96.97%  elapsed=1668s  ETA=31187s
    [osimulator] (1x4096x288) @ (288x32) input=uint8 ... done (19.4s)
    [osimulator] (1x1024x288) @ (288x64) input=uint8 ... done (4.4s)
    [osimulator] (1x1024x576) @ (576x64) input=uint8 ... done (12.4s)
    [osimulator] (1x256x576) @ (576x128) input=uint8 ... done (6.6s)
    [osimulator] (1x256x1152) @ (1152x128) input=uint8 ... done (8.6s)
    [osimulator] (1x1x8192) @ (8192x256) input=uint8 ... done (3.7s)
    [osimulator] (1x1x256) @ (256x10) input=uint8 ... done (0.0s)
  [Model 1 Phase4 v3 INT8 (变体 A) optic]   34/650 (  5.2%) acc=97.06%  elapsed=1723s  ETA=31218s
    [osimulator] (1x4096x288) @ (288x32) input=uint8 ... done (19.6s)
    [osimulator] (1x1024x288) @ (288x64) input=uint8 ... done (4.2s)
    [osimulator] (1x1024x576) @ (576x64) input=uint8 ... done (6.3s)
    [osimulator] (1x256x576) @ (576x128) input=uint8 ... done (6.6s)
    [osimulator] (1x256x1152) @ (1152x128) input=uint8 ... done (8.6s)
    [osimulator] (1x1x8192) @ (8192x256) input=uint8 ... done (3.7s)
    [osimulator] (1x1x256) @ (256x10) input=uint8 ... done (0.0s)
  [Model 1 Phase4 v3 INT8 (变体 A) optic]   35/650 (  5.4%) acc=97.14%  elapsed=1772s  ETA=31139s
    [osimulator] (1x4096x288) @ (288x32) input=uint8 ... done (19.4s)
    [osimulator] (1x1024x288) @ (288x64) input=uint8 ... done (4.3s)
    [osimulator] (1x1024x576) @ (576x64) input=uint8 ... done (11.0s)
    [osimulator] (1x256x576) @ (576x128) input=uint8 ... done (6.6s)
    [osimulator] (1x256x1152) @ (1152x128) input=uint8 ... done (8.5s)
    [osimulator] (1x1x8192) @ (8192x256) input=uint8 ... done (3.6s)
    [osimulator] (1x1x256) @ (256x10) input=uint8 ... done (0.0s)
  [Model 1 Phase4 v3 INT8 (变体 A) optic]   36/650 (  5.5%) acc=97.22%  elapsed=1826s  ETA=31137s
    [osimulator] (1x4096x288) @ (288x32) input=uint8 ... done (19.6s)
    [osimulator] (1x1024x288) @ (288x64) input=uint8 ... done (4.3s)
    [osimulator] (1x1024x576) @ (576x64) input=uint8 ... done (10.2s)
    [osimulator] (1x256x576) @ (576x128) input=uint8 ... done (6.5s)
    [osimulator] (1x256x1152) @ (1152x128) input=uint8 ... done (8.4s)
    [osimulator] (1x1x8192) @ (8192x256) input=uint8 ... done (3.7s)
    [osimulator] (1x1x256) @ (256x10) input=uint8 ... done (0.0s)
  [Model 1 Phase4 v3 INT8 (变体 A) optic]   37/650 (  5.7%) acc=97.30%  elapsed=1878s  ETA=31120s
    [osimulator] (1x4096x288) @ (288x32) input=uint8 ... done (20.0s)
    [osimulator] (1x1024x288) @ (288x64) input=uint8 ... done (4.3s)
    [osimulator] (1x1024x576) @ (576x64) input=uint8 ... done (12.6s)
    [osimulator] (1x256x576) @ (576x128) input=uint8 ... done (6.9s)
    [osimulator] (1x256x1152) @ (1152x128) input=uint8 ... done (8.6s)
    [osimulator] (1x1x8192) @ (8192x256) input=uint8 ... done (3.8s)
    [osimulator] (1x1x256) @ (256x10) input=uint8 ... done (0.0s)
  [Model 1 Phase4 v3 INT8 (变体 A) optic]   38/650 (  5.8%) acc=97.37%  elapsed=1934s  ETA=31154s
    [osimulator] (1x4096x288) @ (288x32) input=uint8 ... done (18.9s)
    [osimulator] (1x1024x288) @ (288x64) input=uint8 ... done (4.3s)
    [osimulator] (1x1024x576) @ (576x64) input=uint8 ... done (6.3s)
    [osimulator] (1x256x576) @ (576x128) input=uint8 ... done (6.4s)
    [osimulator] (1x256x1152) @ (1152x128) input=uint8 ... done (8.5s)
    [osimulator] (1x1x8192) @ (8192x256) input=uint8 ... done (3.5s)
    [osimulator] (1x1x256) @ (256x10) input=uint8 ... done (0.0s)
  [Model 1 Phase4 v3 INT8 (变体 A) optic]   39/650 (  6.0%) acc=97.44%  elapsed=1982s  ETA=31057s
    [osimulator] (1x4096x288) @ (288x32) input=uint8 ... done (15.4s)
    [osimulator] (1x1024x288) @ (288x64) input=uint8 ... done (4.3s)
    [osimulator] (1x1024x576) @ (576x64) input=uint8 ... done (6.6s)
    [osimulator] (1x256x576) @ (576x128) input=uint8 ... done (6.5s)
    [osimulator] (1x256x1152) @ (1152x128) input=uint8 ... done (8.5s)
    [osimulator] (1x1x8192) @ (8192x256) input=uint8 ... done (3.5s)
    [osimulator] (1x1x256) @ (256x10) input=uint8 ... done (0.0s)
  [Model 1 Phase4 v3 INT8 (变体 A) optic]   40/650 (  6.2%) acc=97.50%  elapsed=2027s  ETA=30911s
    [osimulator] (1x4096x288) @ (288x32) input=uint8 ... done (18.6s)
    [osimulator] (1x1024x288) @ (288x64) input=uint8 ... done (4.4s)
    [osimulator] (1x1024x576) @ (576x64) input=uint8 ... done (6.2s)
    [osimulator] (1x256x576) @ (576x128) input=uint8 ... done (6.6s)
    [osimulator] (1x256x1152) @ (1152x128) input=uint8 ... done (8.7s)
    [osimulator] (1x1x8192) @ (8192x256) input=uint8 ... done (3.6s)
    [osimulator] (1x1x256) @ (256x10) input=uint8 ... done (0.0s)
  [Model 1 Phase4 v3 INT8 (变体 A) optic]   41/650 (  6.3%) acc=97.56%  elapsed=2075s  ETA=30822s
    [osimulator] (1x4096x288) @ (288x32) input=uint8 ... done (18.8s)
    [osimulator] (1x1024x288) @ (288x64) input=uint8 ... done (4.4s)
    [osimulator] (1x1024x576) @ (576x64) input=uint8 ... done (10.9s)
    [osimulator] (1x256x576) @ (576x128) input=uint8 ... done (6.5s)
    [osimulator] (1x256x1152) @ (1152x128) input=uint8 ... done (8.6s)
    [osimulator] (1x1x8192) @ (8192x256) input=uint8 ... done (3.6s)
    [osimulator] (1x1x256) @ (256x10) input=uint8 ... done (0.0s)
  [Model 1 Phase4 v3 INT8 (变体 A) optic]   42/650 (  6.5%) acc=97.62%  elapsed=2128s  ETA=30803s
    [osimulator] (1x4096x288) @ (288x32) input=uint8 ... done (19.5s)
    [osimulator] (1x1024x288) @ (288x64) input=uint8 ... done (4.3s)
    [osimulator] (1x1024x576) @ (576x64) input=uint8 ... done (6.6s)
    [osimulator] (1x256x576) @ (576x128) input=uint8 ... done (6.5s)
    [osimulator] (1x256x1152) @ (1152x128) input=uint8 ... done (8.5s)
    [osimulator] (1x1x8192) @ (8192x256) input=uint8 ... done (3.7s)
    [osimulator] (1x1x256) @ (256x10) input=uint8 ... done (0.0s)
  [Model 1 Phase4 v3 INT8 (变体 A) optic]   43/650 (  6.6%) acc=97.67%  elapsed=2177s  ETA=30731s
    [osimulator] (1x4096x288) @ (288x32) input=uint8 ... done (19.4s)
    [osimulator] (1x1024x288) @ (288x64) input=uint8 ... done (4.3s)
    [osimulator] (1x1024x576) @ (576x64) input=uint8 ... done (6.4s)
    [osimulator] (1x256x576) @ (576x128) input=uint8 ... done (6.5s)
    [osimulator] (1x256x1152) @ (1152x128) input=uint8 ... done (8.6s)
    [osimulator] (1x1x8192) @ (8192x256) input=uint8 ... done (3.4s)
    [osimulator] (1x1x256) @ (256x10) input=uint8 ... done (0.0s)
  [Model 1 Phase4 v3 INT8 (变体 A) optic]   44/650 (  6.8%) acc=97.73%  elapsed=2226s  ETA=30653s
    [osimulator] (1x4096x288) @ (288x32) input=uint8 ... done (11.3s)
    [osimulator] (1x1024x288) @ (288x64) input=uint8 ... done (4.4s)
    [osimulator] (1x1024x576) @ (576x64) input=uint8 ... done (6.5s)
    [osimulator] (1x256x576) @ (576x128) input=uint8 ... done (6.5s)
    [osimulator] (1x256x1152) @ (1152x128) input=uint8 ... done (8.9s)
    [osimulator] (1x1x8192) @ (8192x256) input=uint8 ... done (3.7s)
    [osimulator] (1x1x256) @ (256x10) input=uint8 ... done (0.0s)
  [Model 1 Phase4 v3 INT8 (变体 A) optic]   45/650 (  6.9%) acc=97.78%  elapsed=2267s  ETA=30477s
    [osimulator] (1x4096x288) @ (288x32) input=uint8 ... done (9.9s)
    [osimulator] (1x1024x288) @ (288x64) input=uint8 ... done (6.6s)
    [osimulator] (1x1024x576) @ (576x64) input=uint8 ... done (6.6s)
    [osimulator] (1x256x576) @ (576x128) input=uint8 ... done (6.4s)
    [osimulator] (1x256x1152) @ (1152x128) input=uint8 ... done (8.7s)
    [osimulator] (1x1x8192) @ (8192x256) input=uint8 ... done (3.6s)
    [osimulator] (1x1x256) @ (256x10) input=uint8 ... done (0.0s)
  [Model 1 Phase4 v3 INT8 (变体 A) optic]   46/650 (  7.1%) acc=97.83%  elapsed=2309s  ETA=30316s
    [osimulator] (1x4096x288) @ (288x32) input=uint8 ... done (15.9s)
    [osimulator] (1x1024x288) @ (288x64) input=uint8 ... done (4.3s)
    [osimulator] (1x1024x576) @ (576x64) input=uint8 ... done (6.3s)
    [osimulator] (1x256x576) @ (576x128) input=uint8 ... done (6.5s)
    [osimulator] (1x256x1152) @ (1152x128) input=uint8 ... done (8.7s)
    [osimulator] (1x1x8192) @ (8192x256) input=uint8 ... done (3.6s)
    [osimulator] (1x1x256) @ (256x10) input=uint8 ... done (0.0s)
  [Model 1 Phase4 v3 INT8 (变体 A) optic]   47/650 (  7.2%) acc=97.87%  elapsed=2354s  ETA=30203s
    [osimulator] (1x4096x288) @ (288x32) input=uint8 ... done (13.6s)
    [osimulator] (1x1024x288) @ (288x64) input=uint8 ... done (4.3s)
    [osimulator] (1x1024x576) @ (576x64) input=uint8 ... done (6.6s)
    [osimulator] (1x256x576) @ (576x128) input=uint8 ... done (6.6s)
    [osimulator] (1x256x1152) @ (1152x128) input=uint8 ... done (8.5s)
    [osimulator] (1x1x8192) @ (8192x256) input=uint8 ... done (3.5s)
    [osimulator] (1x1x256) @ (256x10) input=uint8 ... done (0.0s)
  [Model 1 Phase4 v3 INT8 (变体 A) optic]   48/650 (  7.4%) acc=97.92%  elapsed=2397s  ETA=30067s
    [osimulator] (1x4096x288) @ (288x32) input=uint8 ... done (9.8s)
    [osimulator] (1x1024x288) @ (288x64) input=uint8 ... done (4.3s)
    [osimulator] (1x1024x576) @ (576x64) input=uint8 ... done (6.3s)
    [osimulator] (1x256x576) @ (576x128) input=uint8 ... done (6.4s)
    [osimulator] (1x256x1152) @ (1152x128) input=uint8 ... done (8.6s)
    [osimulator] (1x1x8192) @ (8192x256) input=uint8 ... done (3.8s)
    [osimulator] (1x1x256) @ (256x10) input=uint8 ... done (0.0s)
  [Model 1 Phase4 v3 INT8 (变体 A) optic]   49/650 (  7.5%) acc=97.96%  elapsed=2437s  ETA=29885s
    [osimulator] (1x4096x288) @ (288x32) input=uint8 ... done (10.4s)
    [osimulator] (1x1024x288) @ (288x64) input=uint8 ... done (4.4s)
    [osimulator] (1x1024x576) @ (576x64) input=uint8 ... done (6.4s)
    [osimulator] (1x256x576) @ (576x128) input=uint8 ... done (6.4s)
    [osimulator] (1x256x1152) @ (1152x128) input=uint8 ... done (8.9s)
    [osimulator] (1x1x8192) @ (8192x256) input=uint8 ... done (3.6s)
    [osimulator] (1x1x256) @ (256x10) input=uint8 ... done (0.0s)
  [Model 1 Phase4 v3 INT8 (变体 A) optic]   50/650 (  7.7%) acc=98.00%  elapsed=2477s  ETA=29720s
    [osimulator] (1x4096x288) @ (288x32) input=uint8 ... done (12.7s)
    [osimulator] (1x1024x288) @ (288x64) input=uint8 ... done (4.4s)
    [osimulator] (1x1024x576) @ (576x64) input=uint8 ... done (6.4s)
    [osimulator] (1x256x576) @ (576x128) input=uint8 ... done (6.6s)
    [osimulator] (1x256x1152) @ (1152x128) input=uint8 ... done (8.5s)
    [osimulator] (1x1x8192) @ (8192x256) input=uint8 ... done (3.8s)
    [osimulator] (1x1x256) @ (256x10) input=uint8 ... done (0.0s)
  [Model 1 Phase4 v3 INT8 (变体 A) optic]   51/650 (  7.8%) acc=98.04%  elapsed=2519s  ETA=29588s
    [osimulator] (1x4096x288) @ (288x32) input=uint8 ... done (13.7s)
    [osimulator] (1x1024x288) @ (288x64) input=uint8 ... done (4.3s)
    [osimulator] (1x1024x576) @ (576x64) input=uint8 ... done (6.4s)
    [osimulator] (1x256x576) @ (576x128) input=uint8 ... done (6.4s)
    [osimulator] (1x256x1152) @ (1152x128) input=uint8 ... done (8.5s)
    [osimulator] (1x1x8192) @ (8192x256) input=uint8 ... done (3.5s)
    [osimulator] (1x1x256) @ (256x10) input=uint8 ... done (0.0s)
  [Model 1 Phase4 v3 INT8 (变体 A) optic]   52/650 (  8.0%) acc=98.08%  elapsed=2562s  ETA=29464s
    [osimulator] (1x4096x288) @ (288x32) input=uint8 ... done (10.1s)
    [osimulator] (1x1024x288) @ (288x64) input=uint8 ... done (4.3s)
    [osimulator] (1x1024x576) @ (576x64) input=uint8 ... done (6.3s)
    [osimulator] (1x256x576) @ (576x128) input=uint8 ... done (6.5s)
    [osimulator] (1x256x1152) @ (1152x128) input=uint8 ... done (8.5s)
    [osimulator] (1x1x8192) @ (8192x256) input=uint8 ... done (3.5s)
    [osimulator] (1x1x256) @ (256x10) input=uint8 ... done (0.0s)
  [Model 1 Phase4 v3 INT8 (变体 A) optic]   53/650 (  8.2%) acc=98.11%  elapsed=2601s  ETA=29303s
    [osimulator] (1x4096x288) @ (288x32) input=uint8 ... done (8.7s)
    [osimulator] (1x1024x288) @ (288x64) input=uint8 ... done (4.4s)
    [osimulator] (1x1024x576) @ (576x64) input=uint8 ... done (6.2s)
    [osimulator] (1x256x576) @ (576x128) input=uint8 ... done (6.6s)
    [osimulator] (1x256x1152) @ (1152x128) input=uint8 ... done (8.5s)
    [osimulator] (1x1x8192) @ (8192x256) input=uint8 ... done (3.7s)
    [osimulator] (1x1x256) @ (256x10) input=uint8 ... done (0.0s)
  [Model 1 Phase4 v3 INT8 (变体 A) optic]   54/650 (  8.3%) acc=98.15%  elapsed=2640s  ETA=29132s
    [osimulator] (1x4096x288) @ (288x32) input=uint8 ... done (8.9s)
    [osimulator] (1x1024x288) @ (288x64) input=uint8 ... done (4.2s)
    [osimulator] (1x1024x576) @ (576x64) input=uint8 ... done (6.4s)
    [osimulator] (1x256x576) @ (576x128) input=uint8 ... done (6.5s)
    [osimulator] (1x256x1152) @ (1152x128) input=uint8 ... done (8.4s)
    [osimulator] (1x1x8192) @ (8192x256) input=uint8 ... done (3.6s)
    [osimulator] (1x1x256) @ (256x10) input=uint8 ... done (0.0s)
  [Model 1 Phase4 v3 INT8 (变体 A) optic]   55/650 (  8.5%) acc=98.18%  elapsed=2678s  ETA=28966s
    [osimulator] (1x4096x288) @ (288x32) input=uint8 ... done (18.7s)
    [osimulator] (1x1024x288) @ (288x64) input=uint8 ... done (4.3s)
    [osimulator] (1x1024x576) @ (576x64) input=uint8 ... done (6.3s)
    [osimulator] (1x256x576) @ (576x128) input=uint8 ... done (6.4s)
    [osimulator] (1x256x1152) @ (1152x128) input=uint8 ... done (8.5s)
    [osimulator] (1x1x8192) @ (8192x256) input=uint8 ... done (3.7s)
    [osimulator] (1x1x256) @ (256x10) input=uint8 ... done (0.0s)
  [Model 1 Phase4 v3 INT8 (变体 A) optic]   56/650 (  8.6%) acc=98.21%  elapsed=2725s  ETA=28909s
    [osimulator] (1x4096x288) @ (288x32) input=uint8 ... done (17.8s)
    [osimulator] (1x1024x288) @ (288x64) input=uint8 ... done (4.3s)
    [osimulator] (1x1024x576) @ (576x64) input=uint8 ... done (6.3s)
    [osimulator] (1x256x576) @ (576x128) input=uint8 ... done (6.5s)
    [osimulator] (1x256x1152) @ (1152x128) input=uint8 ... done (8.5s)
    [osimulator] (1x1x8192) @ (8192x256) input=uint8 ... done (3.6s)
    [osimulator] (1x1x256) @ (256x10) input=uint8 ... done (0.0s)
  [Model 1 Phase4 v3 INT8 (变体 A) optic]   57/650 (  8.8%) acc=98.25%  elapsed=2772s  ETA=28843s
    [osimulator] (1x4096x288) @ (288x32) input=uint8 ... done (14.1s)
    [osimulator] (1x1024x288) @ (288x64) input=uint8 ... done (4.3s)
    [osimulator] (1x1024x576) @ (576x64) input=uint8 ... done (6.3s)
    [osimulator] (1x256x576) @ (576x128) input=uint8 ... done (6.3s)
    [osimulator] (1x256x1152) @ (1152x128) input=uint8 ... done (8.4s)
    [osimulator] (1x1x8192) @ (8192x256) input=uint8 ... done (3.4s)
    [osimulator] (1x1x256) @ (256x10) input=uint8 ... done (0.0s)
  [Model 1 Phase4 v3 INT8 (变体 A) optic]   58/650 (  8.9%) acc=98.28%  elapsed=2815s  ETA=28737s
    [osimulator] (1x4096x288) @ (288x32) input=uint8 ... done (13.7s)
    [osimulator] (1x1024x288) @ (288x64) input=uint8 ... done (4.3s)
    [osimulator] (1x1024x576) @ (576x64) input=uint8 ... done (6.6s)
    [osimulator] (1x256x576) @ (576x128) input=uint8 ... done (6.6s)
    [osimulator] (1x256x1152) @ (1152x128) input=uint8 ... done (8.7s)
    [osimulator] (1x1x8192) @ (8192x256) input=uint8 ... done (3.8s)
    [osimulator] (1x1x256) @ (256x10) input=uint8 ... done (0.0s)
  [Model 1 Phase4 v3 INT8 (变体 A) optic]   59/650 (  9.1%) acc=98.31%  elapsed=2859s  ETA=28641s
    [osimulator] (1x4096x288) @ (288x32) input=uint8 ... done (12.7s)
    [osimulator] (1x1024x288) @ (288x64) input=uint8 ... done (4.3s)
    [osimulator] (1x1024x576) @ (576x64) input=uint8 ... done (6.4s)
    [osimulator] (1x256x576) @ (576x128) input=uint8 ... done (6.4s)
    [osimulator] (1x256x1152) @ (1152x128) input=uint8 ... done (8.8s)
    [osimulator] (1x1x8192) @ (8192x256) input=uint8 ... done (3.8s)
    [osimulator] (1x1x256) @ (256x10) input=uint8 ... done (0.0s)
  [Model 1 Phase4 v3 INT8 (变体 A) optic]   60/650 (  9.2%) acc=98.33%  elapsed=2902s  ETA=28534s
    [osimulator] (1x4096x288) @ (288x32) input=uint8 ... done (16.4s)
    [osimulator] (1x1024x288) @ (288x64) input=uint8 ... done (4.3s)
    [osimulator] (1x1024x576) @ (576x64) input=uint8 ... done (6.3s)
    [osimulator] (1x256x576) @ (576x128) input=uint8 ... done (6.7s)
    [osimulator] (1x256x1152) @ (1152x128) input=uint8 ... done (8.7s)
    [osimulator] (1x1x8192) @ (8192x256) input=uint8 ... done (3.5s)
    [osimulator] (1x1x256) @ (256x10) input=uint8 ... done (0.0s)
  [Model 1 Phase4 v3 INT8 (变体 A) optic]   61/650 (  9.4%) acc=98.36%  elapsed=2948s  ETA=28462s
    [osimulator] (1x4096x288) @ (288x32) input=uint8 ... done (14.4s)
    [osimulator] (1x1024x288) @ (288x64) input=uint8 ... done (4.3s)
    [osimulator] (1x1024x576) @ (576x64) input=uint8 ... done (6.3s)
    [osimulator] (1x256x576) @ (576x128) input=uint8 ... done (6.6s)
    [osimulator] (1x256x1152) @ (1152x128) input=uint8 ... done (8.6s)
    [osimulator] (1x1x8192) @ (8192x256) input=uint8 ... done (3.8s)
    [osimulator] (1x1x256) @ (256x10) input=uint8 ... done (0.0s)
  [Model 1 Phase4 v3 INT8 (变体 A) optic]   62/650 (  9.5%) acc=98.39%  elapsed=2992s  ETA=28373s
    [osimulator] (1x4096x288) @ (288x32) input=uint8 ... done (14.5s)
    [osimulator] (1x1024x288) @ (288x64) input=uint8 ... done (4.3s)
    [osimulator] (1x1024x576) @ (576x64) input=uint8 ... done (6.4s)
    [osimulator] (1x256x576) @ (576x128) input=uint8 ... done (6.4s)
    [osimulator] (1x256x1152) @ (1152x128) input=uint8 ... done (8.6s)
    [osimulator] (1x1x8192) @ (8192x256) input=uint8 ... done (3.7s)
    [osimulator] (1x1x256) @ (256x10) input=uint8 ... done (0.0s)
  [Model 1 Phase4 v3 INT8 (变体 A) optic]   63/650 (  9.7%) acc=98.41%  elapsed=3036s  ETA=28284s
    [osimulator] (1x4096x288) @ (288x32) input=uint8 ... done (16.2s)
    [osimulator] (1x1024x288) @ (288x64) input=uint8 ... done (4.3s)
    [osimulator] (1x1024x576) @ (576x64) input=uint8 ... done (6.3s)
    [osimulator] (1x256x576) @ (576x128) input=uint8 ... done (6.4s)
    [osimulator] (1x256x1152) @ (1152x128) input=uint8 ... done (8.6s)
    [osimulator] (1x1x8192) @ (8192x256) input=uint8 ... done (3.6s)
    [osimulator] (1x1x256) @ (256x10) input=uint8 ... done (0.0s)
  [Model 1 Phase4 v3 INT8 (变体 A) optic]   64/650 (  9.8%) acc=98.44%  elapsed=3081s  ETA=28211s
    [osimulator] (1x4096x288) @ (288x32) input=uint8 ... done (14.5s)
    [osimulator] (1x1024x288) @ (288x64) input=uint8 ... done (4.3s)
    [osimulator] (1x1024x576) @ (576x64) input=uint8 ... done (6.4s)
    [osimulator] (1x256x576) @ (576x128) input=uint8 ... done (6.9s)
    [osimulator] (1x256x1152) @ (1152x128) input=uint8 ... done (8.6s)
    [osimulator] (1x1x8192) @ (8192x256) input=uint8 ... done (3.7s)
    [osimulator] (1x1x256) @ (256x10) input=uint8 ... done (0.0s)
  [Model 1 Phase4 v3 INT8 (变体 A) optic]   65/650 ( 10.0%) acc=98.46%  elapsed=3126s  ETA=28130s
    [osimulator] (1x4096x288) @ (288x32) input=uint8 ... done (18.8s)
    [osimulator] (1x1024x288) @ (288x64) input=uint8 ... done (4.4s)
    [osimulator] (1x1024x576) @ (576x64) input=uint8 ... done (6.3s)
    [osimulator] (1x256x576) @ (576x128) input=uint8 ... done (6.5s)
    [osimulator] (1x256x1152) @ (1152x128) input=uint8 ... done (8.7s)
    [osimulator] (1x1x8192) @ (8192x256) input=uint8 ... done (3.8s)
    [osimulator] (1x1x256) @ (256x10) input=uint8 ... done (0.0s)
  [Model 1 Phase4 v3 INT8 (变体 A) optic]   66/650 ( 10.2%) acc=98.48%  elapsed=3174s  ETA=28086s
    [osimulator] (1x4096x288) @ (288x32) input=uint8 ... done (13.5s)
    [osimulator] (1x1024x288) @ (288x64) input=uint8 ... done (4.3s)
    [osimulator] (1x1024x576) @ (576x64) input=uint8 ... done (6.4s)
    [osimulator] (1x256x576) @ (576x128) input=uint8 ... done (6.4s)
    [osimulator] (1x256x1152) @ (1152x128) input=uint8 ... done (8.6s)
    [osimulator] (1x1x8192) @ (8192x256) input=uint8 ... done (3.5s)
    [osimulator] (1x1x256) @ (256x10) input=uint8 ... done (0.0s)
  [Model 1 Phase4 v3 INT8 (变体 A) optic]   67/650 ( 10.3%) acc=98.51%  elapsed=3217s  ETA=27991s
    [osimulator] (1x4096x288) @ (288x32) input=uint8 ... done (16.5s)
    [osimulator] (1x1024x288) @ (288x64) input=uint8 ... done (4.3s)
    [osimulator] (1x1024x576) @ (576x64) input=uint8 ... done (6.3s)
    [osimulator] (1x256x576) @ (576x128) input=uint8 ... done (6.6s)
    [osimulator] (1x256x1152) @ (1152x128) input=uint8 ... done (8.6s)
    [osimulator] (1x1x8192) @ (8192x256) input=uint8 ... done (3.5s)
    [osimulator] (1x1x256) @ (256x10) input=uint8 ... done (0.0s)
  [Model 1 Phase4 v3 INT8 (变体 A) optic]   68/650 ( 10.5%) acc=98.53%  elapsed=3263s  ETA=27924s
    [osimulator] (1x4096x288) @ (288x32) input=uint8 ... done (20.1s)
    [osimulator] (1x1024x288) @ (288x64) input=uint8 ... done (4.4s)
    [osimulator] (1x1024x576) @ (576x64) input=uint8 ... done (7.4s)
    [osimulator] (1x256x576) @ (576x128) input=uint8 ... done (6.4s)
    [osimulator] (1x256x1152) @ (1152x128) input=uint8 ... done (8.6s)
    [osimulator] (1x1x8192) @ (8192x256) input=uint8 ... done (3.7s)
    [osimulator] (1x1x256) @ (256x10) input=uint8 ... done (0.0s)
  [Model 1 Phase4 v3 INT8 (变体 A) optic]   69/650 ( 10.6%) acc=98.55%  elapsed=3313s  ETA=27898s
    [osimulator] (1x4096x288) @ (288x32) input=uint8 ... done (18.8s)
    [osimulator] (1x1024x288) @ (288x64) input=uint8 ... done (4.3s)
    [osimulator] (1x1024x576) @ (576x64) input=uint8 ... done (11.9s)
    [osimulator] (1x256x576) @ (576x128) input=uint8 ... done (6.5s)
    [osimulator] (1x256x1152) @ (1152x128) input=uint8 ... done (8.6s)
    [osimulator] (1x1x8192) @ (8192x256) input=uint8 ... done (3.5s)
    [osimulator] (1x1x256) @ (256x10) input=uint8 ... done (0.0s)
  [Model 1 Phase4 v3 INT8 (变体 A) optic]   70/650 ( 10.8%) acc=98.57%  elapsed=3367s  ETA=27897s
    [osimulator] (1x4096x288) @ (288x32) input=uint8 ... done (21.5s)
    [osimulator] (1x1024x288) @ (288x64) input=uint8 ... done (4.3s)
    [osimulator] (1x1024x576) @ (576x64) input=uint8 ... done (11.9s)
    [osimulator] (1x256x576) @ (576x128) input=uint8 ... done (6.6s)
    [osimulator] (1x256x1152) @ (1152x128) input=uint8 ... done (8.5s)
    [osimulator] (1x1x8192) @ (8192x256) input=uint8 ... done (3.6s)
    [osimulator] (1x1x256) @ (256x10) input=uint8 ... done (0.0s)
  [Model 1 Phase4 v3 INT8 (变体 A) optic]   71/650 ( 10.9%) acc=98.59%  elapsed=3423s  ETA=27917s
    [osimulator] (1x4096x288) @ (288x32) input=uint8 ... done (19.8s)
    [osimulator] (1x1024x288) @ (288x64) input=uint8 ... done (4.3s)
    [osimulator] (1x1024x576) @ (576x64) input=uint8 ... done (6.7s)
    [osimulator] (1x256x576) @ (576x128) input=uint8 ... done (6.6s)
    [osimulator] (1x256x1152) @ (1152x128) input=uint8 ... done (8.6s)
    [osimulator] (1x1x8192) @ (8192x256) input=uint8 ... done (3.8s)
    [osimulator] (1x1x256) @ (256x10) input=uint8 ... done (0.0s)
  [Model 1 Phase4 v3 INT8 (变体 A) optic]   72/650 ( 11.1%) acc=98.61%  elapsed=3473s  ETA=27882s
    [osimulator] (1x4096x288) @ (288x32) input=uint8 ... done (19.9s)
    [osimulator] (1x1024x288) @ (288x64) input=uint8 ... done (4.3s)
    [osimulator] (1x1024x576) @ (576x64) input=uint8 ... done (11.7s)
    [osimulator] (1x256x576) @ (576x128) input=uint8 ... done (6.6s)
    [osimulator] (1x256x1152) @ (1152x128) input=uint8 ... done (8.5s)
    [osimulator] (1x1x8192) @ (8192x256) input=uint8 ... done (3.8s)
    [osimulator] (1x1x256) @ (256x10) input=uint8 ... done (0.0s)
  [Model 1 Phase4 v3 INT8 (变体 A) optic]   73/650 ( 11.2%) acc=98.63%  elapsed=3528s  ETA=27886s
    [osimulator] (1x4096x288) @ (288x32) input=uint8 ... done (20.2s)
    [osimulator] (1x1024x288) @ (288x64) input=uint8 ... done (4.4s)
    [osimulator] (1x1024x576) @ (576x64) input=uint8 ... done (6.5s)
    [osimulator] (1x256x576) @ (576x128) input=uint8 ... done (6.4s)
    [osimulator] (1x256x1152) @ (1152x128) input=uint8 ... done (8.7s)
    [osimulator] (1x1x8192) @ (8192x256) input=uint8 ... done (3.8s)
    [osimulator] (1x1x256) @ (256x10) input=uint8 ... done (0.0s)
  [Model 1 Phase4 v3 INT8 (变体 A) optic]   74/650 ( 11.4%) acc=98.65%  elapsed=3578s  ETA=27851s
    [osimulator] (1x4096x288) @ (288x32) input=uint8 ... done (19.7s)
    [osimulator] (1x1024x288) @ (288x64) input=uint8 ... done (4.3s)
    [osimulator] (1x1024x576) @ (576x64) input=uint8 ... done (7.3s)
    [osimulator] (1x256x576) @ (576x128) input=uint8 ... done (6.6s)
    [osimulator] (1x256x1152) @ (1152x128) input=uint8 ... done (8.5s)
    [osimulator] (1x1x8192) @ (8192x256) input=uint8 ... done (3.5s)
    [osimulator] (1x1x256) @ (256x10) input=uint8 ... done (0.0s)
  [Model 1 Phase4 v3 INT8 (变体 A) optic]   75/650 ( 11.5%) acc=98.67%  elapsed=3628s  ETA=27816s
    [osimulator] (1x4096x288) @ (288x32) input=uint8 ... done (19.5s)
    [osimulator] (1x1024x288) @ (288x64) input=uint8 ... done (4.3s)
    [osimulator] (1x1024x576) @ (576x64) input=uint8 ... done (8.5s)
    [osimulator] (1x256x576) @ (576x128) input=uint8 ... done (6.7s)
    [osimulator] (1x256x1152) @ (1152x128) input=uint8 ... done (8.8s)
    [osimulator] (1x1x8192) @ (8192x256) input=uint8 ... done (3.7s)
    [osimulator] (1x1x256) @ (256x10) input=uint8 ... done (0.0s)
  [Model 1 Phase4 v3 INT8 (变体 A) optic]   76/650 ( 11.7%) acc=98.68%  elapsed=3680s  ETA=27792s
    [osimulator] (1x4096x288) @ (288x32) input=uint8 ... done (19.3s)
    [osimulator] (1x1024x288) @ (288x64) input=uint8 ... done (4.4s)
    [osimulator] (1x1024x576) @ (576x64) input=uint8 ... done (11.2s)
    [osimulator] (1x256x576) @ (576x128) input=uint8 ... done (6.4s)
    [osimulator] (1x256x1152) @ (1152x128) input=uint8 ... done (8.6s)
    [osimulator] (1x1x8192) @ (8192x256) input=uint8 ... done (3.8s)
    [osimulator] (1x1x256) @ (256x10) input=uint8 ... done (0.0s)
  [Model 1 Phase4 v3 INT8 (变体 A) optic]   77/650 ( 11.8%) acc=98.70%  elapsed=3734s  ETA=27783s
    [osimulator] (1x4096x288) @ (288x32) input=uint8 ... done (20.1s)
    [osimulator] (1x1024x288) @ (288x64) input=uint8 ... done (4.3s)
    [osimulator] (1x1024x576) @ (576x64) input=uint8 ... done (7.4s)
    [osimulator] (1x256x576) @ (576x128) input=uint8 ... done (6.5s)
    [osimulator] (1x256x1152) @ (1152x128) input=uint8 ... done (8.6s)
    [osimulator] (1x1x8192) @ (8192x256) input=uint8 ... done (3.8s)
    [osimulator] (1x1x256) @ (256x10) input=uint8 ... done (0.0s)
  [Model 1 Phase4 v3 INT8 (变体 A) optic]   78/650 ( 12.0%) acc=98.72%  elapsed=3784s  ETA=27750s
    [osimulator] (1x4096x288) @ (288x32) input=uint8 ... done (19.7s)
    [osimulator] (1x1024x288) @ (288x64) input=uint8 ... done (4.3s)
    [osimulator] (1x1024x576) @ (576x64) input=uint8 ... done (6.6s)
    [osimulator] (1x256x576) @ (576x128) input=uint8 ... done (6.5s)
    [osimulator] (1x256x1152) @ (1152x128) input=uint8 ... done (8.5s)
    [osimulator] (1x1x8192) @ (8192x256) input=uint8 ... done (3.8s)
    [osimulator] (1x1x256) @ (256x10) input=uint8 ... done (0.0s)
  [Model 1 Phase4 v3 INT8 (变体 A) optic]   79/650 ( 12.2%) acc=98.73%  elapsed=3834s  ETA=27708s
    [osimulator] (1x4096x288) @ (288x32) input=uint8 ... done (22.0s)
    [osimulator] (1x1024x288) @ (288x64) input=uint8 ... done (4.4s)
    [osimulator] (1x1024x576) @ (576x64) input=uint8 ... done (11.0s)
    [osimulator] (1x256x576) @ (576x128) input=uint8 ... done (6.4s)
    [osimulator] (1x256x1152) @ (1152x128) input=uint8 ... done (8.6s)
    [osimulator] (1x1x8192) @ (8192x256) input=uint8 ... done (3.6s)
    [osimulator] (1x1x256) @ (256x10) input=uint8 ... done (0.0s)
  [Model 1 Phase4 v3 INT8 (变体 A) optic]   80/650 ( 12.3%) acc=98.75%  elapsed=3890s  ETA=27713s
    [osimulator] (1x4096x288) @ (288x32) input=uint8 ... done (16.8s)
    [osimulator] (1x1024x288) @ (288x64) input=uint8 ... done (4.3s)
    [osimulator] (1x1024x576) @ (576x64) input=uint8 ... done (6.4s)
    [osimulator] (1x256x576) @ (576x128) input=uint8 ... done (6.6s)
    [osimulator] (1x256x1152) @ (1152x128) input=uint8 ... done (8.5s)
    [osimulator] (1x1x8192) @ (8192x256) input=uint8 ... done (3.9s)
    [osimulator] (1x1x256) @ (256x10) input=uint8 ... done (0.0s)
  [Model 1 Phase4 v3 INT8 (变体 A) optic]   81/650 ( 12.5%) acc=98.77%  elapsed=3936s  ETA=27650s
    [osimulator] (1x4096x288) @ (288x32) input=uint8 ... done (19.4s)
    [osimulator] (1x1024x288) @ (288x64) input=uint8 ... done (5.5s)
    [osimulator] (1x1024x576) @ (576x64) input=uint8 ... done (9.8s)
    [osimulator] (1x256x576) @ (576x128) input=uint8 ... done (6.5s)
    [osimulator] (1x256x1152) @ (1152x128) input=uint8 ... done (8.6s)
    [osimulator] (1x1x8192) @ (8192x256) input=uint8 ... done (3.8s)
    [osimulator] (1x1x256) @ (256x10) input=uint8 ... done (0.0s)
  [Model 1 Phase4 v3 INT8 (变体 A) optic]   82/650 ( 12.6%) acc=98.78%  elapsed=3990s  ETA=27636s
    [osimulator] (1x4096x288) @ (288x32) input=uint8 ... done (19.5s)
    [osimulator] (1x1024x288) @ (288x64) input=uint8 ... done (4.3s)
    [osimulator] (1x1024x576) @ (576x64) input=uint8 ... done (9.7s)
    [osimulator] (1x256x576) @ (576x128) input=uint8 ... done (6.4s)
    [osimulator] (1x256x1152) @ (1152x128) input=uint8 ... done (8.5s)
    [osimulator] (1x1x8192) @ (8192x256) input=uint8 ... done (3.7s)
    [osimulator] (1x1x256) @ (256x10) input=uint8 ... done (0.0s)
  [Model 1 Phase4 v3 INT8 (变体 A) optic]   83/650 ( 12.8%) acc=98.80%  elapsed=4042s  ETA=27612s
    [osimulator] (1x4096x288) @ (288x32) input=uint8 ... done (19.6s)
    [osimulator] (1x1024x288) @ (288x64) input=uint8 ... done (4.7s)
    [osimulator] (1x1024x576) @ (576x64) input=uint8 ... done (9.5s)
    [osimulator] (1x256x576) @ (576x128) input=uint8 ... done (6.4s)
    [osimulator] (1x256x1152) @ (1152x128) input=uint8 ... done (8.5s)
    [osimulator] (1x1x8192) @ (8192x256) input=uint8 ... done (3.6s)
    [osimulator] (1x1x256) @ (256x10) input=uint8 ... done (0.0s)
  [Model 1 Phase4 v3 INT8 (变体 A) optic]   84/650 ( 12.9%) acc=98.81%  elapsed=4094s  ETA=27588s
    [osimulator] (1x4096x288) @ (288x32) input=uint8 ... done (19.5s)
    [osimulator] (1x1024x288) @ (288x64) input=uint8 ... done (7.2s)
    [osimulator] (1x1024x576) @ (576x64) input=uint8 ... done (7.6s)
    [osimulator] (1x256x576) @ (576x128) input=uint8 ... done (6.6s)
    [osimulator] (1x256x1152) @ (1152x128) input=uint8 ... done (8.6s)
    [osimulator] (1x1x8192) @ (8192x256) input=uint8 ... done (3.6s)
    [osimulator] (1x1x256) @ (256x10) input=uint8 ... done (0.0s)
  [Model 1 Phase4 v3 INT8 (变体 A) optic]   85/650 ( 13.1%) acc=98.82%  elapsed=4148s  ETA=27569s
    [osimulator] (1x4096x288) @ (288x32) input=uint8 ... done (19.1s)
    [osimulator] (1x1024x288) @ (288x64) input=uint8 ... done (4.4s)
    [osimulator] (1x1024x576) @ (576x64) input=uint8 ... done (6.5s)
    [osimulator] (1x256x576) @ (576x128) input=uint8 ... done (6.4s)
    [osimulator] (1x256x1152) @ (1152x128) input=uint8 ... done (8.6s)
    [osimulator] (1x1x8192) @ (8192x256) input=uint8 ... done (3.6s)
    [osimulator] (1x1x256) @ (256x10) input=uint8 ... done (0.0s)
  [Model 1 Phase4 v3 INT8 (变体 A) optic]   86/650 ( 13.2%) acc=98.84%  elapsed=4196s  ETA=27519s
    [osimulator] (1x4096x288) @ (288x32) input=uint8 ... done (14.7s)
    [osimulator] (1x1024x288) @ (288x64) input=uint8 ... done (4.5s)
    [osimulator] (1x1024x576) @ (576x64) input=uint8 ... done (12.2s)
    [osimulator] (1x256x576) @ (576x128) input=uint8 ... done (6.4s)
    [osimulator] (1x256x1152) @ (1152x128) input=uint8 ... done (8.6s)
    [osimulator] (1x1x8192) @ (8192x256) input=uint8 ... done (3.7s)
    [osimulator] (1x1x256) @ (256x10) input=uint8 ... done (0.0s)
  [Model 1 Phase4 v3 INT8 (变体 A) optic]   87/650 ( 13.4%) acc=98.85%  elapsed=4246s  ETA=27479s
    [osimulator] (1x4096x288) @ (288x32) input=uint8 ... done (19.4s)
    [osimulator] (1x1024x288) @ (288x64) input=uint8 ... done (4.3s)
    [osimulator] (1x1024x576) @ (576x64) input=uint8 ... done (6.6s)
    [osimulator] (1x256x576) @ (576x128) input=uint8 ... done (6.5s)
    [osimulator] (1x256x1152) @ (1152x128) input=uint8 ... done (8.7s)
    [osimulator] (1x1x8192) @ (8192x256) input=uint8 ... done (3.5s)
    [osimulator] (1x1x256) @ (256x10) input=uint8 ... done (0.0s)
  [Model 1 Phase4 v3 INT8 (变体 A) optic]   88/650 ( 13.5%) acc=98.86%  elapsed=4295s  ETA=27432s
    [osimulator] (1x4096x288) @ (288x32) input=uint8 ... done (20.0s)
    [osimulator] (1x1024x288) @ (288x64) input=uint8 ... done (4.3s)
    [osimulator] (1x1024x576) @ (576x64) input=uint8 ... done (12.3s)
    [osimulator] (1x256x576) @ (576x128) input=uint8 ... done (6.5s)
    [osimulator] (1x256x1152) @ (1152x128) input=uint8 ... done (8.7s)
    [osimulator] (1x1x8192) @ (8192x256) input=uint8 ... done (3.8s)
    [osimulator] (1x1x256) @ (256x10) input=uint8 ... done (0.0s)
  [Model 1 Phase4 v3 INT8 (变体 A) optic]   89/650 ( 13.7%) acc=98.88%  elapsed=4351s  ETA=27426s
    [osimulator] (1x4096x288) @ (288x32) input=uint8 ... done (19.8s)
    [osimulator] (1x1024x288) @ (288x64) input=uint8 ... done (4.3s)
    [osimulator] (1x1024x576) @ (576x64) input=uint8 ... done (6.6s)
    [osimulator] (1x256x576) @ (576x128) input=uint8 ... done (6.4s)
    [osimulator] (1x256x1152) @ (1152x128) input=uint8 ... done (8.6s)
    [osimulator] (1x1x8192) @ (8192x256) input=uint8 ... done (3.7s)
    [osimulator] (1x1x256) @ (256x10) input=uint8 ... done (0.0s)
  [Model 1 Phase4 v3 INT8 (变体 A) optic]   90/650 ( 13.8%) acc=98.89%  elapsed=4401s  ETA=27381s
    [osimulator] (1x4096x288) @ (288x32) input=uint8 ... done (21.6s)
    [osimulator] (1x1024x288) @ (288x64) input=uint8 ... done (4.3s)
    [osimulator] (1x1024x576) @ (576x64) input=uint8 ... done (8.8s)
    [osimulator] (1x256x576) @ (576x128) input=uint8 ... done (6.4s)
    [osimulator] (1x256x1152) @ (1152x128) input=uint8 ... done (8.5s)
    [osimulator] (1x1x8192) @ (8192x256) input=uint8 ... done (3.7s)
    [osimulator] (1x1x256) @ (256x10) input=uint8 ... done (0.0s)
  [Model 1 Phase4 v3 INT8 (变体 A) optic]   91/650 ( 14.0%) acc=98.90%  elapsed=4454s  ETA=27360s
    [osimulator] (1x4096x288) @ (288x32) input=uint8 ... done (18.9s)
    [osimulator] (1x1024x288) @ (288x64) input=uint8 ... done (4.3s)
    [osimulator] (1x1024x576) @ (576x64) input=uint8 ... done (7.3s)
    [osimulator] (1x256x576) @ (576x128) input=uint8 ... done (6.5s)
    [osimulator] (1x256x1152) @ (1152x128) input=uint8 ... done (8.7s)
    [osimulator] (1x1x8192) @ (8192x256) input=uint8 ... done (3.5s)
    [osimulator] (1x1x256) @ (256x10) input=uint8 ... done (0.0s)
  [Model 1 Phase4 v3 INT8 (变体 A) optic]   92/650 ( 14.2%) acc=98.91%  elapsed=4503s  ETA=27313s
    [osimulator] (1x4096x288) @ (288x32) input=uint8 ... done (19.8s)
    [osimulator] (1x1024x288) @ (288x64) input=uint8 ... done (4.3s)
    [osimulator] (1x1024x576) @ (576x64) input=uint8 ... done (9.8s)
    [osimulator] (1x256x576) @ (576x128) input=uint8 ... done (6.9s)
    [osimulator] (1x256x1152) @ (1152x128) input=uint8 ... done (8.7s)
    [osimulator] (1x1x8192) @ (8192x256) input=uint8 ... done (3.6s)
    [osimulator] (1x1x256) @ (256x10) input=uint8 ... done (0.0s)
  [Model 1 Phase4 v3 INT8 (变体 A) optic]   93/650 ( 14.3%) acc=98.92%  elapsed=4556s  ETA=27289s
    [osimulator] (1x4096x288) @ (288x32) input=uint8 ... done (19.6s)
    [osimulator] (1x1024x288) @ (288x64) input=uint8 ... done (4.3s)
    [osimulator] (1x1024x576) @ (576x64) input=uint8 ... done (9.5s)
    [osimulator] (1x256x576) @ (576x128) input=uint8 ... done (6.5s)
    [osimulator] (1x256x1152) @ (1152x128) input=uint8 ... done (8.6s)
    [osimulator] (1x1x8192) @ (8192x256) input=uint8 ... done (3.6s)
    [osimulator] (1x1x256) @ (256x10) input=uint8 ... done (0.0s)
  [Model 1 Phase4 v3 INT8 (变体 A) optic]   94/650 ( 14.5%) acc=98.94%  elapsed=4609s  ETA=27259s
    [osimulator] (1x4096x288) @ (288x32) input=uint8 ... done (20.3s)
    [osimulator] (1x1024x288) @ (288x64) input=uint8 ... done (4.3s)
    [osimulator] (1x1024x576) @ (576x64) input=uint8 ... done (12.3s)
    [osimulator] (1x256x576) @ (576x128) input=uint8 ... done (6.5s)
    [osimulator] (1x256x1152) @ (1152x128) input=uint8 ... done (8.7s)
    [osimulator] (1x1x8192) @ (8192x256) input=uint8 ... done (3.6s)
    [osimulator] (1x1x256) @ (256x10) input=uint8 ... done (0.0s)
  [Model 1 Phase4 v3 INT8 (变体 A) optic]   95/650 ( 14.6%) acc=98.95%  elapsed=4664s  ETA=27249s
    [osimulator] (1x4096x288) @ (288x32) input=uint8 ... done (19.6s)
    [osimulator] (1x1024x288) @ (288x64) input=uint8 ... done (4.4s)
    [osimulator] (1x1024x576) @ (576x64) input=uint8 ... done (10.2s)
    [osimulator] (1x256x576) @ (576x128) input=uint8 ... done (6.4s)
    [osimulator] (1x256x1152) @ (1152x128) input=uint8 ... done (8.6s)
    [osimulator] (1x1x8192) @ (8192x256) input=uint8 ... done (3.6s)
    [osimulator] (1x1x256) @ (256x10) input=uint8 ... done (0.0s)
  [Model 1 Phase4 v3 INT8 (变体 A) optic]   96/650 ( 14.8%) acc=98.96%  elapsed=4717s  ETA=27221s
    [osimulator] (1x4096x288) @ (288x32) input=uint8 ... done (19.5s)
    [osimulator] (1x1024x288) @ (288x64) input=uint8 ... done (4.2s)
    [osimulator] (1x1024x576) @ (576x64) input=uint8 ... done (6.3s)
    [osimulator] (1x256x576) @ (576x128) input=uint8 ... done (6.5s)
    [osimulator] (1x256x1152) @ (1152x128) input=uint8 ... done (8.6s)
    [osimulator] (1x1x8192) @ (8192x256) input=uint8 ... done (3.5s)
    [osimulator] (1x1x256) @ (256x10) input=uint8 ... done (0.0s)
  [Model 1 Phase4 v3 INT8 (变体 A) optic]   97/650 ( 14.9%) acc=98.97%  elapsed=4766s  ETA=27170s
    [osimulator] (1x4096x288) @ (288x32) input=uint8 ... done (19.4s)
    [osimulator] (1x1024x288) @ (288x64) input=uint8 ... done (4.3s)
    [osimulator] (1x1024x576) @ (576x64) input=uint8 ... done (6.3s)
    [osimulator] (1x256x576) @ (576x128) input=uint8 ... done (6.5s)
    [osimulator] (1x256x1152) @ (1152x128) input=uint8 ... done (8.6s)
    [osimulator] (1x1x8192) @ (8192x256) input=uint8 ... done (3.7s)
    [osimulator] (1x1x256) @ (256x10) input=uint8 ... done (0.0s)
  [Model 1 Phase4 v3 INT8 (变体 A) optic]   98/650 ( 15.1%) acc=98.98%  elapsed=4815s  ETA=27119s
    [osimulator] (1x4096x288) @ (288x32) input=uint8 ... done (18.7s)
    [osimulator] (1x1024x288) @ (288x64) input=uint8 ... done (4.3s)
    [osimulator] (1x1024x576) @ (576x64) input=uint8 ... done (6.3s)
    [osimulator] (1x256x576) @ (576x128) input=uint8 ... done (6.3s)
    [osimulator] (1x256x1152) @ (1152x128) input=uint8 ... done (8.6s)
    [osimulator] (1x1x8192) @ (8192x256) input=uint8 ... done (3.7s)
    [osimulator] (1x1x256) @ (256x10) input=uint8 ... done (0.0s)
  [Model 1 Phase4 v3 INT8 (变体 A) optic]   99/650 ( 15.2%) acc=98.99%  elapsed=4862s  ETA=27063s
    [osimulator] (1x4096x288) @ (288x32) input=uint8 ... done (17.8s)
    [osimulator] (1x1024x288) @ (288x64) input=uint8 ... done (4.3s)
    [osimulator] (1x1024x576) @ (576x64) input=uint8 ... done (6.3s)
    [osimulator] (1x256x576) @ (576x128) input=uint8 ... done (6.5s)
    [osimulator] (1x256x1152) @ (1152x128) input=uint8 ... done (8.6s)
    [osimulator] (1x1x8192) @ (8192x256) input=uint8 ... done (3.5s)
    [osimulator] (1x1x256) @ (256x10) input=uint8 ... done (0.0s)
  [Model 1 Phase4 v3 INT8 (变体 A) optic]  100/650 ( 15.4%) acc=99.00%  elapsed=4909s  ETA=27002s
    [osimulator] (1x4096x288) @ (288x32) input=uint8 ... done (16.1s)
    [osimulator] (1x1024x288) @ (288x64) input=uint8 ... done (4.3s)
    [osimulator] (1x1024x576) @ (576x64) input=uint8 ... done (6.2s)
    [osimulator] (1x256x576) @ (576x128) input=uint8 ... done (6.4s)
    [osimulator] (1x256x1152) @ (1152x128) input=uint8 ... done (8.6s)
    [osimulator] (1x1x8192) @ (8192x256) input=uint8 ... done (3.7s)
    [osimulator] (1x1x256) @ (256x10) input=uint8 ... done (0.0s)
  [Model 1 Phase4 v3 INT8 (变体 A) optic]  101/650 ( 15.5%) acc=99.01%  elapsed=4955s  ETA=26932s
    [osimulator] (1x4096x288) @ (288x32) input=uint8 ... done (20.0s)
    [osimulator] (1x1024x288) @ (288x64) input=uint8 ... done (4.3s)
    [osimulator] (1x1024x576) @ (576x64) input=uint8 ... done (10.3s)
    [osimulator] (1x256x576) @ (576x128) input=uint8 ... done (6.5s)
    [osimulator] (1x256x1152) @ (1152x128) input=uint8 ... done (8.6s)
    [osimulator] (1x1x8192) @ (8192x256) input=uint8 ... done (3.7s)
    [osimulator] (1x1x256) @ (256x10) input=uint8 ... done (0.0s)
  [Model 1 Phase4 v3 INT8 (变体 A) optic]  102/650 ( 15.7%) acc=98.04%  elapsed=5008s  ETA=26907s
    [osimulator] (1x4096x288) @ (288x32) input=uint8 ... done (20.3s)
    [osimulator] (1x1024x288) @ (288x64) input=uint8 ... done (4.2s)
    [osimulator] (1x1024x576) @ (576x64) input=uint8 ... done (7.2s)
    [osimulator] (1x256x576) @ (576x128) input=uint8 ... done (6.5s)
    [osimulator] (1x256x1152) @ (1152x128) input=uint8 ... done (8.7s)
    [osimulator] (1x1x8192) @ (8192x256) input=uint8 ... done (3.7s)
    [osimulator] (1x1x256) @ (256x10) input=uint8 ... done (0.0s)
  [Model 1 Phase4 v3 INT8 (变体 A) optic]  103/650 ( 15.8%) acc=98.06%  elapsed=5059s  ETA=26866s
    [osimulator] (1x4096x288) @ (288x32) input=uint8 ... done (19.2s)
    [osimulator] (1x1024x288) @ (288x64) input=uint8 ... done (4.3s)
    [osimulator] (1x1024x576) @ (576x64) input=uint8 ... done (6.7s)
    [osimulator] (1x256x576) @ (576x128) input=uint8 ... done (6.4s)
    [osimulator] (1x256x1152) @ (1152x128) input=uint8 ... done (8.5s)
    [osimulator] (1x1x8192) @ (8192x256) input=uint8 ... done (3.6s)
    [osimulator] (1x1x256) @ (256x10) input=uint8 ... done (0.0s)
  [Model 1 Phase4 v3 INT8 (变体 A) optic]  104/650 ( 16.0%) acc=98.08%  elapsed=5108s  ETA=26816s
    [osimulator] (1x4096x288) @ (288x32) input=uint8 ... done (18.6s)
    [osimulator] (1x1024x288) @ (288x64) input=uint8 ... done (4.3s)
    [osimulator] (1x1024x576) @ (576x64) input=uint8 ... done (9.6s)
    [osimulator] (1x256x576) @ (576x128) input=uint8 ... done (6.8s)
    [osimulator] (1x256x1152) @ (1152x128) input=uint8 ... done (8.6s)
    [osimulator] (1x1x8192) @ (8192x256) input=uint8 ... done (3.7s)
    [osimulator] (1x1x256) @ (256x10) input=uint8 ... done (0.0s)
  [Model 1 Phase4 v3 INT8 (变体 A) optic]  105/650 ( 16.2%) acc=98.10%  elapsed=5159s  ETA=26779s
    [osimulator] (1x4096x288) @ (288x32) input=uint8 ... done (19.6s)
    [osimulator] (1x1024x288) @ (288x64) input=uint8 ... done (4.3s)
    [osimulator] (1x1024x576) @ (576x64) input=uint8 ... done (9.4s)
    [osimulator] (1x256x576) @ (576x128) input=uint8 ... done (6.6s)
    [osimulator] (1x256x1152) @ (1152x128) input=uint8 ... done (8.7s)
    [osimulator] (1x1x8192) @ (8192x256) input=uint8 ... done (3.7s)
    [osimulator] (1x1x256) @ (256x10) input=uint8 ... done (0.0s)
  [Model 1 Phase4 v3 INT8 (变体 A) optic]  106/650 ( 16.3%) acc=98.11%  elapsed=5212s  ETA=26746s
    [osimulator] (1x4096x288) @ (288x32) input=uint8 ... done (19.9s)
    [osimulator] (1x1024x288) @ (288x64) input=uint8 ... done (4.3s)
    [osimulator] (1x1024x576) @ (576x64) input=uint8 ... done (9.3s)
    [osimulator] (1x256x576) @ (576x128) input=uint8 ... done (6.6s)
    [osimulator] (1x256x1152) @ (1152x128) input=uint8 ... done (8.6s)
    [osimulator] (1x1x8192) @ (8192x256) input=uint8 ... done (3.6s)
    [osimulator] (1x1x256) @ (256x10) input=uint8 ... done (0.0s)
  [Model 1 Phase4 v3 INT8 (变体 A) optic]  107/650 ( 16.5%) acc=98.13%  elapsed=5264s  ETA=26714s
    [osimulator] (1x4096x288) @ (288x32) input=uint8 ... done (18.7s)
    [osimulator] (1x1024x288) @ (288x64) input=uint8 ... done (4.2s)
    [osimulator] (1x1024x576) @ (576x64) input=uint8 ... done (9.3s)
    [osimulator] (1x256x576) @ (576x128) input=uint8 ... done (6.4s)
    [osimulator] (1x256x1152) @ (1152x128) input=uint8 ... done (8.5s)
    [osimulator] (1x1x8192) @ (8192x256) input=uint8 ... done (3.7s)
    [osimulator] (1x1x256) @ (256x10) input=uint8 ... done (0.0s)
  [Model 1 Phase4 v3 INT8 (变体 A) optic]  108/650 ( 16.6%) acc=98.15%  elapsed=5315s  ETA=26673s
    [osimulator] (1x4096x288) @ (288x32) input=uint8 ... done (19.0s)
    [osimulator] (1x1024x288) @ (288x64) input=uint8 ... done (4.3s)
    [osimulator] (1x1024x576) @ (576x64) input=uint8 ... done (7.8s)
    [osimulator] (1x256x576) @ (576x128) input=uint8 ... done (6.4s)
    [osimulator] (1x256x1152) @ (1152x128) input=uint8 ... done (8.5s)
    [osimulator] (1x1x8192) @ (8192x256) input=uint8 ... done (3.7s)
    [osimulator] (1x1x256) @ (256x10) input=uint8 ... done (0.0s)
  [Model 1 Phase4 v3 INT8 (变体 A) optic]  109/650 ( 16.8%) acc=98.17%  elapsed=5365s  ETA=26626s
    [osimulator] (1x4096x288) @ (288x32) input=uint8 ... done (17.9s)
    [osimulator] (1x1024x288) @ (288x64) input=uint8 ... done (4.3s)
    [osimulator] (1x1024x576) @ (576x64) input=uint8 ... done (6.3s)
    [osimulator] (1x256x576) @ (576x128) input=uint8 ... done (6.6s)
    [osimulator] (1x256x1152) @ (1152x128) input=uint8 ... done (8.8s)
    [osimulator] (1x1x8192) @ (8192x256) input=uint8 ... done (3.7s)
    [osimulator] (1x1x256) @ (256x10) input=uint8 ... done (0.0s)
  [Model 1 Phase4 v3 INT8 (变体 A) optic]  110/650 ( 16.9%) acc=98.18%  elapsed=5412s  ETA=26569s
    [osimulator] (1x4096x288) @ (288x32) input=uint8 ... done (13.0s)
    [osimulator] (1x1024x288) @ (288x64) input=uint8 ... done (4.3s)
    [osimulator] (1x1024x576) @ (576x64) input=uint8 ... done (6.4s)
    [osimulator] (1x256x576) @ (576x128) input=uint8 ... done (6.6s)
    [osimulator] (1x256x1152) @ (1152x128) input=uint8 ... done (8.8s)
    [osimulator] (1x1x8192) @ (8192x256) input=uint8 ... done (3.9s)
    [osimulator] (1x1x256) @ (256x10) input=uint8 ... done (0.0s)
  [Model 1 Phase4 v3 INT8 (变体 A) optic]  111/650 ( 17.1%) acc=98.20%  elapsed=5455s  ETA=26490s
    [osimulator] (1x4096x288) @ (288x32) input=uint8 ... done (18.3s)
    [osimulator] (1x1024x288) @ (288x64) input=uint8 ... done (4.4s)
    [osimulator] (1x1024x576) @ (576x64) input=uint8 ... done (6.3s)
    [osimulator] (1x256x576) @ (576x128) input=uint8 ... done (6.4s)
    [osimulator] (1x256x1152) @ (1152x128) input=uint8 ... done (8.5s)
    [osimulator] (1x1x8192) @ (8192x256) input=uint8 ... done (3.7s)
    [osimulator] (1x1x256) @ (256x10) input=uint8 ... done (0.0s)
  [Model 1 Phase4 v3 INT8 (变体 A) optic]  112/650 ( 17.2%) acc=98.21%  elapsed=5503s  ETA=26434s
    [osimulator] (1x4096x288) @ (288x32) input=uint8 ... done (18.4s)
    [osimulator] (1x1024x288) @ (288x64) input=uint8 ... done (4.3s)
    [osimulator] (1x1024x576) @ (576x64) input=uint8 ... done (6.4s)
    [osimulator] (1x256x576) @ (576x128) input=uint8 ... done (6.5s)
    [osimulator] (1x256x1152) @ (1152x128) input=uint8 ... done (8.5s)
    [osimulator] (1x1x8192) @ (8192x256) input=uint8 ... done (3.7s)
    [osimulator] (1x1x256) @ (256x10) input=uint8 ... done (0.0s)
  [Model 1 Phase4 v3 INT8 (变体 A) optic]  113/650 ( 17.4%) acc=98.23%  elapsed=5551s  ETA=26379s
    [osimulator] (1x4096x288) @ (288x32) input=uint8 ... done (19.1s)
    [osimulator] (1x1024x288) @ (288x64) input=uint8 ... done (4.4s)
    [osimulator] (1x1024x576) @ (576x64) input=uint8 ... done (6.3s)
    [osimulator] (1x256x576) @ (576x128) input=uint8 ... done (6.6s)
    [osimulator] (1x256x1152) @ (1152x128) input=uint8 ... done (8.6s)
    [osimulator] (1x1x8192) @ (8192x256) input=uint8 ... done (3.6s)
    [osimulator] (1x1x256) @ (256x10) input=uint8 ... done (0.0s)
  [Model 1 Phase4 v3 INT8 (变体 A) optic]  114/650 ( 17.5%) acc=98.25%  elapsed=5599s  ETA=26327s
    [osimulator] (1x4096x288) @ (288x32) input=uint8 ... done (14.0s)
    [osimulator] (1x1024x288) @ (288x64) input=uint8 ... done (4.3s)
    [osimulator] (1x1024x576) @ (576x64) input=uint8 ... done (6.3s)
    [osimulator] (1x256x576) @ (576x128) input=uint8 ... done (6.4s)
    [osimulator] (1x256x1152) @ (1152x128) input=uint8 ... done (8.7s)
    [osimulator] (1x1x8192) @ (8192x256) input=uint8 ... done (3.4s)
    [osimulator] (1x1x256) @ (256x10) input=uint8 ... done (0.0s)
  [Model 1 Phase4 v3 INT8 (变体 A) optic]  115/650 ( 17.7%) acc=98.26%  elapsed=5643s  ETA=26251s
    [osimulator] (1x4096x288) @ (288x32) input=uint8 ... done (13.8s)
    [osimulator] (1x1024x288) @ (288x64) input=uint8 ... done (4.4s)
    [osimulator] (1x1024x576) @ (576x64) input=uint8 ... done (6.3s)
    [osimulator] (1x256x576) @ (576x128) input=uint8 ... done (6.4s)
    [osimulator] (1x256x1152) @ (1152x128) input=uint8 ... done (8.6s)
    [osimulator] (1x1x8192) @ (8192x256) input=uint8 ... done (3.7s)
    [osimulator] (1x1x256) @ (256x10) input=uint8 ... done (0.0s)
  [Model 1 Phase4 v3 INT8 (变体 A) optic]  116/650 ( 17.8%) acc=98.28%  elapsed=5686s  ETA=26175s
    [osimulator] (1x4096x288) @ (288x32) input=uint8 ... done (19.1s)
    [osimulator] (1x1024x288) @ (288x64) input=uint8 ... done (4.4s)
    [osimulator] (1x1024x576) @ (576x64) input=uint8 ... done (7.6s)
    [osimulator] (1x256x576) @ (576x128) input=uint8 ... done (6.5s)
    [osimulator] (1x256x1152) @ (1152x128) input=uint8 ... done (8.6s)
    [osimulator] (1x1x8192) @ (8192x256) input=uint8 ... done (3.6s)
    [osimulator] (1x1x256) @ (256x10) input=uint8 ... done (0.0s)
  [Model 1 Phase4 v3 INT8 (变体 A) optic]  117/650 ( 18.0%) acc=98.29%  elapsed=5736s  ETA=26129s
    [osimulator] (1x4096x288) @ (288x32) input=uint8 ... done (20.4s)
    [osimulator] (1x1024x288) @ (288x64) input=uint8 ... done (4.3s)
    [osimulator] (1x1024x576) @ (576x64) input=uint8 ... done (10.0s)
    [osimulator] (1x256x576) @ (576x128) input=uint8 ... done (6.5s)
    [osimulator] (1x256x1152) @ (1152x128) input=uint8 ... done (8.6s)
    [osimulator] (1x1x8192) @ (8192x256) input=uint8 ... done (3.6s)
    [osimulator] (1x1x256) @ (256x10) input=uint8 ... done (0.0s)
  [Model 1 Phase4 v3 INT8 (变体 A) optic]  118/650 ( 18.2%) acc=98.31%  elapsed=5789s  ETA=26100s
    [osimulator] (1x4096x288) @ (288x32) input=uint8 ... done (19.9s)
    [osimulator] (1x1024x288) @ (288x64) input=uint8 ... done (4.4s)
    [osimulator] (1x1024x576) @ (576x64) input=uint8 ... done (8.9s)
    [osimulator] (1x256x576) @ (576x128) input=uint8 ... done (6.4s)
    [osimulator] (1x256x1152) @ (1152x128) input=uint8 ... done (8.4s)
    [osimulator] (1x1x8192) @ (8192x256) input=uint8 ... done (3.7s)
    [osimulator] (1x1x256) @ (256x10) input=uint8 ... done (0.0s)
  [Model 1 Phase4 v3 INT8 (变体 A) optic]  119/650 ( 18.3%) acc=98.32%  elapsed=5841s  ETA=26063s
    [osimulator] (1x4096x288) @ (288x32) input=uint8 ... done (19.5s)
    [osimulator] (1x1024x288) @ (288x64) input=uint8 ... done (4.3s)
    [osimulator] (1x1024x576) @ (576x64) input=uint8 ... done (10.8s)
    [osimulator] (1x256x576) @ (576x128) input=uint8 ... done (6.6s)
    [osimulator] (1x256x1152) @ (1152x128) input=uint8 ... done (8.5s)
    [osimulator] (1x1x8192) @ (8192x256) input=uint8 ... done (3.7s)
    [osimulator] (1x1x256) @ (256x10) input=uint8 ... done (0.0s)
  [Model 1 Phase4 v3 INT8 (变体 A) optic]  120/650 ( 18.5%) acc=98.33%  elapsed=5894s  ETA=26034s
    [osimulator] (1x4096x288) @ (288x32) input=uint8 ... done (19.4s)
    [osimulator] (1x1024x288) @ (288x64) input=uint8 ... done (4.3s)
    [osimulator] (1x1024x576) @ (576x64) input=uint8 ... done (9.6s)
    [osimulator] (1x256x576) @ (576x128) input=uint8 ... done (6.5s)
    [osimulator] (1x256x1152) @ (1152x128) input=uint8 ... done (8.4s)
    [osimulator] (1x1x8192) @ (8192x256) input=uint8 ... done (3.7s)
    [osimulator] (1x1x256) @ (256x10) input=uint8 ... done (0.0s)
  [Model 1 Phase4 v3 INT8 (变体 A) optic]  121/650 ( 18.6%) acc=98.35%  elapsed=5946s  ETA=25997s
    [osimulator] (1x4096x288) @ (288x32) input=uint8 ... done (19.7s)
    [osimulator] (1x1024x288) @ (288x64) input=uint8 ... done (4.6s)
    [osimulator] (1x1024x576) @ (576x64) input=uint8 ... done (11.3s)
    [osimulator] (1x256x576) @ (576x128) input=uint8 ... done (6.5s)
    [osimulator] (1x256x1152) @ (1152x128) input=uint8 ... done (8.6s)
    [osimulator] (1x1x8192) @ (8192x256) input=uint8 ... done (3.7s)
    [osimulator] (1x1x256) @ (256x10) input=uint8 ... done (0.0s)
  [Model 1 Phase4 v3 INT8 (变体 A) optic]  122/650 ( 18.8%) acc=98.36%  elapsed=6001s  ETA=25970s
    [osimulator] (1x4096x288) @ (288x32) input=uint8 ... done (19.6s)
    [osimulator] (1x1024x288) @ (288x64) input=uint8 ... done (5.3s)
    [osimulator] (1x1024x576) @ (576x64) input=uint8 ... done (8.3s)
    [osimulator] (1x256x576) @ (576x128) input=uint8 ... done (6.4s)
    [osimulator] (1x256x1152) @ (1152x128) input=uint8 ... done (8.5s)
    [osimulator] (1x1x8192) @ (8192x256) input=uint8 ... done (3.7s)
    [osimulator] (1x1x256) @ (256x10) input=uint8 ... done (0.0s)
  [Model 1 Phase4 v3 INT8 (变体 A) optic]  123/650 ( 18.9%) acc=98.37%  elapsed=6053s  ETA=25933s
    [osimulator] (1x4096x288) @ (288x32) input=uint8 ... done (19.0s)
    [osimulator] (1x1024x288) @ (288x64) input=uint8 ... done (4.3s)
    [osimulator] (1x1024x576) @ (576x64) input=uint8 ... done (6.4s)
    [osimulator] (1x256x576) @ (576x128) input=uint8 ... done (6.4s)
    [osimulator] (1x256x1152) @ (1152x128) input=uint8 ... done (8.5s)
    [osimulator] (1x1x8192) @ (8192x256) input=uint8 ... done (3.6s)
    [osimulator] (1x1x256) @ (256x10) input=uint8 ... done (0.0s)
  [Model 1 Phase4 v3 INT8 (变体 A) optic]  124/650 ( 19.1%) acc=98.39%  elapsed=6101s  ETA=25879s
    [osimulator] (1x4096x288) @ (288x32) input=uint8 ... done (20.0s)
    [osimulator] (1x1024x288) @ (288x64) input=uint8 ... done (4.3s)
    [osimulator] (1x1024x576) @ (576x64) input=uint8 ... done (10.7s)
    [osimulator] (1x256x576) @ (576x128) input=uint8 ... done (6.7s)
    [osimulator] (1x256x1152) @ (1152x128) input=uint8 ... done (8.7s)
    [osimulator] (1x1x8192) @ (8192x256) input=uint8 ... done (3.6s)
    [osimulator] (1x1x256) @ (256x10) input=uint8 ... done (0.0s)
  [Model 1 Phase4 v3 INT8 (变体 A) optic]  125/650 ( 19.2%) acc=98.40%  elapsed=6155s  ETA=25851s
    [osimulator] (1x4096x288) @ (288x32) input=uint8 ... done (20.3s)
    [osimulator] (1x1024x288) @ (288x64) input=uint8 ... done (4.3s)
    [osimulator] (1x1024x576) @ (576x64) input=uint8 ... done (9.6s)
    [osimulator] (1x256x576) @ (576x128) input=uint8 ... done (6.4s)
    [osimulator] (1x256x1152) @ (1152x128) input=uint8 ... done (8.6s)
    [osimulator] (1x1x8192) @ (8192x256) input=uint8 ... done (3.6s)
    [osimulator] (1x1x256) @ (256x10) input=uint8 ... done (0.0s)
  [Model 1 Phase4 v3 INT8 (变体 A) optic]  126/650 ( 19.4%) acc=98.41%  elapsed=6208s  ETA=25817s
    [osimulator] (1x4096x288) @ (288x32) input=uint8 ... done (19.8s)
    [osimulator] (1x1024x288) @ (288x64) input=uint8 ... done (4.3s)
    [osimulator] (1x1024x576) @ (576x64) input=uint8 ... done (6.5s)
    [osimulator] (1x256x576) @ (576x128) input=uint8 ... done (6.5s)
    [osimulator] (1x256x1152) @ (1152x128) input=uint8 ... done (8.5s)
    [osimulator] (1x1x8192) @ (8192x256) input=uint8 ... done (3.6s)
    [osimulator] (1x1x256) @ (256x10) input=uint8 ... done (0.0s)
  [Model 1 Phase4 v3 INT8 (变体 A) optic]  127/650 ( 19.5%) acc=98.43%  elapsed=6257s  ETA=25767s
    [osimulator] (1x4096x288) @ (288x32) input=uint8 ... done (12.7s)
    [osimulator] (1x1024x288) @ (288x64) input=uint8 ... done (4.3s)
    [osimulator] (1x1024x576) @ (576x64) input=uint8 ... done (6.4s)
    [osimulator] (1x256x576) @ (576x128) input=uint8 ... done (6.5s)
    [osimulator] (1x256x1152) @ (1152x128) input=uint8 ... done (8.6s)
    [osimulator] (1x1x8192) @ (8192x256) input=uint8 ... done (3.7s)
    [osimulator] (1x1x256) @ (256x10) input=uint8 ... done (0.0s)
  [Model 1 Phase4 v3 INT8 (变体 A) optic]  128/650 ( 19.7%) acc=98.44%  elapsed=6299s  ETA=25689s
    [osimulator] (1x4096x288) @ (288x32) input=uint8 ... done (13.4s)
    [osimulator] (1x1024x288) @ (288x64) input=uint8 ... done (4.4s)
    [osimulator] (1x1024x576) @ (576x64) input=uint8 ... done (6.3s)
    [osimulator] (1x256x576) @ (576x128) input=uint8 ... done (6.5s)
    [osimulator] (1x256x1152) @ (1152x128) input=uint8 ... done (8.5s)
    [osimulator] (1x1x8192) @ (8192x256) input=uint8 ... done (3.7s)
    [osimulator] (1x1x256) @ (256x10) input=uint8 ... done (0.0s)
  [Model 1 Phase4 v3 INT8 (变体 A) optic]  129/650 ( 19.8%) acc=98.45%  elapsed=6342s  ETA=25613s
    [osimulator] (1x4096x288) @ (288x32) input=uint8 ... done (13.9s)
    [osimulator] (1x1024x288) @ (288x64) input=uint8 ... done (4.3s)
    [osimulator] (1x1024x576) @ (576x64) input=uint8 ... done (6.3s)
    [osimulator] (1x256x576) @ (576x128) input=uint8 ... done (6.4s)
    [osimulator] (1x256x1152) @ (1152x128) input=uint8 ... done (8.6s)
    [osimulator] (1x1x8192) @ (8192x256) input=uint8 ... done (3.7s)
    [osimulator] (1x1x256) @ (256x10) input=uint8 ... done (0.0s)
  [Model 1 Phase4 v3 INT8 (变体 A) optic]  130/650 ( 20.0%) acc=98.46%  elapsed=6385s  ETA=25541s
    [osimulator] (1x4096x288) @ (288x32) input=uint8 ... done (13.6s)
    [osimulator] (1x1024x288) @ (288x64) input=uint8 ... done (4.2s)
    [osimulator] (1x1024x576) @ (576x64) input=uint8 ... done (6.3s)
    [osimulator] (1x256x576) @ (576x128) input=uint8 ... done (6.3s)
    [osimulator] (1x256x1152) @ (1152x128) input=uint8 ... done (8.6s)
    [osimulator] (1x1x8192) @ (8192x256) input=uint8 ... done (3.5s)
    [osimulator] (1x1x256) @ (256x10) input=uint8 ... done (0.0s)
  [Model 1 Phase4 v3 INT8 (变体 A) optic]  131/650 ( 20.2%) acc=98.47%  elapsed=6428s  ETA=25466s
    [osimulator] (1x4096x288) @ (288x32) input=uint8 ... done (14.4s)
    [osimulator] (1x1024x288) @ (288x64) input=uint8 ... done (4.3s)
    [osimulator] (1x1024x576) @ (576x64) input=uint8 ... done (6.3s)
    [osimulator] (1x256x576) @ (576x128) input=uint8 ... done (6.4s)
    [osimulator] (1x256x1152) @ (1152x128) input=uint8 ... done (8.4s)
    [osimulator] (1x1x8192) @ (8192x256) input=uint8 ... done (3.7s)
    [osimulator] (1x1x256) @ (256x10) input=uint8 ... done (0.0s)
  [Model 1 Phase4 v3 INT8 (变体 A) optic]  132/650 ( 20.3%) acc=98.48%  elapsed=6471s  ETA=25395s
    [osimulator] (1x4096x288) @ (288x32) input=uint8 ... done (13.3s)
    [osimulator] (1x1024x288) @ (288x64) input=uint8 ... done (4.3s)
    [osimulator] (1x1024x576) @ (576x64) input=uint8 ... done (6.2s)
    [osimulator] (1x256x576) @ (576x128) input=uint8 ... done (6.5s)
    [osimulator] (1x256x1152) @ (1152x128) input=uint8 ... done (8.5s)
    [osimulator] (1x1x8192) @ (8192x256) input=uint8 ... done (3.7s)
    [osimulator] (1x1x256) @ (256x10) input=uint8 ... done (0.0s)
  [Model 1 Phase4 v3 INT8 (变体 A) optic]  133/650 ( 20.5%) acc=98.50%  elapsed=6514s  ETA=25321s
    [osimulator] (1x4096x288) @ (288x32) input=uint8 ... done (12.9s)
    [osimulator] (1x1024x288) @ (288x64) input=uint8 ... done (4.3s)
    [osimulator] (1x1024x576) @ (576x64) input=uint8 ... done (6.3s)
    [osimulator] (1x256x576) @ (576x128) input=uint8 ... done (6.3s)
    [osimulator] (1x256x1152) @ (1152x128) input=uint8 ... done (8.6s)
    [osimulator] (1x1x8192) @ (8192x256) input=uint8 ... done (3.6s)
    [osimulator] (1x1x256) @ (256x10) input=uint8 ... done (0.0s)
  [Model 1 Phase4 v3 INT8 (变体 A) optic]  134/650 ( 20.6%) acc=98.51%  elapsed=6556s  ETA=25245s
    [osimulator] (1x4096x288) @ (288x32) input=uint8 ... done (13.2s)
    [osimulator] (1x1024x288) @ (288x64) input=uint8 ... done (4.3s)
    [osimulator] (1x1024x576) @ (576x64) input=uint8 ... done (6.2s)
    [osimulator] (1x256x576) @ (576x128) input=uint8 ... done (6.5s)
    [osimulator] (1x256x1152) @ (1152x128) input=uint8 ... done (8.5s)
    [osimulator] (1x1x8192) @ (8192x256) input=uint8 ... done (3.8s)
    [osimulator] (1x1x256) @ (256x10) input=uint8 ... done (0.0s)
  [Model 1 Phase4 v3 INT8 (变体 A) optic]  135/650 ( 20.8%) acc=98.52%  elapsed=6598s  ETA=25172s
    [osimulator] (1x4096x288) @ (288x32) input=uint8 ... done (12.6s)
    [osimulator] (1x1024x288) @ (288x64) input=uint8 ... done (4.3s)
    [osimulator] (1x1024x576) @ (576x64) input=uint8 ... done (6.3s)
    [osimulator] (1x256x576) @ (576x128) input=uint8 ... done (6.5s)
    [osimulator] (1x256x1152) @ (1152x128) input=uint8 ... done (8.7s)
    [osimulator] (1x1x8192) @ (8192x256) input=uint8 ... done (3.7s)
    [osimulator] (1x1x256) @ (256x10) input=uint8 ... done (0.0s)
  [Model 1 Phase4 v3 INT8 (变体 A) optic]  136/650 ( 20.9%) acc=98.53%  elapsed=6641s  ETA=25097s
    [osimulator] (1x4096x288) @ (288x32) input=uint8 ... done (13.3s)
    [osimulator] (1x1024x288) @ (288x64) input=uint8 ... done (4.3s)
    [osimulator] (1x1024x576) @ (576x64) input=uint8 ... done (6.2s)
    [osimulator] (1x256x576) @ (576x128) input=uint8 ... done (6.3s)
    [osimulator] (1x256x1152) @ (1152x128) input=uint8 ... done (8.5s)
    [osimulator] (1x1x8192) @ (8192x256) input=uint8 ... done (3.7s)
    [osimulator] (1x1x256) @ (256x10) input=uint8 ... done (0.0s)
  [Model 1 Phase4 v3 INT8 (变体 A) optic]  137/650 ( 21.1%) acc=98.54%  elapsed=6683s  ETA=25024s
    [osimulator] (1x4096x288) @ (288x32) input=uint8 ... done (13.1s)
    [osimulator] (1x1024x288) @ (288x64) input=uint8 ... done (4.3s)
    [osimulator] (1x1024x576) @ (576x64) input=uint8 ... done (6.4s)
    [osimulator] (1x256x576) @ (576x128) input=uint8 ... done (6.5s)
    [osimulator] (1x256x1152) @ (1152x128) input=uint8 ... done (8.6s)
    [osimulator] (1x1x8192) @ (8192x256) input=uint8 ... done (3.4s)
    [osimulator] (1x1x256) @ (256x10) input=uint8 ... done (0.0s)
  [Model 1 Phase4 v3 INT8 (变体 A) optic]  138/650 ( 21.2%) acc=98.55%  elapsed=6725s  ETA=24952s
    [osimulator] (1x4096x288) @ (288x32) input=uint8 ... done (19.6s)
    [osimulator] (1x1024x288) @ (288x64) input=uint8 ... done (4.3s)
    [osimulator] (1x1024x576) @ (576x64) input=uint8 ... done (11.5s)
    [osimulator] (1x256x576) @ (576x128) input=uint8 ... done (6.5s)
    [osimulator] (1x256x1152) @ (1152x128) input=uint8 ... done (8.5s)
    [osimulator] (1x1x8192) @ (8192x256) input=uint8 ... done (3.7s)
    [osimulator] (1x1x256) @ (256x10) input=uint8 ... done (0.0s)
  [Model 1 Phase4 v3 INT8 (变体 A) optic]  139/650 ( 21.4%) acc=98.56%  elapsed=6779s  ETA=24923s
    [osimulator] (1x4096x288) @ (288x32) input=uint8 ... done (19.2s)
    [osimulator] (1x1024x288) @ (288x64) input=uint8 ... done (4.4s)
    [osimulator] (1x1024x576) @ (576x64) input=uint8 ... done (6.8s)
    [osimulator] (1x256x576) @ (576x128) input=uint8 ... done (6.5s)
    [osimulator] (1x256x1152) @ (1152x128) input=uint8 ... done (8.5s)
    [osimulator] (1x1x8192) @ (8192x256) input=uint8 ... done (3.6s)
    [osimulator] (1x1x256) @ (256x10) input=uint8 ... done (0.0s)
  [Model 1 Phase4 v3 INT8 (变体 A) optic]  140/650 ( 21.5%) acc=97.86%  elapsed=6828s  ETA=24875s
    [osimulator] (1x4096x288) @ (288x32) input=uint8 ... done (20.3s)
    [osimulator] (1x1024x288) @ (288x64) input=uint8 ... done (4.3s)
    [osimulator] (1x1024x576) @ (576x64) input=uint8 ... done (6.3s)
    [osimulator] (1x256x576) @ (576x128) input=uint8 ... done (6.5s)
    [osimulator] (1x256x1152) @ (1152x128) input=uint8 ... done (8.6s)
    [osimulator] (1x1x8192) @ (8192x256) input=uint8 ... done (3.7s)
    [osimulator] (1x1x256) @ (256x10) input=uint8 ... done (0.0s)
  [Model 1 Phase4 v3 INT8 (变体 A) optic]  141/650 ( 21.7%) acc=97.87%  elapsed=6878s  ETA=24829s
    [osimulator] (1x4096x288) @ (288x32) input=uint8 ... done (21.1s)
    [osimulator] (1x1024x288) @ (288x64) input=uint8 ... done (4.2s)
    [osimulator] (1x1024x576) @ (576x64) input=uint8 ... done (9.5s)
    [osimulator] (1x256x576) @ (576x128) input=uint8 ... done (6.4s)
    [osimulator] (1x256x1152) @ (1152x128) input=uint8 ... done (8.5s)
    [osimulator] (1x1x8192) @ (8192x256) input=uint8 ... done (3.6s)
    [osimulator] (1x1x256) @ (256x10) input=uint8 ... done (0.0s)
  [Model 1 Phase4 v3 INT8 (变体 A) optic]  142/650 ( 21.8%) acc=97.89%  elapsed=6931s  ETA=24797s
    [osimulator] (1x4096x288) @ (288x32) input=uint8 ... done (23.2s)
    [osimulator] (1x1024x288) @ (288x64) input=uint8 ... done (4.3s)
    [osimulator] (1x1024x576) @ (576x64) input=uint8 ... done (9.0s)
    [osimulator] (1x256x576) @ (576x128) input=uint8 ... done (6.4s)
    [osimulator] (1x256x1152) @ (1152x128) input=uint8 ... done (8.5s)
    [osimulator] (1x1x8192) @ (8192x256) input=uint8 ... done (3.6s)
    [osimulator] (1x1x256) @ (256x10) input=uint8 ... done (0.0s)
  [Model 1 Phase4 v3 INT8 (变体 A) optic]  143/650 ( 22.0%) acc=97.90%  elapsed=6986s  ETA=24770s
    [osimulator] (1x4096x288) @ (288x32) input=uint8 ... done (20.2s)
    [osimulator] (1x1024x288) @ (288x64) input=uint8 ... done (4.3s)
    [osimulator] (1x1024x576) @ (576x64) input=uint8 ... done (10.8s)
    [osimulator] (1x256x576) @ (576x128) input=uint8 ... done (6.4s)
    [osimulator] (1x256x1152) @ (1152x128) input=uint8 ... done (8.6s)
    [osimulator] (1x1x8192) @ (8192x256) input=uint8 ... done (3.7s)
    [osimulator] (1x1x256) @ (256x10) input=uint8 ... done (0.0s)
  [Model 1 Phase4 v3 INT8 (变体 A) optic]  144/650 ( 22.2%) acc=97.92%  elapsed=7040s  ETA=24739s
    [osimulator] (1x4096x288) @ (288x32) input=uint8 ... done (18.0s)
    [osimulator] (1x1024x288) @ (288x64) input=uint8 ... done (4.2s)
    [osimulator] (1x1024x576) @ (576x64) input=uint8 ... done (6.2s)
    [osimulator] (1x256x576) @ (576x128) input=uint8 ... done (6.4s)
    [osimulator] (1x256x1152) @ (1152x128) input=uint8 ... done (8.4s)
    [osimulator] (1x1x8192) @ (8192x256) input=uint8 ... done (3.7s)
    [osimulator] (1x1x256) @ (256x10) input=uint8 ... done (0.0s)
  [Model 1 Phase4 v3 INT8 (变体 A) optic]  145/650 ( 22.3%) acc=97.93%  elapsed=7088s  ETA=24684s
    [osimulator] (1x4096x288) @ (288x32) input=uint8 ... done (11.6s)
    [osimulator] (1x1024x288) @ (288x64) input=uint8 ... done (4.3s)
    [osimulator] (1x1024x576) @ (576x64) input=uint8 ... done (6.2s)
    [osimulator] (1x256x576) @ (576x128) input=uint8 ... done (6.4s)
    [osimulator] (1x256x1152) @ (1152x128) input=uint8 ... done (8.6s)
    [osimulator] (1x1x8192) @ (8192x256) input=uint8 ... done (3.6s)
    [osimulator] (1x1x256) @ (256x10) input=uint8 ... done (0.0s)
  [Model 1 Phase4 v3 INT8 (变体 A) optic]  146/650 ( 22.5%) acc=97.95%  elapsed=7128s  ETA=24607s
    [osimulator] (1x4096x288) @ (288x32) input=uint8 ... done (12.2s)
    [osimulator] (1x1024x288) @ (288x64) input=uint8 ... done (4.3s)
    [osimulator] (1x1024x576) @ (576x64) input=uint8 ... done (6.5s)
    [osimulator] (1x256x576) @ (576x128) input=uint8 ... done (6.4s)
    [osimulator] (1x256x1152) @ (1152x128) input=uint8 ... done (8.4s)
    [osimulator] (1x1x8192) @ (8192x256) input=uint8 ... done (3.8s)
    [osimulator] (1x1x256) @ (256x10) input=uint8 ... done (0.0s)
  [Model 1 Phase4 v3 INT8 (变体 A) optic]  147/650 ( 22.6%) acc=97.96%  elapsed=7170s  ETA=24534s
    [osimulator] (1x4096x288) @ (288x32) input=uint8 ... done (10.7s)
    [osimulator] (1x1024x288) @ (288x64) input=uint8 ... done (4.3s)
    [osimulator] (1x1024x576) @ (576x64) input=uint8 ... done (6.5s)
    [osimulator] (1x256x576) @ (576x128) input=uint8 ... done (6.6s)
    [osimulator] (1x256x1152) @ (1152x128) input=uint8 ... done (8.6s)
    [osimulator] (1x1x8192) @ (8192x256) input=uint8 ... done (3.4s)
    [osimulator] (1x1x256) @ (256x10) input=uint8 ... done (0.0s)
  [Model 1 Phase4 v3 INT8 (变体 A) optic]  148/650 ( 22.8%) acc=97.97%  elapsed=7210s  ETA=24455s
    [osimulator] (1x4096x288) @ (288x32) input=uint8 ... done (10.7s)
    [osimulator] (1x1024x288) @ (288x64) input=uint8 ... done (4.3s)
    [osimulator] (1x1024x576) @ (576x64) input=uint8 ... done (6.2s)
    [osimulator] (1x256x576) @ (576x128) input=uint8 ... done (6.4s)
    [osimulator] (1x256x1152) @ (1152x128) input=uint8 ... done (8.5s)
    [osimulator] (1x1x8192) @ (8192x256) input=uint8 ... done (3.6s)
    [osimulator] (1x1x256) @ (256x10) input=uint8 ... done (0.0s)
  [Model 1 Phase4 v3 INT8 (变体 A) optic]  149/650 ( 22.9%) acc=97.99%  elapsed=7250s  ETA=24377s
    [osimulator] (1x4096x288) @ (288x32) input=uint8 ... done (13.3s)
    [osimulator] (1x1024x288) @ (288x64) input=uint8 ... done (4.3s)
    [osimulator] (1x1024x576) @ (576x64) input=uint8 ... done (6.3s)
    [osimulator] (1x256x576) @ (576x128) input=uint8 ... done (6.4s)
    [osimulator] (1x256x1152) @ (1152x128) input=uint8 ... done (8.7s)
    [osimulator] (1x1x8192) @ (8192x256) input=uint8 ... done (3.5s)
    [osimulator] (1x1x256) @ (256x10) input=uint8 ... done (0.0s)
  [Model 1 Phase4 v3 INT8 (变体 A) optic]  150/650 ( 23.1%) acc=98.00%  elapsed=7292s  ETA=24308s
    [osimulator] (1x4096x288) @ (288x32) input=uint8 ... done (18.6s)
    [osimulator] (1x1024x288) @ (288x64) input=uint8 ... done (4.4s)
    [osimulator] (1x1024x576) @ (576x64) input=uint8 ... done (6.9s)
    [osimulator] (1x256x576) @ (576x128) input=uint8 ... done (6.5s)
    [osimulator] (1x256x1152) @ (1152x128) input=uint8 ... done (8.6s)
    [osimulator] (1x1x8192) @ (8192x256) input=uint8 ... done (3.5s)
    [osimulator] (1x1x256) @ (256x10) input=uint8 ... done (0.0s)
  [Model 1 Phase4 v3 INT8 (变体 A) optic]  151/650 ( 23.2%) acc=98.01%  elapsed=7341s  ETA=24259s
    [osimulator] (1x4096x288) @ (288x32) input=uint8 ... done (18.6s)
    [osimulator] (1x1024x288) @ (288x64) input=uint8 ... done (4.3s)
    [osimulator] (1x1024x576) @ (576x64) input=uint8 ... done (9.3s)
    [osimulator] (1x256x576) @ (576x128) input=uint8 ... done (6.4s)
    [osimulator] (1x256x1152) @ (1152x128) input=uint8 ... done (8.5s)
    [osimulator] (1x1x8192) @ (8192x256) input=uint8 ... done (3.7s)
    [osimulator] (1x1x256) @ (256x10) input=uint8 ... done (0.0s)
  [Model 1 Phase4 v3 INT8 (变体 A) optic]  152/650 ( 23.4%) acc=98.03%  elapsed=7392s  ETA=24217s
    [osimulator] (1x4096x288) @ (288x32) input=uint8 ... done (18.2s)
    [osimulator] (1x1024x288) @ (288x64) input=uint8 ... done (4.3s)
    [osimulator] (1x1024x576) @ (576x64) input=uint8 ... done (6.3s)
    [osimulator] (1x256x576) @ (576x128) input=uint8 ... done (6.7s)
    [osimulator] (1x256x1152) @ (1152x128) input=uint8 ... done (8.5s)
    [osimulator] (1x1x8192) @ (8192x256) input=uint8 ... done (3.8s)
    [osimulator] (1x1x256) @ (256x10) input=uint8 ... done (0.0s)
  [Model 1 Phase4 v3 INT8 (变体 A) optic]  153/650 ( 23.5%) acc=98.04%  elapsed=7439s  ETA=24166s
    [osimulator] (1x4096x288) @ (288x32) input=uint8 ... done (12.8s)
    [osimulator] (1x1024x288) @ (288x64) input=uint8 ... done (4.2s)
    [osimulator] (1x1024x576) @ (576x64) input=uint8 ... done (6.3s)
    [osimulator] (1x256x576) @ (576x128) input=uint8 ... done (6.5s)
    [osimulator] (1x256x1152) @ (1152x128) input=uint8 ... done (8.6s)
    [osimulator] (1x1x8192) @ (8192x256) input=uint8 ... done (3.7s)
    [osimulator] (1x1x256) @ (256x10) input=uint8 ... done (0.0s)
  [Model 1 Phase4 v3 INT8 (变体 A) optic]  154/650 ( 23.7%) acc=98.05%  elapsed=7482s  ETA=24097s
    [osimulator] (1x4096x288) @ (288x32) input=uint8 ... done (18.1s)
    [osimulator] (1x1024x288) @ (288x64) input=uint8 ... done (4.4s)
    [osimulator] (1x1024x576) @ (576x64) input=uint8 ... done (6.3s)
    [osimulator] (1x256x576) @ (576x128) input=uint8 ... done (6.5s)
    [osimulator] (1x256x1152) @ (1152x128) input=uint8 ... done (8.5s)
    [osimulator] (1x1x8192) @ (8192x256) input=uint8 ... done (3.8s)
    [osimulator] (1x1x256) @ (256x10) input=uint8 ... done (0.0s)
  [Model 1 Phase4 v3 INT8 (变体 A) optic]  155/650 ( 23.8%) acc=98.06%  elapsed=7529s  ETA=24045s
    [osimulator] (1x4096x288) @ (288x32) input=uint8 ... done (19.2s)
    [osimulator] (1x1024x288) @ (288x64) input=uint8 ... done (4.3s)
    [osimulator] (1x1024x576) @ (576x64) input=uint8 ... done (10.8s)
    [osimulator] (1x256x576) @ (576x128) input=uint8 ... done (6.4s)
    [osimulator] (1x256x1152) @ (1152x128) input=uint8 ... done (8.4s)
    [osimulator] (1x1x8192) @ (8192x256) input=uint8 ... done (3.7s)
    [osimulator] (1x1x256) @ (256x10) input=uint8 ... done (0.0s)
  [Model 1 Phase4 v3 INT8 (变体 A) optic]  156/650 ( 24.0%) acc=98.08%  elapsed=7582s  ETA=24010s
    [osimulator] (1x4096x288) @ (288x32) input=uint8 ... done (19.2s)
    [osimulator] (1x1024x288) @ (288x64) input=uint8 ... done (4.2s)
    [osimulator] (1x1024x576) @ (576x64) input=uint8 ... done (6.7s)
    [osimulator] (1x256x576) @ (576x128) input=uint8 ... done (6.4s)
    [osimulator] (1x256x1152) @ (1152x128) input=uint8 ... done (8.5s)
    [osimulator] (1x1x8192) @ (8192x256) input=uint8 ... done (3.4s)
    [osimulator] (1x1x256) @ (256x10) input=uint8 ... done (0.0s)
  [Model 1 Phase4 v3 INT8 (变体 A) optic]  157/650 ( 24.2%) acc=98.09%  elapsed=7631s  ETA=23961s
    [osimulator] (1x4096x288) @ (288x32) input=uint8 ... done (19.9s)
    [osimulator] (1x1024x288) @ (288x64) input=uint8 ... done (4.3s)
    [osimulator] (1x1024x576) @ (576x64) input=uint8 ... done (11.9s)
    [osimulator] (1x256x576) @ (576x128) input=uint8 ... done (6.5s)
    [osimulator] (1x256x1152) @ (1152x128) input=uint8 ... done (8.5s)
    [osimulator] (1x1x8192) @ (8192x256) input=uint8 ... done (3.7s)
    [osimulator] (1x1x256) @ (256x10) input=uint8 ... done (0.0s)
  [Model 1 Phase4 v3 INT8 (变体 A) optic]  158/650 ( 24.3%) acc=98.10%  elapsed=7685s  ETA=23932s
    [osimulator] (1x4096x288) @ (288x32) input=uint8 ... done (19.8s)
    [osimulator] (1x1024x288) @ (288x64) input=uint8 ... done (4.3s)
    [osimulator] (1x1024x576) @ (576x64) input=uint8 ... done (6.3s)
    [osimulator] (1x256x576) @ (576x128) input=uint8 ... done (6.4s)
    [osimulator] (1x256x1152) @ (1152x128) input=uint8 ... done (8.5s)
    [osimulator] (1x1x8192) @ (8192x256) input=uint8 ... done (3.6s)
    [osimulator] (1x1x256) @ (256x10) input=uint8 ... done (0.0s)
  [Model 1 Phase4 v3 INT8 (变体 A) optic]  159/650 ( 24.5%) acc=98.11%  elapsed=7734s  ETA=23884s
    [osimulator] (1x4096x288) @ (288x32) input=uint8 ... done (18.8s)
    [osimulator] (1x1024x288) @ (288x64) input=uint8 ... done (4.3s)
    [osimulator] (1x1024x576) @ (576x64) input=uint8 ... done (11.9s)
    [osimulator] (1x256x576) @ (576x128) input=uint8 ... done (6.4s)
    [osimulator] (1x256x1152) @ (1152x128) input=uint8 ... done (8.4s)
    [osimulator] (1x1x8192) @ (8192x256) input=uint8 ... done (3.8s)
    [osimulator] (1x1x256) @ (256x10) input=uint8 ... done (0.0s)
  [Model 1 Phase4 v3 INT8 (变体 A) optic]  160/650 ( 24.6%) acc=98.12%  elapsed=7788s  ETA=23851s
    [osimulator] (1x4096x288) @ (288x32) input=uint8 ... done (18.9s)
    [osimulator] (1x1024x288) @ (288x64) input=uint8 ... done (4.3s)
    [osimulator] (1x1024x576) @ (576x64) input=uint8 ... done (11.0s)
    [osimulator] (1x256x576) @ (576x128) input=uint8 ... done (6.4s)
    [osimulator] (1x256x1152) @ (1152x128) input=uint8 ... done (8.4s)
    [osimulator] (1x1x8192) @ (8192x256) input=uint8 ... done (3.7s)
    [osimulator] (1x1x256) @ (256x10) input=uint8 ... done (0.0s)
  [Model 1 Phase4 v3 INT8 (变体 A) optic]  161/650 ( 24.8%) acc=98.14%  elapsed=7841s  ETA=23815s
    [osimulator] (1x4096x288) @ (288x32) input=uint8 ... done (19.6s)
    [osimulator] (1x1024x288) @ (288x64) input=uint8 ... done (4.3s)
    [osimulator] (1x1024x576) @ (576x64) input=uint8 ... done (14.2s)
    [osimulator] (1x256x576) @ (576x128) input=uint8 ... done (6.4s)
    [osimulator] (1x256x1152) @ (1152x128) input=uint8 ... done (8.4s)
    [osimulator] (1x1x8192) @ (8192x256) input=uint8 ... done (3.7s)
    [osimulator] (1x1x256) @ (256x10) input=uint8 ... done (0.0s)
  [Model 1 Phase4 v3 INT8 (变体 A) optic]  162/650 ( 24.9%) acc=98.15%  elapsed=7897s  ETA=23790s
    [osimulator] (1x4096x288) @ (288x32) input=uint8 ... done (20.1s)
    [osimulator] (1x1024x288) @ (288x64) input=uint8 ... done (4.3s)
    [osimulator] (1x1024x576) @ (576x64) input=uint8 ... done (13.0s)
    [osimulator] (1x256x576) @ (576x128) input=uint8 ... done (6.4s)
    [osimulator] (1x256x1152) @ (1152x128) input=uint8 ... done (8.4s)
    [osimulator] (1x1x8192) @ (8192x256) input=uint8 ... done (3.4s)
    [osimulator] (1x1x256) @ (256x10) input=uint8 ... done (0.0s)
  [Model 1 Phase4 v3 INT8 (变体 A) optic]  163/650 ( 25.1%) acc=98.16%  elapsed=7953s  ETA=23762s
    [osimulator] (1x4096x288) @ (288x32) input=uint8 ... done (19.5s)
    [osimulator] (1x1024x288) @ (288x64) input=uint8 ... done (4.3s)
    [osimulator] (1x1024x576) @ (576x64) input=uint8 ... done (10.2s)
    [osimulator] (1x256x576) @ (576x128) input=uint8 ... done (6.4s)
    [osimulator] (1x256x1152) @ (1152x128) input=uint8 ... done (8.5s)
    [osimulator] (1x1x8192) @ (8192x256) input=uint8 ... done (3.7s)
    [osimulator] (1x1x256) @ (256x10) input=uint8 ... done (0.0s)
  [Model 1 Phase4 v3 INT8 (变体 A) optic]  164/650 ( 25.2%) acc=98.17%  elapsed=8006s  ETA=23724s
    [osimulator] (1x4096x288) @ (288x32) input=uint8 ... done (18.5s)
    [osimulator] (1x1024x288) @ (288x64) input=uint8 ... done (4.3s)
    [osimulator] (1x1024x576) @ (576x64) input=uint8 ... done (9.6s)
    [osimulator] (1x256x576) @ (576x128) input=uint8 ... done (6.3s)
    [osimulator] (1x256x1152) @ (1152x128) input=uint8 ... done (8.5s)
    [osimulator] (1x1x8192) @ (8192x256) input=uint8 ... done (3.7s)
    [osimulator] (1x1x256) @ (256x10) input=uint8 ... done (0.0s)
  [Model 1 Phase4 v3 INT8 (变体 A) optic]  165/650 ( 25.4%) acc=98.18%  elapsed=8057s  ETA=23682s
    [osimulator] (1x4096x288) @ (288x32) input=uint8 ... done (19.9s)
    [osimulator] (1x1024x288) @ (288x64) input=uint8 ... done (4.2s)
    [osimulator] (1x1024x576) @ (576x64) input=uint8 ... done (12.4s)
    [osimulator] (1x256x576) @ (576x128) input=uint8 ... done (6.4s)
    [osimulator] (1x256x1152) @ (1152x128) input=uint8 ... done (8.5s)
    [osimulator] (1x1x8192) @ (8192x256) input=uint8 ... done (3.6s)
    [osimulator] (1x1x256) @ (256x10) input=uint8 ... done (0.0s)
  [Model 1 Phase4 v3 INT8 (变体 A) optic]  166/650 ( 25.5%) acc=98.19%  elapsed=8112s  ETA=23651s
    [osimulator] (1x4096x288) @ (288x32) input=uint8 ... done (19.3s)
    [osimulator] (1x1024x288) @ (288x64) input=uint8 ... done (4.3s)
    [osimulator] (1x1024x576) @ (576x64) input=uint8 ... done (9.2s)
    [osimulator] (1x256x576) @ (576x128) input=uint8 ... done (6.5s)
    [osimulator] (1x256x1152) @ (1152x128) input=uint8 ... done (8.7s)
    [osimulator] (1x1x8192) @ (8192x256) input=uint8 ... done (3.4s)
    [osimulator] (1x1x256) @ (256x10) input=uint8 ... done (0.0s)
  [Model 1 Phase4 v3 INT8 (变体 A) optic]  167/650 ( 25.7%) acc=98.20%  elapsed=8163s  ETA=23610s
    [osimulator] (1x4096x288) @ (288x32) input=uint8 ... done (20.9s)
    [osimulator] (1x1024x288) @ (288x64) input=uint8 ... done (4.3s)
    [osimulator] (1x1024x576) @ (576x64) input=uint8 ... done (9.3s)
    [osimulator] (1x256x576) @ (576x128) input=uint8 ... done (6.6s)
    [osimulator] (1x256x1152) @ (1152x128) input=uint8 ... done (8.4s)
    [osimulator] (1x1x8192) @ (8192x256) input=uint8 ... done (3.5s)
    [osimulator] (1x1x256) @ (256x10) input=uint8 ... done (0.0s)
  [Model 1 Phase4 v3 INT8 (变体 A) optic]  168/650 ( 25.8%) acc=98.21%  elapsed=8216s  ETA=23573s
    [osimulator] (1x4096x288) @ (288x32) input=uint8 ... done (21.3s)
    [osimulator] (1x1024x288) @ (288x64) input=uint8 ... done (4.2s)
    [osimulator] (1x1024x576) @ (576x64) input=uint8 ... done (11.3s)
    [osimulator] (1x256x576) @ (576x128) input=uint8 ... done (6.4s)
    [osimulator] (1x256x1152) @ (1152x128) input=uint8 ... done (8.4s)
    [osimulator] (1x1x8192) @ (8192x256) input=uint8 ... done (3.6s)
    [osimulator] (1x1x256) @ (256x10) input=uint8 ... done (0.0s)
  [Model 1 Phase4 v3 INT8 (变体 A) optic]  169/650 ( 26.0%) acc=98.22%  elapsed=8272s  ETA=23542s
    [osimulator] (1x4096x288) @ (288x32) input=uint8 ... done (19.4s)
    [osimulator] (1x1024x288) @ (288x64) input=uint8 ... done (4.3s)
    [osimulator] (1x1024x576) @ (576x64) input=uint8 ... done (6.9s)
    [osimulator] (1x256x576) @ (576x128) input=uint8 ... done (6.4s)
    [osimulator] (1x256x1152) @ (1152x128) input=uint8 ... done (8.5s)
    [osimulator] (1x1x8192) @ (8192x256) input=uint8 ... done (3.6s)
    [osimulator] (1x1x256) @ (256x10) input=uint8 ... done (0.0s)
  [Model 1 Phase4 v3 INT8 (变体 A) optic]  170/650 ( 26.2%) acc=98.24%  elapsed=8321s  ETA=23494s
    [osimulator] (1x4096x288) @ (288x32) input=uint8 ... done (21.9s)
    [osimulator] (1x1024x288) @ (288x64) input=uint8 ... done (4.3s)
    [osimulator] (1x1024x576) @ (576x64) input=uint8 ... done (12.0s)
    [osimulator] (1x256x576) @ (576x128) input=uint8 ... done (6.6s)
    [osimulator] (1x256x1152) @ (1152x128) input=uint8 ... done (8.6s)
    [osimulator] (1x1x8192) @ (8192x256) input=uint8 ... done (3.6s)
    [osimulator] (1x1x256) @ (256x10) input=uint8 ... done (0.0s)
  [Model 1 Phase4 v3 INT8 (变体 A) optic]  171/650 ( 26.3%) acc=98.25%  elapsed=8378s  ETA=23468s
    [osimulator] (1x4096x288) @ (288x32) input=uint8 ... done (19.4s)
    [osimulator] (1x1024x288) @ (288x64) input=uint8 ... done (4.3s)
    [osimulator] (1x1024x576) @ (576x64) input=uint8 ... done (10.6s)
    [osimulator] (1x256x576) @ (576x128) input=uint8 ... done (6.5s)
    [osimulator] (1x256x1152) @ (1152x128) input=uint8 ... done (8.4s)
    [osimulator] (1x1x8192) @ (8192x256) input=uint8 ... done (3.6s)
    [osimulator] (1x1x256) @ (256x10) input=uint8 ... done (0.0s)
  [Model 1 Phase4 v3 INT8 (变体 A) optic]  172/650 ( 26.5%) acc=98.26%  elapsed=8431s  ETA=23429s
    [osimulator] (1x4096x288) @ (288x32) input=uint8 ... done (19.3s)
    [osimulator] (1x1024x288) @ (288x64) input=uint8 ... done (4.4s)
    [osimulator] (1x1024x576) @ (576x64) input=uint8 ... done (9.5s)
    [osimulator] (1x256x576) @ (576x128) input=uint8 ... done (6.5s)
    [osimulator] (1x256x1152) @ (1152x128) input=uint8 ... done (8.5s)
    [osimulator] (1x1x8192) @ (8192x256) input=uint8 ... done (3.6s)
    [osimulator] (1x1x256) @ (256x10) input=uint8 ... done (0.0s)
  [Model 1 Phase4 v3 INT8 (变体 A) optic]  173/650 ( 26.6%) acc=98.27%  elapsed=8482s  ETA=23388s
    [osimulator] (1x4096x288) @ (288x32) input=uint8 ... done (19.2s)
    [osimulator] (1x1024x288) @ (288x64) input=uint8 ... done (4.3s)
    [osimulator] (1x1024x576) @ (576x64) input=uint8 ... done (12.8s)
    [osimulator] (1x256x576) @ (576x128) input=uint8 ... done (6.5s)
    [osimulator] (1x256x1152) @ (1152x128) input=uint8 ... done (8.5s)
    [osimulator] (1x1x8192) @ (8192x256) input=uint8 ... done (3.7s)
    [osimulator] (1x1x256) @ (256x10) input=uint8 ... done (0.0s)
  [Model 1 Phase4 v3 INT8 (变体 A) optic]  174/650 ( 26.8%) acc=98.28%  elapsed=8538s  ETA=23355s
    [osimulator] (1x4096x288) @ (288x32) input=uint8 ... done (18.4s)
    [osimulator] (1x1024x288) @ (288x64) input=uint8 ... done (4.3s)
    [osimulator] (1x1024x576) @ (576x64) input=uint8 ... done (9.2s)
    [osimulator] (1x256x576) @ (576x128) input=uint8 ... done (6.4s)
    [osimulator] (1x256x1152) @ (1152x128) input=uint8 ... done (8.5s)
    [osimulator] (1x1x8192) @ (8192x256) input=uint8 ... done (3.7s)
    [osimulator] (1x1x256) @ (256x10) input=uint8 ... done (0.0s)
  [Model 1 Phase4 v3 INT8 (变体 A) optic]  175/650 ( 26.9%) acc=98.29%  elapsed=8588s  ETA=23311s
    [osimulator] (1x4096x288) @ (288x32) input=uint8 ... done (18.5s)
    [osimulator] (1x1024x288) @ (288x64) input=uint8 ... done (4.3s)
    [osimulator] (1x1024x576) @ (576x64) input=uint8 ... done (6.5s)
    [osimulator] (1x256x576) @ (576x128) input=uint8 ... done (6.5s)
    [osimulator] (1x256x1152) @ (1152x128) input=uint8 ... done (8.7s)
    [osimulator] (1x1x8192) @ (8192x256) input=uint8 ... done (3.8s)
    [osimulator] (1x1x256) @ (256x10) input=uint8 ... done (0.0s)
  [Model 1 Phase4 v3 INT8 (变体 A) optic]  176/650 ( 27.1%) acc=98.30%  elapsed=8636s  ETA=23259s
    [osimulator] (1x4096x288) @ (288x32) input=uint8 ... done (18.9s)
    [osimulator] (1x1024x288) @ (288x64) input=uint8 ... done (4.3s)
    [osimulator] (1x1024x576) @ (576x64) input=uint8 ... done (6.4s)
    [osimulator] (1x256x576) @ (576x128) input=uint8 ... done (6.4s)
    [osimulator] (1x256x1152) @ (1152x128) input=uint8 ... done (8.7s)
    [osimulator] (1x1x8192) @ (8192x256) input=uint8 ... done (3.8s)
    [osimulator] (1x1x256) @ (256x10) input=uint8 ... done (0.0s)
  [Model 1 Phase4 v3 INT8 (变体 A) optic]  177/650 ( 27.2%) acc=98.31%  elapsed=8685s  ETA=23209s
    [osimulator] (1x4096x288) @ (288x32) input=uint8 ... done (19.1s)
    [osimulator] (1x1024x288) @ (288x64) input=uint8 ... done (4.3s)
    [osimulator] (1x1024x576) @ (576x64) input=uint8 ... done (12.2s)
    [osimulator] (1x256x576) @ (576x128) input=uint8 ... done (6.6s)
    [osimulator] (1x256x1152) @ (1152x128) input=uint8 ... done (8.7s)
    [osimulator] (1x1x8192) @ (8192x256) input=uint8 ... done (3.9s)
    [osimulator] (1x1x256) @ (256x10) input=uint8 ... done (0.0s)
  [Model 1 Phase4 v3 INT8 (变体 A) optic]  178/650 ( 27.4%) acc=98.31%  elapsed=8740s  ETA=23176s
    [osimulator] (1x4096x288) @ (288x32) input=uint8 ... done (19.2s)
    [osimulator] (1x1024x288) @ (288x64) input=uint8 ... done (4.3s)
    [osimulator] (1x1024x576) @ (576x64) input=uint8 ... done (9.0s)
    [osimulator] (1x256x576) @ (576x128) input=uint8 ... done (6.5s)
    [osimulator] (1x256x1152) @ (1152x128) input=uint8 ... done (8.6s)
    [osimulator] (1x1x8192) @ (8192x256) input=uint8 ... done (3.7s)
    [osimulator] (1x1x256) @ (256x10) input=uint8 ... done (0.0s)
  [Model 1 Phase4 v3 INT8 (变体 A) optic]  179/650 ( 27.5%) acc=98.32%  elapsed=8791s  ETA=23132s
    [osimulator] (1x4096x288) @ (288x32) input=uint8 ... done (20.6s)
    [osimulator] (1x1024x288) @ (288x64) input=uint8 ... done (4.3s)
    [osimulator] (1x1024x576) @ (576x64) input=uint8 ... done (11.0s)
    [osimulator] (1x256x576) @ (576x128) input=uint8 ... done (6.5s)
    [osimulator] (1x256x1152) @ (1152x128) input=uint8 ... done (8.5s)
    [osimulator] (1x1x8192) @ (8192x256) input=uint8 ... done (3.8s)
    [osimulator] (1x1x256) @ (256x10) input=uint8 ... done (0.0s)
  [Model 1 Phase4 v3 INT8 (变体 A) optic]  180/650 ( 27.7%) acc=98.33%  elapsed=8846s  ETA=23098s
    [osimulator] (1x4096x288) @ (288x32) input=uint8 ... done (19.3s)
    [osimulator] (1x1024x288) @ (288x64) input=uint8 ... done (4.4s)
    [osimulator] (1x1024x576) @ (576x64) input=uint8 ... done (10.9s)
    [osimulator] (1x256x576) @ (576x128) input=uint8 ... done (6.4s)
    [osimulator] (1x256x1152) @ (1152x128) input=uint8 ... done (8.4s)
    [osimulator] (1x1x8192) @ (8192x256) input=uint8 ... done (3.6s)
    [osimulator] (1x1x256) @ (256x10) input=uint8 ... done (0.0s)
  [Model 1 Phase4 v3 INT8 (变体 A) optic]  181/650 ( 27.8%) acc=98.34%  elapsed=8899s  ETA=23059s
    [osimulator] (1x4096x288) @ (288x32) input=uint8 ... done (19.2s)
    [osimulator] (1x1024x288) @ (288x64) input=uint8 ... done (4.3s)
    [osimulator] (1x1024x576) @ (576x64) input=uint8 ... done (9.5s)
    [osimulator] (1x256x576) @ (576x128) input=uint8 ... done (6.5s)
    [osimulator] (1x256x1152) @ (1152x128) input=uint8 ... done (8.6s)
    [osimulator] (1x1x8192) @ (8192x256) input=uint8 ... done (3.8s)
    [osimulator] (1x1x256) @ (256x10) input=uint8 ... done (0.0s)
  [Model 1 Phase4 v3 INT8 (变体 A) optic]  182/650 ( 28.0%) acc=98.35%  elapsed=8951s  ETA=23017s
    [osimulator] (1x4096x288) @ (288x32) input=uint8 ... done (20.2s)
    [osimulator] (1x1024x288) @ (288x64) input=uint8 ... done (4.3s)
    [osimulator] (1x1024x576) @ (576x64) input=uint8 ... done (10.6s)
    [osimulator] (1x256x576) @ (576x128) input=uint8 ... done (6.3s)
    [osimulator] (1x256x1152) @ (1152x128) input=uint8 ... done (8.5s)
    [osimulator] (1x1x8192) @ (8192x256) input=uint8 ... done (3.5s)
    [osimulator] (1x1x256) @ (256x10) input=uint8 ... done (0.0s)
  [Model 1 Phase4 v3 INT8 (变体 A) optic]  183/650 ( 28.2%) acc=98.36%  elapsed=9004s  ETA=22979s
    [osimulator] (1x4096x288) @ (288x32) input=uint8 ... done (19.1s)
    [osimulator] (1x1024x288) @ (288x64) input=uint8 ... done (4.3s)
    [osimulator] (1x1024x576) @ (576x64) input=uint8 ... done (10.4s)
    [osimulator] (1x256x576) @ (576x128) input=uint8 ... done (6.6s)
    [osimulator] (1x256x1152) @ (1152x128) input=uint8 ... done (8.6s)
    [osimulator] (1x1x8192) @ (8192x256) input=uint8 ... done (3.7s)
    [osimulator] (1x1x256) @ (256x10) input=uint8 ... done (0.0s)
  [Model 1 Phase4 v3 INT8 (变体 A) optic]  184/650 ( 28.3%) acc=98.37%  elapsed=9057s  ETA=22939s
    [osimulator] (1x4096x288) @ (288x32) input=uint8 ... done (20.7s)
    [osimulator] (1x1024x288) @ (288x64) input=uint8 ... done (4.3s)
    [osimulator] (1x1024x576) @ (576x64) input=uint8 ... done (8.5s)
    [osimulator] (1x256x576) @ (576x128) input=uint8 ... done (6.5s)
    [osimulator] (1x256x1152) @ (1152x128) input=uint8 ... done (8.6s)
    [osimulator] (1x1x8192) @ (8192x256) input=uint8 ... done (3.7s)
    [osimulator] (1x1x256) @ (256x10) input=uint8 ... done (0.0s)
  [Model 1 Phase4 v3 INT8 (变体 A) optic]  185/650 ( 28.5%) acc=98.38%  elapsed=9110s  ETA=22897s
    [osimulator] (1x4096x288) @ (288x32) input=uint8 ... done (19.5s)
    [osimulator] (1x1024x288) @ (288x64) input=uint8 ... done (4.4s)
    [osimulator] (1x1024x576) @ (576x64) input=uint8 ... done (9.3s)
    [osimulator] (1x256x576) @ (576x128) input=uint8 ... done (6.5s)
    [osimulator] (1x256x1152) @ (1152x128) input=uint8 ... done (8.6s)
    [osimulator] (1x1x8192) @ (8192x256) input=uint8 ... done (3.7s)
    [osimulator] (1x1x256) @ (256x10) input=uint8 ... done (0.0s)
  [Model 1 Phase4 v3 INT8 (变体 A) optic]  186/650 ( 28.6%) acc=98.39%  elapsed=9162s  ETA=22855s
    [osimulator] (1x4096x288) @ (288x32) input=uint8 ... done (20.0s)
    [osimulator] (1x1024x288) @ (288x64) input=uint8 ... done (4.3s)
    [osimulator] (1x1024x576) @ (576x64) input=uint8 ... done (6.8s)
    [osimulator] (1x256x576) @ (576x128) input=uint8 ... done (6.5s)
    [osimulator] (1x256x1152) @ (1152x128) input=uint8 ... done (8.6s)
    [osimulator] (1x1x8192) @ (8192x256) input=uint8 ... done (3.6s)
    [osimulator] (1x1x256) @ (256x10) input=uint8 ... done (0.0s)
  [Model 1 Phase4 v3 INT8 (变体 A) optic]  187/650 ( 28.8%) acc=98.40%  elapsed=9212s  ETA=22808s
    [osimulator] (1x4096x288) @ (288x32) input=uint8 ... done (19.3s)
    [osimulator] (1x1024x288) @ (288x64) input=uint8 ... done (4.3s)
    [osimulator] (1x1024x576) @ (576x64) input=uint8 ... done (6.5s)
    [osimulator] (1x256x576) @ (576x128) input=uint8 ... done (6.9s)
    [osimulator] (1x256x1152) @ (1152x128) input=uint8 ... done (8.5s)
    [osimulator] (1x1x8192) @ (8192x256) input=uint8 ... done (3.7s)
    [osimulator] (1x1x256) @ (256x10) input=uint8 ... done (0.0s)
  [Model 1 Phase4 v3 INT8 (变体 A) optic]  188/650 ( 28.9%) acc=98.40%  elapsed=9261s  ETA=22758s
    [osimulator] (1x4096x288) @ (288x32) input=uint8 ... done (18.7s)
    [osimulator] (1x1024x288) @ (288x64) input=uint8 ... done (4.4s)
    [osimulator] (1x1024x576) @ (576x64) input=uint8 ... done (6.3s)
    [osimulator] (1x256x576) @ (576x128) input=uint8 ... done (6.5s)
    [osimulator] (1x256x1152) @ (1152x128) input=uint8 ... done (8.5s)
    [osimulator] (1x1x8192) @ (8192x256) input=uint8 ... done (3.8s)
    [osimulator] (1x1x256) @ (256x10) input=uint8 ... done (0.0s)
  [Model 1 Phase4 v3 INT8 (变体 A) optic]  189/650 ( 29.1%) acc=98.41%  elapsed=9309s  ETA=22707s
    [osimulator] (1x4096x288) @ (288x32) input=uint8 ... done (19.2s)
    [osimulator] (1x1024x288) @ (288x64) input=uint8 ... done (4.3s)
    [osimulator] (1x1024x576) @ (576x64) input=uint8 ... done (6.4s)
    [osimulator] (1x256x576) @ (576x128) input=uint8 ... done (6.5s)
    [osimulator] (1x256x1152) @ (1152x128) input=uint8 ... done (8.5s)
    [osimulator] (1x1x8192) @ (8192x256) input=uint8 ... done (3.8s)
    [osimulator] (1x1x256) @ (256x10) input=uint8 ... done (0.0s)
  [Model 1 Phase4 v3 INT8 (变体 A) optic]  190/650 ( 29.2%) acc=98.42%  elapsed=9358s  ETA=22657s
    [osimulator] (1x4096x288) @ (288x32) input=uint8 ... done (12.6s)
    [osimulator] (1x1024x288) @ (288x64) input=uint8 ... done (4.4s)
    [osimulator] (1x1024x576) @ (576x64) input=uint8 ... done (6.3s)
    [osimulator] (1x256x576) @ (576x128) input=uint8 ... done (6.6s)
    [osimulator] (1x256x1152) @ (1152x128) input=uint8 ... done (8.6s)
    [osimulator] (1x1x8192) @ (8192x256) input=uint8 ... done (3.7s)
    [osimulator] (1x1x256) @ (256x10) input=uint8 ... done (0.0s)
  [Model 1 Phase4 v3 INT8 (变体 A) optic]  191/650 ( 29.4%) acc=98.43%  elapsed=9400s  ETA=22590s
    [osimulator] (1x4096x288) @ (288x32) input=uint8 ... done (10.5s)
    [osimulator] (1x1024x288) @ (288x64) input=uint8 ... done (4.3s)
    [osimulator] (1x1024x576) @ (576x64) input=uint8 ... done (6.4s)
    [osimulator] (1x256x576) @ (576x128) input=uint8 ... done (6.6s)
    [osimulator] (1x256x1152) @ (1152x128) input=uint8 ... done (8.6s)
    [osimulator] (1x1x8192) @ (8192x256) input=uint8 ... done (3.7s)
    [osimulator] (1x1x256) @ (256x10) input=uint8 ... done (0.0s)
  [Model 1 Phase4 v3 INT8 (变体 A) optic]  192/650 ( 29.5%) acc=98.44%  elapsed=9440s  ETA=22519s
    [osimulator] (1x4096x288) @ (288x32) input=uint8 ... done (15.3s)
    [osimulator] (1x1024x288) @ (288x64) input=uint8 ... done (4.3s)
    [osimulator] (1x1024x576) @ (576x64) input=uint8 ... done (6.4s)
    [osimulator] (1x256x576) @ (576x128) input=uint8 ... done (6.5s)
    [osimulator] (1x256x1152) @ (1152x128) input=uint8 ... done (8.6s)
    [osimulator] (1x1x8192) @ (8192x256) input=uint8 ... done (3.7s)
    [osimulator] (1x1x256) @ (256x10) input=uint8 ... done (0.0s)
  [Model 1 Phase4 v3 INT8 (变体 A) optic]  193/650 ( 29.7%) acc=98.45%  elapsed=9485s  ETA=22460s
    [osimulator] (1x4096x288) @ (288x32) input=uint8 ... done (8.3s)
    [osimulator] (1x1024x288) @ (288x64) input=uint8 ... done (4.3s)
    [osimulator] (1x1024x576) @ (576x64) input=uint8 ... done (6.3s)
    [osimulator] (1x256x576) @ (576x128) input=uint8 ... done (6.5s)
    [osimulator] (1x256x1152) @ (1152x128) input=uint8 ... done (8.6s)
    [osimulator] (1x1x8192) @ (8192x256) input=uint8 ... done (3.6s)
    [osimulator] (1x1x256) @ (256x10) input=uint8 ... done (0.0s)
  [Model 1 Phase4 v3 INT8 (变体 A) optic]  194/650 ( 29.8%) acc=98.45%  elapsed=9523s  ETA=22384s
    [osimulator] (1x4096x288) @ (288x32) input=uint8 ... done (14.7s)
    [osimulator] (1x1024x288) @ (288x64) input=uint8 ... done (4.3s)
    [osimulator] (1x1024x576) @ (576x64) input=uint8 ... done (6.3s)
    [osimulator] (1x256x576) @ (576x128) input=uint8 ... done (6.3s)
    [osimulator] (1x256x1152) @ (1152x128) input=uint8 ... done (8.6s)
    [osimulator] (1x1x8192) @ (8192x256) input=uint8 ... done (3.5s)
    [osimulator] (1x1x256) @ (256x10) input=uint8 ... done (0.0s)
  [Model 1 Phase4 v3 INT8 (变体 A) optic]  195/650 ( 30.0%) acc=98.46%  elapsed=9567s  ETA=22322s
    [osimulator] (1x4096x288) @ (288x32) input=uint8 ... done (14.4s)
    [osimulator] (1x1024x288) @ (288x64) input=uint8 ... done (4.3s)
    [osimulator] (1x1024x576) @ (576x64) input=uint8 ... done (6.4s)
    [osimulator] (1x256x576) @ (576x128) input=uint8 ... done (6.4s)
    [osimulator] (1x256x1152) @ (1152x128) input=uint8 ... done (8.5s)
    [osimulator] (1x1x8192) @ (8192x256) input=uint8 ... done (3.7s)
    [osimulator] (1x1x256) @ (256x10) input=uint8 ... done (0.0s)
  [Model 1 Phase4 v3 INT8 (变体 A) optic]  196/650 ( 30.2%) acc=98.47%  elapsed=9610s  ETA=22261s
    [osimulator] (1x4096x288) @ (288x32) input=uint8 ... done (12.7s)
    [osimulator] (1x1024x288) @ (288x64) input=uint8 ... done (4.3s)
    [osimulator] (1x1024x576) @ (576x64) input=uint8 ... done (6.4s)
    [osimulator] (1x256x576) @ (576x128) input=uint8 ... done (6.5s)
    [osimulator] (1x256x1152) @ (1152x128) input=uint8 ... done (8.5s)
    [osimulator] (1x1x8192) @ (8192x256) input=uint8 ... done (3.4s)
    [osimulator] (1x1x256) @ (256x10) input=uint8 ... done (0.0s)
  [Model 1 Phase4 v3 INT8 (变体 A) optic]  197/650 ( 30.3%) acc=98.48%  elapsed=9652s  ETA=22195s
    [osimulator] (1x4096x288) @ (288x32) input=uint8 ... done (17.9s)
    [osimulator] (1x1024x288) @ (288x64) input=uint8 ... done (4.3s)
    [osimulator] (1x1024x576) @ (576x64) input=uint8 ... done (6.4s)
    [osimulator] (1x256x576) @ (576x128) input=uint8 ... done (6.5s)
    [osimulator] (1x256x1152) @ (1152x128) input=uint8 ... done (8.5s)
    [osimulator] (1x1x8192) @ (8192x256) input=uint8 ... done (3.7s)
    [osimulator] (1x1x256) @ (256x10) input=uint8 ... done (0.0s)
  [Model 1 Phase4 v3 INT8 (变体 A) optic]  198/650 ( 30.5%) acc=98.48%  elapsed=9699s  ETA=22142s
    [osimulator] (1x4096x288) @ (288x32) input=uint8 ... done (18.9s)
    [osimulator] (1x1024x288) @ (288x64) input=uint8 ... done (4.3s)
    [osimulator] (1x1024x576) @ (576x64) input=uint8 ... done (6.4s)
    [osimulator] (1x256x576) @ (576x128) input=uint8 ... done (6.5s)
    [osimulator] (1x256x1152) @ (1152x128) input=uint8 ... done (8.5s)
    [osimulator] (1x1x8192) @ (8192x256) input=uint8 ... done (3.6s)
    [osimulator] (1x1x256) @ (256x10) input=uint8 ... done (0.0s)
  [Model 1 Phase4 v3 INT8 (变体 A) optic]  199/650 ( 30.6%) acc=98.49%  elapsed=9748s  ETA=22092s
    [osimulator] (1x4096x288) @ (288x32) input=uint8 ... done (15.7s)
    [osimulator] (1x1024x288) @ (288x64) input=uint8 ... done (4.3s)
    [osimulator] (1x1024x576) @ (576x64) input=uint8 ... done (6.4s)
    [osimulator] (1x256x576) @ (576x128) input=uint8 ... done (6.4s)
    [osimulator] (1x256x1152) @ (1152x128) input=uint8 ... done (8.5s)
    [osimulator] (1x1x8192) @ (8192x256) input=uint8 ... done (3.5s)
    [osimulator] (1x1x256) @ (256x10) input=uint8 ... done (0.0s)
  [Model 1 Phase4 v3 INT8 (变体 A) optic]  200/650 ( 30.8%) acc=98.50%  elapsed=9793s  ETA=22033s
    [osimulator] (1x4096x288) @ (288x32) input=uint8 ... done (13.3s)
    [osimulator] (1x1024x288) @ (288x64) input=uint8 ... done (4.3s)
    [osimulator] (1x1024x576) @ (576x64) input=uint8 ... done (6.3s)
    [osimulator] (1x256x576) @ (576x128) input=uint8 ... done (6.4s)
    [osimulator] (1x256x1152) @ (1152x128) input=uint8 ... done (8.4s)
    [osimulator] (1x1x8192) @ (8192x256) input=uint8 ... done (3.6s)
    [osimulator] (1x1x256) @ (256x10) input=uint8 ... done (0.0s)
  [Model 1 Phase4 v3 INT8 (变体 A) optic]  201/650 ( 30.9%) acc=98.51%  elapsed=9835s  ETA=21970s
    [osimulator] (1x4096x288) @ (288x32) input=uint8 ... done (12.7s)
    [osimulator] (1x1024x288) @ (288x64) input=uint8 ... done (4.3s)
    [osimulator] (1x1024x576) @ (576x64) input=uint8 ... done (6.3s)
    [osimulator] (1x256x576) @ (576x128) input=uint8 ... done (6.4s)
    [osimulator] (1x256x1152) @ (1152x128) input=uint8 ... done (8.5s)
    [osimulator] (1x1x8192) @ (8192x256) input=uint8 ... done (3.6s)
    [osimulator] (1x1x256) @ (256x10) input=uint8 ... done (0.0s)
  [Model 1 Phase4 v3 INT8 (变体 A) optic]  202/650 ( 31.1%) acc=98.51%  elapsed=9877s  ETA=21905s
    [osimulator] (1x4096x288) @ (288x32) input=uint8 ... done (18.6s)
    [osimulator] (1x1024x288) @ (288x64) input=uint8 ... done (4.3s)
    [osimulator] (1x1024x576) @ (576x64) input=uint8 ... done (6.3s)
    [osimulator] (1x256x576) @ (576x128) input=uint8 ... done (6.3s)
    [osimulator] (1x256x1152) @ (1152x128) input=uint8 ... done (8.5s)
    [osimulator] (1x1x8192) @ (8192x256) input=uint8 ... done (3.4s)
    [osimulator] (1x1x256) @ (256x10) input=uint8 ... done (0.0s)
  [Model 1 Phase4 v3 INT8 (变体 A) optic]  203/650 ( 31.2%) acc=98.52%  elapsed=9924s  ETA=21853s
    [osimulator] (1x4096x288) @ (288x32) input=uint8 ... done (13.6s)
    [osimulator] (1x1024x288) @ (288x64) input=uint8 ... done (4.3s)
    [osimulator] (1x1024x576) @ (576x64) input=uint8 ... done (6.3s)
    [osimulator] (1x256x576) @ (576x128) input=uint8 ... done (6.5s)
    [osimulator] (1x256x1152) @ (1152x128) input=uint8 ... done (8.5s)
    [osimulator] (1x1x8192) @ (8192x256) input=uint8 ... done (3.7s)
    [osimulator] (1x1x256) @ (256x10) input=uint8 ... done (0.0s)
  [Model 1 Phase4 v3 INT8 (变体 A) optic]  204/650 ( 31.4%) acc=98.53%  elapsed=9967s  ETA=21791s
    [osimulator] (1x4096x288) @ (288x32) input=uint8 ... done (13.9s)
    [osimulator] (1x1024x288) @ (288x64) input=uint8 ... done (4.3s)
    [osimulator] (1x1024x576) @ (576x64) input=uint8 ... done (6.4s)
    [osimulator] (1x256x576) @ (576x128) input=uint8 ... done (6.3s)
    [osimulator] (1x256x1152) @ (1152x128) input=uint8 ... done (8.6s)
    [osimulator] (1x1x8192) @ (8192x256) input=uint8 ... done (3.4s)
    [osimulator] (1x1x256) @ (256x10) input=uint8 ... done (0.0s)
  [Model 1 Phase4 v3 INT8 (变体 A) optic]  205/650 ( 31.5%) acc=98.54%  elapsed=10010s  ETA=21729s
    [osimulator] (1x4096x288) @ (288x32) input=uint8 ... done (14.2s)
    [osimulator] (1x1024x288) @ (288x64) input=uint8 ... done (4.3s)
    [osimulator] (1x1024x576) @ (576x64) input=uint8 ... done (6.2s)
    [osimulator] (1x256x576) @ (576x128) input=uint8 ... done (6.4s)
    [osimulator] (1x256x1152) @ (1152x128) input=uint8 ... done (8.5s)
    [osimulator] (1x1x8192) @ (8192x256) input=uint8 ... done (3.7s)
    [osimulator] (1x1x256) @ (256x10) input=uint8 ... done (0.0s)
  [Model 1 Phase4 v3 INT8 (变体 A) optic]  206/650 ( 31.7%) acc=98.54%  elapsed=10053s  ETA=21669s
    [osimulator] (1x4096x288) @ (288x32) input=uint8 ... done (10.1s)
    [osimulator] (1x1024x288) @ (288x64) input=uint8 ... done (4.3s)
    [osimulator] (1x1024x576) @ (576x64) input=uint8 ... done (6.4s)
    [osimulator] (1x256x576) @ (576x128) input=uint8 ... done (6.4s)
    [osimulator] (1x256x1152) @ (1152x128) input=uint8 ... done (8.5s)
    [osimulator] (1x1x8192) @ (8192x256) input=uint8 ... done (3.5s)
    [osimulator] (1x1x256) @ (256x10) input=uint8 ... done (0.0s)
  [Model 1 Phase4 v3 INT8 (变体 A) optic]  207/650 ( 31.8%) acc=98.55%  elapsed=10093s  ETA=21599s
    [osimulator] (1x4096x288) @ (288x32) input=uint8 ... done (17.1s)
    [osimulator] (1x1024x288) @ (288x64) input=uint8 ... done (4.3s)
    [osimulator] (1x1024x576) @ (576x64) input=uint8 ... done (6.3s)
    [osimulator] (1x256x576) @ (576x128) input=uint8 ... done (6.6s)
    [osimulator] (1x256x1152) @ (1152x128) input=uint8 ... done (8.5s)
    [osimulator] (1x1x8192) @ (8192x256) input=uint8 ... done (3.6s)
    [osimulator] (1x1x256) @ (256x10) input=uint8 ... done (0.0s)
  [Model 1 Phase4 v3 INT8 (变体 A) optic]  208/650 ( 32.0%) acc=98.56%  elapsed=10139s  ETA=21546s
    [osimulator] (1x4096x288) @ (288x32) input=uint8 ... done (15.1s)
    [osimulator] (1x1024x288) @ (288x64) input=uint8 ... done (4.3s)
    [osimulator] (1x1024x576) @ (576x64) input=uint8 ... done (6.3s)
    [osimulator] (1x256x576) @ (576x128) input=uint8 ... done (6.7s)
    [osimulator] (1x256x1152) @ (1152x128) input=uint8 ... done (8.5s)
    [osimulator] (1x1x8192) @ (8192x256) input=uint8 ... done (3.7s)
    [osimulator] (1x1x256) @ (256x10) input=uint8 ... done (0.0s)
  [Model 1 Phase4 v3 INT8 (变体 A) optic]  209/650 ( 32.2%) acc=98.56%  elapsed=10184s  ETA=21489s
    [osimulator] (1x4096x288) @ (288x32) input=uint8 ... done (13.4s)
    [osimulator] (1x1024x288) @ (288x64) input=uint8 ... done (4.4s)
    [osimulator] (1x1024x576) @ (576x64) input=uint8 ... done (6.2s)
    [osimulator] (1x256x576) @ (576x128) input=uint8 ... done (6.4s)
    [osimulator] (1x256x1152) @ (1152x128) input=uint8 ... done (8.5s)
    [osimulator] (1x1x8192) @ (8192x256) input=uint8 ... done (3.6s)
    [osimulator] (1x1x256) @ (256x10) input=uint8 ... done (0.0s)
  [Model 1 Phase4 v3 INT8 (变体 A) optic]  210/650 ( 32.3%) acc=98.57%  elapsed=10227s  ETA=21427s
    [osimulator] (1x4096x288) @ (288x32) input=uint8 ... done (13.5s)
    [osimulator] (1x1024x288) @ (288x64) input=uint8 ... done (4.3s)
    [osimulator] (1x1024x576) @ (576x64) input=uint8 ... done (6.3s)
    [osimulator] (1x256x576) @ (576x128) input=uint8 ... done (6.4s)
    [osimulator] (1x256x1152) @ (1152x128) input=uint8 ... done (8.6s)
    [osimulator] (1x1x8192) @ (8192x256) input=uint8 ... done (3.8s)
    [osimulator] (1x1x256) @ (256x10) input=uint8 ... done (0.0s)
  [Model 1 Phase4 v3 INT8 (变体 A) optic]  211/650 ( 32.5%) acc=98.58%  elapsed=10269s  ETA=21366s
    [osimulator] (1x4096x288) @ (288x32) input=uint8 ... done (13.8s)
    [osimulator] (1x1024x288) @ (288x64) input=uint8 ... done (4.3s)
    [osimulator] (1x1024x576) @ (576x64) input=uint8 ... done (6.3s)
    [osimulator] (1x256x576) @ (576x128) input=uint8 ... done (6.4s)
    [osimulator] (1x256x1152) @ (1152x128) input=uint8 ... done (8.5s)
    [osimulator] (1x1x8192) @ (8192x256) input=uint8 ... done (3.7s)
    [osimulator] (1x1x256) @ (256x10) input=uint8 ... done (0.0s)
  [Model 1 Phase4 v3 INT8 (变体 A) optic]  212/650 ( 32.6%) acc=98.58%  elapsed=10312s  ETA=21306s
    [osimulator] (1x4096x288) @ (288x32) input=uint8 ... done (14.3s)
    [osimulator] (1x1024x288) @ (288x64) input=uint8 ... done (4.3s)
    [osimulator] (1x1024x576) @ (576x64) input=uint8 ... done (6.3s)
    [osimulator] (1x256x576) @ (576x128) input=uint8 ... done (6.5s)
    [osimulator] (1x256x1152) @ (1152x128) input=uint8 ... done (8.5s)
    [osimulator] (1x1x8192) @ (8192x256) input=uint8 ... done (3.6s)
    [osimulator] (1x1x256) @ (256x10) input=uint8 ... done (0.0s)
  [Model 1 Phase4 v3 INT8 (变体 A) optic]  213/650 ( 32.8%) acc=98.59%  elapsed=10356s  ETA=21247s
    [osimulator] (1x4096x288) @ (288x32) input=uint8 ... done (14.1s)
    [osimulator] (1x1024x288) @ (288x64) input=uint8 ... done (4.3s)
    [osimulator] (1x1024x576) @ (576x64) input=uint8 ... done (6.3s)
    [osimulator] (1x256x576) @ (576x128) input=uint8 ... done (6.5s)
    [osimulator] (1x256x1152) @ (1152x128) input=uint8 ... done (8.6s)
    [osimulator] (1x1x8192) @ (8192x256) input=uint8 ... done (3.7s)
    [osimulator] (1x1x256) @ (256x10) input=uint8 ... done (0.0s)
  [Model 1 Phase4 v3 INT8 (变体 A) optic]  214/650 ( 32.9%) acc=98.60%  elapsed=10400s  ETA=21188s
    [osimulator] (1x4096x288) @ (288x32) input=uint8 ... done (11.8s)
    [osimulator] (1x1024x288) @ (288x64) input=uint8 ... done (4.3s)
    [osimulator] (1x1024x576) @ (576x64) input=uint8 ... done (6.4s)
    [osimulator] (1x256x576) @ (576x128) input=uint8 ... done (6.3s)
    [osimulator] (1x256x1152) @ (1152x128) input=uint8 ... done (8.7s)
    [osimulator] (1x1x8192) @ (8192x256) input=uint8 ... done (3.4s)
    [osimulator] (1x1x256) @ (256x10) input=uint8 ... done (0.0s)
  [Model 1 Phase4 v3 INT8 (变体 A) optic]  215/650 ( 33.1%) acc=98.60%  elapsed=10441s  ETA=21124s
    [osimulator] (1x4096x288) @ (288x32) input=uint8 ... done (13.5s)
    [osimulator] (1x1024x288) @ (288x64) input=uint8 ... done (4.3s)
    [osimulator] (1x1024x576) @ (576x64) input=uint8 ... done (6.3s)
    [osimulator] (1x256x576) @ (576x128) input=uint8 ... done (6.4s)
    [osimulator] (1x256x1152) @ (1152x128) input=uint8 ... done (8.6s)
    [osimulator] (1x1x8192) @ (8192x256) input=uint8 ... done (3.5s)
    [osimulator] (1x1x256) @ (256x10) input=uint8 ... done (0.0s)
  [Model 1 Phase4 v3 INT8 (变体 A) optic]  216/650 ( 33.2%) acc=98.61%  elapsed=10483s  ETA=21064s
    [osimulator] (1x4096x288) @ (288x32) input=uint8 ... done (16.8s)
    [osimulator] (1x1024x288) @ (288x64) input=uint8 ... done (4.3s)
    [osimulator] (1x1024x576) @ (576x64) input=uint8 ... done (6.4s)
    [osimulator] (1x256x576) @ (576x128) input=uint8 ... done (6.5s)
    [osimulator] (1x256x1152) @ (1152x128) input=uint8 ... done (8.5s)
    [osimulator] (1x1x8192) @ (8192x256) input=uint8 ... done (3.7s)
    [osimulator] (1x1x256) @ (256x10) input=uint8 ... done (0.0s)
  [Model 1 Phase4 v3 INT8 (变体 A) optic]  217/650 ( 33.4%) acc=98.62%  elapsed=10529s  ETA=21010s
    [osimulator] (1x4096x288) @ (288x32) input=uint8 ... done (18.5s)
    [osimulator] (1x1024x288) @ (288x64) input=uint8 ... done (4.3s)
    [osimulator] (1x1024x576) @ (576x64) input=uint8 ... done (6.3s)
    [osimulator] (1x256x576) @ (576x128) input=uint8 ... done (6.5s)
    [osimulator] (1x256x1152) @ (1152x128) input=uint8 ... done (8.5s)
    [osimulator] (1x1x8192) @ (8192x256) input=uint8 ... done (3.7s)
    [osimulator] (1x1x256) @ (256x10) input=uint8 ... done (0.0s)
  [Model 1 Phase4 v3 INT8 (变体 A) optic]  218/650 ( 33.5%) acc=98.62%  elapsed=10577s  ETA=20961s
    [osimulator] (1x4096x288) @ (288x32) input=uint8 ... done (14.3s)
    [osimulator] (1x1024x288) @ (288x64) input=uint8 ... done (4.4s)
    [osimulator] (1x1024x576) @ (576x64) input=uint8 ... done (6.3s)
    [osimulator] (1x256x576) @ (576x128) input=uint8 ... done (6.5s)
    [osimulator] (1x256x1152) @ (1152x128) input=uint8 ... done (8.7s)
    [osimulator] (1x1x8192) @ (8192x256) input=uint8 ... done (3.6s)
    [osimulator] (1x1x256) @ (256x10) input=uint8 ... done (0.0s)
  [Model 1 Phase4 v3 INT8 (变体 A) optic]  219/650 ( 33.7%) acc=98.63%  elapsed=10621s  ETA=20903s
    [osimulator] (1x4096x288) @ (288x32) input=uint8 ... done (14.9s)
    [osimulator] (1x1024x288) @ (288x64) input=uint8 ... done (4.3s)
    [osimulator] (1x1024x576) @ (576x64) input=uint8 ... done (6.3s)
    [osimulator] (1x256x576) @ (576x128) input=uint8 ... done (6.4s)
    [osimulator] (1x256x1152) @ (1152x128) input=uint8 ... done (8.5s)
    [osimulator] (1x1x8192) @ (8192x256) input=uint8 ... done (3.7s)
    [osimulator] (1x1x256) @ (256x10) input=uint8 ... done (0.0s)
  [Model 1 Phase4 v3 INT8 (变体 A) optic]  220/650 ( 33.8%) acc=98.64%  elapsed=10665s  ETA=20846s
    [osimulator] (1x4096x288) @ (288x32) input=uint8 ... done (15.3s)
    [osimulator] (1x1024x288) @ (288x64) input=uint8 ... done (4.3s)
    [osimulator] (1x1024x576) @ (576x64) input=uint8 ... done (6.4s)
    [osimulator] (1x256x576) @ (576x128) input=uint8 ... done (6.5s)
    [osimulator] (1x256x1152) @ (1152x128) input=uint8 ... done (8.5s)
    [osimulator] (1x1x8192) @ (8192x256) input=uint8 ... done (3.6s)
    [osimulator] (1x1x256) @ (256x10) input=uint8 ... done (0.0s)
  [Model 1 Phase4 v3 INT8 (变体 A) optic]  221/650 ( 34.0%) acc=98.64%  elapsed=10710s  ETA=20790s
    [osimulator] (1x4096x288) @ (288x32) input=uint8 ... done (13.6s)
    [osimulator] (1x1024x288) @ (288x64) input=uint8 ... done (4.3s)
    [osimulator] (1x1024x576) @ (576x64) input=uint8 ... done (6.3s)
    [osimulator] (1x256x576) @ (576x128) input=uint8 ... done (7.0s)
    [osimulator] (1x256x1152) @ (1152x128) input=uint8 ... done (8.6s)
    [osimulator] (1x1x8192) @ (8192x256) input=uint8 ... done (3.7s)
    [osimulator] (1x1x256) @ (256x10) input=uint8 ... done (0.0s)
  [Model 1 Phase4 v3 INT8 (变体 A) optic]  222/650 ( 34.2%) acc=98.65%  elapsed=10754s  ETA=20732s
    [osimulator] (1x4096x288) @ (288x32) input=uint8 ... done (14.9s)
    [osimulator] (1x1024x288) @ (288x64) input=uint8 ... done (4.3s)
    [osimulator] (1x1024x576) @ (576x64) input=uint8 ... done (6.4s)
    [osimulator] (1x256x576) @ (576x128) input=uint8 ... done (6.5s)
    [osimulator] (1x256x1152) @ (1152x128) input=uint8 ... done (8.6s)
    [osimulator] (1x1x8192) @ (8192x256) input=uint8 ... done (3.6s)
    [osimulator] (1x1x256) @ (256x10) input=uint8 ... done (0.0s)
  [Model 1 Phase4 v3 INT8 (变体 A) optic]  223/650 ( 34.3%) acc=98.65%  elapsed=10798s  ETA=20676s
    [osimulator] (1x4096x288) @ (288x32) input=uint8 ... done (13.5s)
    [osimulator] (1x1024x288) @ (288x64) input=uint8 ... done (4.3s)
    [osimulator] (1x1024x576) @ (576x64) input=uint8 ... done (6.4s)
    [osimulator] (1x256x576) @ (576x128) input=uint8 ... done (6.4s)
    [osimulator] (1x256x1152) @ (1152x128) input=uint8 ... done (8.6s)
    [osimulator] (1x1x8192) @ (8192x256) input=uint8 ... done (3.7s)
    [osimulator] (1x1x256) @ (256x10) input=uint8 ... done (0.0s)
  [Model 1 Phase4 v3 INT8 (变体 A) optic]  224/650 ( 34.5%) acc=98.66%  elapsed=10841s  ETA=20617s
    [osimulator] (1x4096x288) @ (288x32) input=uint8 ... done (15.3s)
    [osimulator] (1x1024x288) @ (288x64) input=uint8 ... done (4.3s)
    [osimulator] (1x1024x576) @ (576x64) input=uint8 ... done (6.3s)
    [osimulator] (1x256x576) @ (576x128) input=uint8 ... done (6.4s)
    [osimulator] (1x256x1152) @ (1152x128) input=uint8 ... done (8.5s)
    [osimulator] (1x1x8192) @ (8192x256) input=uint8 ... done (3.6s)
    [osimulator] (1x1x256) @ (256x10) input=uint8 ... done (0.0s)
  [Model 1 Phase4 v3 INT8 (变体 A) optic]  225/650 ( 34.6%) acc=98.67%  elapsed=10885s  ETA=20561s
    [osimulator] (1x4096x288) @ (288x32) input=uint8 ... done (16.8s)
    [osimulator] (1x1024x288) @ (288x64) input=uint8 ... done (4.3s)
    [osimulator] (1x1024x576) @ (576x64) input=uint8 ... done (6.4s)
    [osimulator] (1x256x576) @ (576x128) input=uint8 ... done (6.4s)
    [osimulator] (1x256x1152) @ (1152x128) input=uint8 ... done (8.4s)
    [osimulator] (1x1x8192) @ (8192x256) input=uint8 ... done (3.5s)
    [osimulator] (1x1x256) @ (256x10) input=uint8 ... done (0.0s)
  [Model 1 Phase4 v3 INT8 (变体 A) optic]  226/650 ( 34.8%) acc=98.67%  elapsed=10931s  ETA=20508s
    [osimulator] (1x4096x288) @ (288x32) input=uint8 ... done (14.1s)
    [osimulator] (1x1024x288) @ (288x64) input=uint8 ... done (4.3s)
    [osimulator] (1x1024x576) @ (576x64) input=uint8 ... done (6.3s)
    [osimulator] (1x256x576) @ (576x128) input=uint8 ... done (6.4s)
    [osimulator] (1x256x1152) @ (1152x128) input=uint8 ... done (8.5s)
    [osimulator] (1x1x8192) @ (8192x256) input=uint8 ... done (3.6s)
    [osimulator] (1x1x256) @ (256x10) input=uint8 ... done (0.0s)
  [Model 1 Phase4 v3 INT8 (变体 A) optic]  227/650 ( 34.9%) acc=98.68%  elapsed=10974s  ETA=20450s
    [osimulator] (1x4096x288) @ (288x32) input=uint8 ... done (13.4s)
    [osimulator] (1x1024x288) @ (288x64) input=uint8 ... done (4.3s)
    [osimulator] (1x1024x576) @ (576x64) input=uint8 ... done (6.2s)
    [osimulator] (1x256x576) @ (576x128) input=uint8 ... done (6.3s)
    [osimulator] (1x256x1152) @ (1152x128) input=uint8 ... done (8.5s)
    [osimulator] (1x1x8192) @ (8192x256) input=uint8 ... done (3.7s)
    [osimulator] (1x1x256) @ (256x10) input=uint8 ... done (0.0s)
  [Model 1 Phase4 v3 INT8 (变体 A) optic]  228/650 ( 35.1%) acc=98.68%  elapsed=11017s  ETA=20391s
    [osimulator] (1x4096x288) @ (288x32) input=uint8 ... done (12.9s)
    [osimulator] (1x1024x288) @ (288x64) input=uint8 ... done (4.3s)
    [osimulator] (1x1024x576) @ (576x64) input=uint8 ... done (6.2s)
    [osimulator] (1x256x576) @ (576x128) input=uint8 ... done (6.4s)
    [osimulator] (1x256x1152) @ (1152x128) input=uint8 ... done (8.5s)
    [osimulator] (1x1x8192) @ (8192x256) input=uint8 ... done (3.6s)
    [osimulator] (1x1x256) @ (256x10) input=uint8 ... done (0.0s)
  [Model 1 Phase4 v3 INT8 (变体 A) optic]  229/650 ( 35.2%) acc=98.69%  elapsed=11059s  ETA=20331s
    [osimulator] (1x4096x288) @ (288x32) input=uint8 ... done (8.0s)
    [osimulator] (1x1024x288) @ (288x64) input=uint8 ... done (4.3s)
    [osimulator] (1x1024x576) @ (576x64) input=uint8 ... done (6.3s)
    [osimulator] (1x256x576) @ (576x128) input=uint8 ... done (6.5s)
    [osimulator] (1x256x1152) @ (1152x128) input=uint8 ... done (8.5s)
    [osimulator] (1x1x8192) @ (8192x256) input=uint8 ... done (3.8s)
    [osimulator] (1x1x256) @ (256x10) input=uint8 ... done (0.0s)
  [Model 1 Phase4 v3 INT8 (变体 A) optic]  230/650 ( 35.4%) acc=98.70%  elapsed=11096s  ETA=20263s
    [osimulator] (1x4096x288) @ (288x32) input=uint8 ... done (13.2s)
    [osimulator] (1x1024x288) @ (288x64) input=uint8 ... done (4.3s)
    [osimulator] (1x1024x576) @ (576x64) input=uint8 ... done (6.4s)
    [osimulator] (1x256x576) @ (576x128) input=uint8 ... done (6.4s)
    [osimulator] (1x256x1152) @ (1152x128) input=uint8 ... done (8.5s)
    [osimulator] (1x1x8192) @ (8192x256) input=uint8 ... done (3.6s)
    [osimulator] (1x1x256) @ (256x10) input=uint8 ... done (0.0s)
  [Model 1 Phase4 v3 INT8 (变体 A) optic]  231/650 ( 35.5%) acc=98.70%  elapsed=11139s  ETA=20204s
    [osimulator] (1x4096x288) @ (288x32) input=uint8 ... done (15.8s)
    [osimulator] (1x1024x288) @ (288x64) input=uint8 ... done (4.4s)
    [osimulator] (1x1024x576) @ (576x64) input=uint8 ... done (6.4s)
    [osimulator] (1x256x576) @ (576x128) input=uint8 ... done (6.4s)
    [osimulator] (1x256x1152) @ (1152x128) input=uint8 ... done (8.6s)
    [osimulator] (1x1x8192) @ (8192x256) input=uint8 ... done (3.7s)
    [osimulator] (1x1x256) @ (256x10) input=uint8 ... done (0.0s)
  [Model 1 Phase4 v3 INT8 (变体 A) optic]  232/650 ( 35.7%) acc=98.71%  elapsed=11184s  ETA=20151s
    [osimulator] (1x4096x288) @ (288x32) input=uint8 ... done (15.1s)
    [osimulator] (1x1024x288) @ (288x64) input=uint8 ... done (4.3s)
    [osimulator] (1x1024x576) @ (576x64) input=uint8 ... done (6.3s)
    [osimulator] (1x256x576) @ (576x128) input=uint8 ... done (6.4s)
    [osimulator] (1x256x1152) @ (1152x128) input=uint8 ... done (8.5s)
    [osimulator] (1x1x8192) @ (8192x256) input=uint8 ... done (3.5s)
    [osimulator] (1x1x256) @ (256x10) input=uint8 ... done (0.0s)
  [Model 1 Phase4 v3 INT8 (变体 A) optic]  233/650 ( 35.8%) acc=98.71%  elapsed=11228s  ETA=20095s
    [osimulator] (1x4096x288) @ (288x32) input=uint8 ... done (15.0s)
    [osimulator] (1x1024x288) @ (288x64) input=uint8 ... done (4.3s)
    [osimulator] (1x1024x576) @ (576x64) input=uint8 ... done (6.4s)
    [osimulator] (1x256x576) @ (576x128) input=uint8 ... done (6.5s)
    [osimulator] (1x256x1152) @ (1152x128) input=uint8 ... done (8.6s)
    [osimulator] (1x1x8192) @ (8192x256) input=uint8 ... done (3.7s)
    [osimulator] (1x1x256) @ (256x10) input=uint8 ... done (0.0s)
  [Model 1 Phase4 v3 INT8 (变体 A) optic]  234/650 ( 36.0%) acc=98.72%  elapsed=11273s  ETA=20040s
    [osimulator] (1x4096x288) @ (288x32) input=uint8 ... done (14.5s)
    [osimulator] (1x1024x288) @ (288x64) input=uint8 ... done (4.3s)
    [osimulator] (1x1024x576) @ (576x64) input=uint8 ... done (6.3s)
    [osimulator] (1x256x576) @ (576x128) input=uint8 ... done (6.4s)
    [osimulator] (1x256x1152) @ (1152x128) input=uint8 ... done (8.5s)
    [osimulator] (1x1x8192) @ (8192x256) input=uint8 ... done (3.5s)
    [osimulator] (1x1x256) @ (256x10) input=uint8 ... done (0.0s)
  [Model 1 Phase4 v3 INT8 (变体 A) optic]  235/650 ( 36.2%) acc=98.72%  elapsed=11316s  ETA=19984s
    [osimulator] (1x4096x288) @ (288x32) input=uint8 ... done (13.6s)
    [osimulator] (1x1024x288) @ (288x64) input=uint8 ... done (4.4s)
    [osimulator] (1x1024x576) @ (576x64) input=uint8 ... done (6.2s)
    [osimulator] (1x256x576) @ (576x128) input=uint8 ... done (6.5s)
    [osimulator] (1x256x1152) @ (1152x128) input=uint8 ... done (8.6s)
    [osimulator] (1x1x8192) @ (8192x256) input=uint8 ... done (3.8s)
    [osimulator] (1x1x256) @ (256x10) input=uint8 ... done (0.0s)
  [Model 1 Phase4 v3 INT8 (变体 A) optic]  236/650 ( 36.3%) acc=98.73%  elapsed=11360s  ETA=19927s
    [osimulator] (1x4096x288) @ (288x32) input=uint8 ... done (15.1s)
    [osimulator] (1x1024x288) @ (288x64) input=uint8 ... done (4.3s)
    [osimulator] (1x1024x576) @ (576x64) input=uint8 ... done (6.2s)
    [osimulator] (1x256x576) @ (576x128) input=uint8 ... done (6.4s)
    [osimulator] (1x256x1152) @ (1152x128) input=uint8 ... done (8.5s)
    [osimulator] (1x1x8192) @ (8192x256) input=uint8 ... done (3.6s)
    [osimulator] (1x1x256) @ (256x10) input=uint8 ... done (0.0s)
  [Model 1 Phase4 v3 INT8 (变体 A) optic]  237/650 ( 36.5%) acc=98.73%  elapsed=11404s  ETA=19872s
    [osimulator] (1x4096x288) @ (288x32) input=uint8 ... done (18.4s)
    [osimulator] (1x1024x288) @ (288x64) input=uint8 ... done (4.3s)
    [osimulator] (1x1024x576) @ (576x64) input=uint8 ... done (6.2s)
    [osimulator] (1x256x576) @ (576x128) input=uint8 ... done (6.5s)
    [osimulator] (1x256x1152) @ (1152x128) input=uint8 ... done (8.5s)
    [osimulator] (1x1x8192) @ (8192x256) input=uint8 ... done (3.8s)
    [osimulator] (1x1x256) @ (256x10) input=uint8 ... done (0.0s)
  [Model 1 Phase4 v3 INT8 (变体 A) optic]  238/650 ( 36.6%) acc=98.74%  elapsed=11451s  ETA=19823s
    [osimulator] (1x4096x288) @ (288x32) input=uint8 ... done (13.6s)
    [osimulator] (1x1024x288) @ (288x64) input=uint8 ... done (4.3s)
    [osimulator] (1x1024x576) @ (576x64) input=uint8 ... done (6.4s)
    [osimulator] (1x256x576) @ (576x128) input=uint8 ... done (6.7s)
    [osimulator] (1x256x1152) @ (1152x128) input=uint8 ... done (8.5s)
    [osimulator] (1x1x8192) @ (8192x256) input=uint8 ... done (3.7s)
    [osimulator] (1x1x256) @ (256x10) input=uint8 ... done (0.0s)
  [Model 1 Phase4 v3 INT8 (变体 A) optic]  239/650 ( 36.8%) acc=98.74%  elapsed=11495s  ETA=19767s
    [osimulator] (1x4096x288) @ (288x32) input=uint8 ... done (18.0s)
    [osimulator] (1x1024x288) @ (288x64) input=uint8 ... done (4.3s)
    [osimulator] (1x1024x576) @ (576x64) input=uint8 ... done (6.5s)
    [osimulator] (1x256x576) @ (576x128) input=uint8 ... done (6.4s)
    [osimulator] (1x256x1152) @ (1152x128) input=uint8 ... done (8.5s)
    [osimulator] (1x1x8192) @ (8192x256) input=uint8 ... done (3.6s)
    [osimulator] (1x1x256) @ (256x10) input=uint8 ... done (0.0s)
  [Model 1 Phase4 v3 INT8 (变体 A) optic]  240/650 ( 36.9%) acc=98.75%  elapsed=11542s  ETA=19717s
    [osimulator] (1x4096x288) @ (288x32) input=uint8 ... done (17.5s)
    [osimulator] (1x1024x288) @ (288x64) input=uint8 ... done (4.3s)
    [osimulator] (1x1024x576) @ (576x64) input=uint8 ... done (6.3s)
    [osimulator] (1x256x576) @ (576x128) input=uint8 ... done (6.4s)
    [osimulator] (1x256x1152) @ (1152x128) input=uint8 ... done (8.5s)
    [osimulator] (1x1x8192) @ (8192x256) input=uint8 ... done (3.8s)
    [osimulator] (1x1x256) @ (256x10) input=uint8 ... done (0.0s)
  [Model 1 Phase4 v3 INT8 (变体 A) optic]  241/650 ( 37.1%) acc=98.76%  elapsed=11589s  ETA=19667s
    [osimulator] (1x4096x288) @ (288x32) input=uint8 ... done (8.2s)
    [osimulator] (1x1024x288) @ (288x64) input=uint8 ... done (4.3s)
    [osimulator] (1x1024x576) @ (576x64) input=uint8 ... done (6.3s)
    [osimulator] (1x256x576) @ (576x128) input=uint8 ... done (6.4s)
    [osimulator] (1x256x1152) @ (1152x128) input=uint8 ... done (8.6s)
    [osimulator] (1x1x8192) @ (8192x256) input=uint8 ... done (3.7s)
    [osimulator] (1x1x256) @ (256x10) input=uint8 ... done (0.0s)
  [Model 1 Phase4 v3 INT8 (变体 A) optic]  242/650 ( 37.2%) acc=98.76%  elapsed=11626s  ETA=19601s
    [osimulator] (1x4096x288) @ (288x32) input=uint8 ... done (13.6s)
    [osimulator] (1x1024x288) @ (288x64) input=uint8 ... done (4.4s)
    [osimulator] (1x1024x576) @ (576x64) input=uint8 ... done (6.3s)
    [osimulator] (1x256x576) @ (576x128) input=uint8 ... done (6.4s)
    [osimulator] (1x256x1152) @ (1152x128) input=uint8 ... done (8.3s)
    [osimulator] (1x1x8192) @ (8192x256) input=uint8 ... done (3.4s)
    [osimulator] (1x1x256) @ (256x10) input=uint8 ... done (0.0s)
  [Model 1 Phase4 v3 INT8 (变体 A) optic]  243/650 ( 37.4%) acc=98.77%  elapsed=11669s  ETA=19544s
    [osimulator] (1x4096x288) @ (288x32) input=uint8 ... done (14.5s)
    [osimulator] (1x1024x288) @ (288x64) input=uint8 ... done (4.4s)
    [osimulator] (1x1024x576) @ (576x64) input=uint8 ... done (6.4s)
    [osimulator] (1x256x576) @ (576x128) input=uint8 ... done (6.5s)
    [osimulator] (1x256x1152) @ (1152x128) input=uint8 ... done (8.4s)
    [osimulator] (1x1x8192) @ (8192x256) input=uint8 ... done (3.4s)
    [osimulator] (1x1x256) @ (256x10) input=uint8 ... done (0.0s)
  [Model 1 Phase4 v3 INT8 (变体 A) optic]  244/650 ( 37.5%) acc=98.77%  elapsed=11712s  ETA=19489s
    [osimulator] (1x4096x288) @ (288x32) input=uint8 ... done (14.9s)
    [osimulator] (1x1024x288) @ (288x64) input=uint8 ... done (4.3s)
    [osimulator] (1x1024x576) @ (576x64) input=uint8 ... done (6.4s)
    [osimulator] (1x256x576) @ (576x128) input=uint8 ... done (6.5s)
    [osimulator] (1x256x1152) @ (1152x128) input=uint8 ... done (8.5s)
    [osimulator] (1x1x8192) @ (8192x256) input=uint8 ... done (3.7s)
    [osimulator] (1x1x256) @ (256x10) input=uint8 ... done (0.0s)
  [Model 1 Phase4 v3 INT8 (变体 A) optic]  245/650 ( 37.7%) acc=98.78%  elapsed=11757s  ETA=19435s
    [osimulator] (1x4096x288) @ (288x32) input=uint8 ... done (16.2s)
    [osimulator] (1x1024x288) @ (288x64) input=uint8 ... done (4.3s)
    [osimulator] (1x1024x576) @ (576x64) input=uint8 ... done (6.4s)
    [osimulator] (1x256x576) @ (576x128) input=uint8 ... done (6.5s)
    [osimulator] (1x256x1152) @ (1152x128) input=uint8 ... done (8.5s)
    [osimulator] (1x1x8192) @ (8192x256) input=uint8 ... done (3.8s)
    [osimulator] (1x1x256) @ (256x10) input=uint8 ... done (0.0s)
  [Model 1 Phase4 v3 INT8 (变体 A) optic]  246/650 ( 37.8%) acc=98.78%  elapsed=11802s  ETA=19383s
    [osimulator] (1x4096x288) @ (288x32) input=uint8 ... done (13.7s)
    [osimulator] (1x1024x288) @ (288x64) input=uint8 ... done (4.3s)
    [osimulator] (1x1024x576) @ (576x64) input=uint8 ... done (6.4s)
    [osimulator] (1x256x576) @ (576x128) input=uint8 ... done (6.4s)
    [osimulator] (1x256x1152) @ (1152x128) input=uint8 ... done (8.6s)
    [osimulator] (1x1x8192) @ (8192x256) input=uint8 ... done (3.5s)
    [osimulator] (1x1x256) @ (256x10) input=uint8 ... done (0.0s)
  [Model 1 Phase4 v3 INT8 (变体 A) optic]  247/650 ( 38.0%) acc=98.79%  elapsed=11845s  ETA=19327s
    [osimulator] (1x4096x288) @ (288x32) input=uint8 ... done (13.7s)
    [osimulator] (1x1024x288) @ (288x64) input=uint8 ... done (4.3s)
    [osimulator] (1x1024x576) @ (576x64) input=uint8 ... done (6.3s)
    [osimulator] (1x256x576) @ (576x128) input=uint8 ... done (6.4s)
    [osimulator] (1x256x1152) @ (1152x128) input=uint8 ... done (8.4s)
    [osimulator] (1x1x8192) @ (8192x256) input=uint8 ... done (3.4s)
    [osimulator] (1x1x256) @ (256x10) input=uint8 ... done (0.0s)
  [Model 1 Phase4 v3 INT8 (变体 A) optic]  248/650 ( 38.2%) acc=98.79%  elapsed=11888s  ETA=19270s
    [osimulator] (1x4096x288) @ (288x32) input=uint8 ... done (15.1s)
    [osimulator] (1x1024x288) @ (288x64) input=uint8 ... done (4.4s)
    [osimulator] (1x1024x576) @ (576x64) input=uint8 ... done (6.2s)
    [osimulator] (1x256x576) @ (576x128) input=uint8 ... done (6.5s)
    [osimulator] (1x256x1152) @ (1152x128) input=uint8 ... done (8.5s)
    [osimulator] (1x1x8192) @ (8192x256) input=uint8 ... done (3.5s)
    [osimulator] (1x1x256) @ (256x10) input=uint8 ... done (0.0s)
  [Model 1 Phase4 v3 INT8 (变体 A) optic]  249/650 ( 38.3%) acc=98.80%  elapsed=11932s  ETA=19216s
    [osimulator] (1x4096x288) @ (288x32) input=uint8 ... done (13.8s)
    [osimulator] (1x1024x288) @ (288x64) input=uint8 ... done (4.3s)
    [osimulator] (1x1024x576) @ (576x64) input=uint8 ... done (6.3s)
    [osimulator] (1x256x576) @ (576x128) input=uint8 ... done (6.3s)
    [osimulator] (1x256x1152) @ (1152x128) input=uint8 ... done (8.4s)
    [osimulator] (1x1x8192) @ (8192x256) input=uint8 ... done (3.5s)
    [osimulator] (1x1x256) @ (256x10) input=uint8 ... done (0.0s)
  [Model 1 Phase4 v3 INT8 (变体 A) optic]  250/650 ( 38.5%) acc=98.80%  elapsed=11975s  ETA=19160s
    [osimulator] (1x4096x288) @ (288x32) input=uint8 ... done (14.3s)
    [osimulator] (1x1024x288) @ (288x64) input=uint8 ... done (4.3s)
    [osimulator] (1x1024x576) @ (576x64) input=uint8 ... done (6.3s)
    [osimulator] (1x256x576) @ (576x128) input=uint8 ... done (6.2s)
    [osimulator] (1x256x1152) @ (1152x128) input=uint8 ... done (8.5s)
    [osimulator] (1x1x8192) @ (8192x256) input=uint8 ... done (3.6s)
    [osimulator] (1x1x256) @ (256x10) input=uint8 ... done (0.0s)
  [Model 1 Phase4 v3 INT8 (变体 A) optic]  251/650 ( 38.6%) acc=98.80%  elapsed=12018s  ETA=19104s
    [osimulator] (1x4096x288) @ (288x32) input=uint8 ... done (13.4s)
    [osimulator] (1x1024x288) @ (288x64) input=uint8 ... done (4.3s)
    [osimulator] (1x1024x576) @ (576x64) input=uint8 ... done (6.2s)
    [osimulator] (1x256x576) @ (576x128) input=uint8 ... done (6.5s)
    [osimulator] (1x256x1152) @ (1152x128) input=uint8 ... done (8.5s)
    [osimulator] (1x1x8192) @ (8192x256) input=uint8 ... done (3.7s)
    [osimulator] (1x1x256) @ (256x10) input=uint8 ... done (0.0s)
  [Model 1 Phase4 v3 INT8 (变体 A) optic]  252/650 ( 38.8%) acc=98.81%  elapsed=12061s  ETA=19048s
    [osimulator] (1x4096x288) @ (288x32) input=uint8 ... done (15.1s)
    [osimulator] (1x1024x288) @ (288x64) input=uint8 ... done (4.3s)
    [osimulator] (1x1024x576) @ (576x64) input=uint8 ... done (6.4s)
    [osimulator] (1x256x576) @ (576x128) input=uint8 ... done (6.3s)
    [osimulator] (1x256x1152) @ (1152x128) input=uint8 ... done (8.5s)
    [osimulator] (1x1x8192) @ (8192x256) input=uint8 ... done (3.5s)
    [osimulator] (1x1x256) @ (256x10) input=uint8 ... done (0.0s)
  [Model 1 Phase4 v3 INT8 (变体 A) optic]  253/650 ( 38.9%) acc=98.81%  elapsed=12105s  ETA=18994s
    [osimulator] (1x4096x288) @ (288x32) input=uint8 ... done (13.9s)
    [osimulator] (1x1024x288) @ (288x64) input=uint8 ... done (4.3s)
    [osimulator] (1x1024x576) @ (576x64) input=uint8 ... done (6.2s)
    [osimulator] (1x256x576) @ (576x128) input=uint8 ... done (6.5s)
    [osimulator] (1x256x1152) @ (1152x128) input=uint8 ... done (8.5s)
    [osimulator] (1x1x8192) @ (8192x256) input=uint8 ... done (3.6s)
    [osimulator] (1x1x256) @ (256x10) input=uint8 ... done (0.0s)
  [Model 1 Phase4 v3 INT8 (变体 A) optic]  254/650 ( 39.1%) acc=98.82%  elapsed=12148s  ETA=18939s
    [osimulator] (1x4096x288) @ (288x32) input=uint8 ... done (7.9s)
    [osimulator] (1x1024x288) @ (288x64) input=uint8 ... done (4.3s)
    [osimulator] (1x1024x576) @ (576x64) input=uint8 ... done (6.3s)
    [osimulator] (1x256x576) @ (576x128) input=uint8 ... done (6.4s)
    [osimulator] (1x256x1152) @ (1152x128) input=uint8 ... done (8.4s)
    [osimulator] (1x1x8192) @ (8192x256) input=uint8 ... done (3.7s)
    [osimulator] (1x1x256) @ (256x10) input=uint8 ... done (0.0s)
  [Model 1 Phase4 v3 INT8 (变体 A) optic]  255/650 ( 39.2%) acc=98.82%  elapsed=12185s  ETA=18874s
    [osimulator] (1x4096x288) @ (288x32) input=uint8 ... done (13.5s)
    [osimulator] (1x1024x288) @ (288x64) input=uint8 ... done (4.3s)
    [osimulator] (1x1024x576) @ (576x64) input=uint8 ... done (6.2s)
    [osimulator] (1x256x576) @ (576x128) input=uint8 ... done (6.4s)
    [osimulator] (1x256x1152) @ (1152x128) input=uint8 ... done (8.6s)
    [osimulator] (1x1x8192) @ (8192x256) input=uint8 ... done (3.7s)
    [osimulator] (1x1x256) @ (256x10) input=uint8 ... done (0.0s)
  [Model 1 Phase4 v3 INT8 (变体 A) optic]  256/650 ( 39.4%) acc=98.83%  elapsed=12227s  ETA=18819s
    [osimulator] (1x4096x288) @ (288x32) input=uint8 ... done (14.7s)
    [osimulator] (1x1024x288) @ (288x64) input=uint8 ... done (4.3s)
    [osimulator] (1x1024x576) @ (576x64) input=uint8 ... done (6.3s)
    [osimulator] (1x256x576) @ (576x128) input=uint8 ... done (6.5s)
    [osimulator] (1x256x1152) @ (1152x128) input=uint8 ... done (8.6s)
    [osimulator] (1x1x8192) @ (8192x256) input=uint8 ... done (3.7s)
    [osimulator] (1x1x256) @ (256x10) input=uint8 ... done (0.0s)
  [Model 1 Phase4 v3 INT8 (变体 A) optic]  257/650 ( 39.5%) acc=98.83%  elapsed=12271s  ETA=18765s
    [osimulator] (1x4096x288) @ (288x32) input=uint8 ... done (12.6s)
    [osimulator] (1x1024x288) @ (288x64) input=uint8 ... done (4.3s)
    [osimulator] (1x1024x576) @ (576x64) input=uint8 ... done (6.3s)
    [osimulator] (1x256x576) @ (576x128) input=uint8 ... done (6.6s)
    [osimulator] (1x256x1152) @ (1152x128) input=uint8 ... done (8.7s)
    [osimulator] (1x1x8192) @ (8192x256) input=uint8 ... done (3.8s)
    [osimulator] (1x1x256) @ (256x10) input=uint8 ... done (0.0s)
  [Model 1 Phase4 v3 INT8 (变体 A) optic]  258/650 ( 39.7%) acc=98.84%  elapsed=12314s  ETA=18709s
    [osimulator] (1x4096x288) @ (288x32) input=uint8 ... done (12.9s)
    [osimulator] (1x1024x288) @ (288x64) input=uint8 ... done (4.3s)
    [osimulator] (1x1024x576) @ (576x64) input=uint8 ... done (6.3s)
    [osimulator] (1x256x576) @ (576x128) input=uint8 ... done (6.4s)
    [osimulator] (1x256x1152) @ (1152x128) input=uint8 ... done (8.4s)
    [osimulator] (1x1x8192) @ (8192x256) input=uint8 ... done (3.6s)
    [osimulator] (1x1x256) @ (256x10) input=uint8 ... done (0.0s)
  [Model 1 Phase4 v3 INT8 (变体 A) optic]  259/650 ( 39.8%) acc=98.84%  elapsed=12356s  ETA=18653s
    [osimulator] (1x4096x288) @ (288x32) input=uint8 ... done (16.3s)
    [osimulator] (1x1024x288) @ (288x64) input=uint8 ... done (4.3s)
    [osimulator] (1x1024x576) @ (576x64) input=uint8 ... done (6.4s)
    [osimulator] (1x256x576) @ (576x128) input=uint8 ... done (6.6s)
    [osimulator] (1x256x1152) @ (1152x128) input=uint8 ... done (8.5s)
    [osimulator] (1x1x8192) @ (8192x256) input=uint8 ... done (3.7s)
    [osimulator] (1x1x256) @ (256x10) input=uint8 ... done (0.0s)
  [Model 1 Phase4 v3 INT8 (变体 A) optic]  260/650 ( 40.0%) acc=98.85%  elapsed=12401s  ETA=18602s
    [osimulator] (1x4096x288) @ (288x32) input=uint8 ... done (18.8s)
    [osimulator] (1x1024x288) @ (288x64) input=uint8 ... done (4.3s)
    [osimulator] (1x1024x576) @ (576x64) input=uint8 ... done (6.4s)
    [osimulator] (1x256x576) @ (576x128) input=uint8 ... done (6.6s)
    [osimulator] (1x256x1152) @ (1152x128) input=uint8 ... done (8.6s)
    [osimulator] (1x1x8192) @ (8192x256) input=uint8 ... done (3.7s)
    [osimulator] (1x1x256) @ (256x10) input=uint8 ... done (0.0s)
  [Model 1 Phase4 v3 INT8 (变体 A) optic]  261/650 ( 40.2%) acc=98.85%  elapsed=12450s  ETA=18556s
    [osimulator] (1x4096x288) @ (288x32) input=uint8 ... done (9.1s)
    [osimulator] (1x1024x288) @ (288x64) input=uint8 ... done (4.3s)
    [osimulator] (1x1024x576) @ (576x64) input=uint8 ... done (6.3s)
    [osimulator] (1x256x576) @ (576x128) input=uint8 ... done (6.5s)
    [osimulator] (1x256x1152) @ (1152x128) input=uint8 ... done (8.7s)
    [osimulator] (1x1x8192) @ (8192x256) input=uint8 ... done (3.5s)
    [osimulator] (1x1x256) @ (256x10) input=uint8 ... done (0.0s)
  [Model 1 Phase4 v3 INT8 (变体 A) optic]  262/650 ( 40.3%) acc=98.85%  elapsed=12488s  ETA=18494s
    [osimulator] (1x4096x288) @ (288x32) input=uint8 ... done (16.5s)
    [osimulator] (1x1024x288) @ (288x64) input=uint8 ... done (4.3s)
    [osimulator] (1x1024x576) @ (576x64) input=uint8 ... done (6.2s)
    [osimulator] (1x256x576) @ (576x128) input=uint8 ... done (6.4s)
    [osimulator] (1x256x1152) @ (1152x128) input=uint8 ... done (8.6s)
    [osimulator] (1x1x8192) @ (8192x256) input=uint8 ... done (3.5s)
    [osimulator] (1x1x256) @ (256x10) input=uint8 ... done (0.0s)
  [Model 1 Phase4 v3 INT8 (变体 A) optic]  263/650 ( 40.5%) acc=98.86%  elapsed=12534s  ETA=18443s
    [osimulator] (1x4096x288) @ (288x32) input=uint8 ... done (16.4s)
    [osimulator] (1x1024x288) @ (288x64) input=uint8 ... done (4.2s)
    [osimulator] (1x1024x576) @ (576x64) input=uint8 ... done (6.4s)
    [osimulator] (1x256x576) @ (576x128) input=uint8 ... done (6.6s)
    [osimulator] (1x256x1152) @ (1152x128) input=uint8 ... done (8.5s)
    [osimulator] (1x1x8192) @ (8192x256) input=uint8 ... done (4.0s)
    [osimulator] (1x1x256) @ (256x10) input=uint8 ... done (0.0s)
  [Model 1 Phase4 v3 INT8 (变体 A) optic]  264/650 ( 40.6%) acc=98.86%  elapsed=12580s  ETA=18393s
    [osimulator] (1x4096x288) @ (288x32) input=uint8 ... done (15.2s)
    [osimulator] (1x1024x288) @ (288x64) input=uint8 ... done (4.3s)
    [osimulator] (1x1024x576) @ (576x64) input=uint8 ... done (6.4s)
    [osimulator] (1x256x576) @ (576x128) input=uint8 ... done (6.4s)
    [osimulator] (1x256x1152) @ (1152x128) input=uint8 ... done (8.6s)
    [osimulator] (1x1x8192) @ (8192x256) input=uint8 ... done (3.7s)
    [osimulator] (1x1x256) @ (256x10) input=uint8 ... done (0.0s)
  [Model 1 Phase4 v3 INT8 (变体 A) optic]  265/650 ( 40.8%) acc=98.87%  elapsed=12625s  ETA=18341s
    [osimulator] (1x4096x288) @ (288x32) input=uint8 ... done (16.0s)
    [osimulator] (1x1024x288) @ (288x64) input=uint8 ... done (4.3s)
    [osimulator] (1x1024x576) @ (576x64) input=uint8 ... done (6.3s)
    [osimulator] (1x256x576) @ (576x128) input=uint8 ... done (6.8s)
    [osimulator] (1x256x1152) @ (1152x128) input=uint8 ... done (8.5s)
    [osimulator] (1x1x8192) @ (8192x256) input=uint8 ... done (3.7s)
    [osimulator] (1x1x256) @ (256x10) input=uint8 ... done (0.0s)
  [Model 1 Phase4 v3 INT8 (变体 A) optic]  266/650 ( 40.9%) acc=98.87%  elapsed=12670s  ETA=18291s
    [osimulator] (1x4096x288) @ (288x32) input=uint8 ... done (15.1s)
    [osimulator] (1x1024x288) @ (288x64) input=uint8 ... done (4.3s)
    [osimulator] (1x1024x576) @ (576x64) input=uint8 ... done (6.3s)
    [osimulator] (1x256x576) @ (576x128) input=uint8 ... done (6.4s)
    [osimulator] (1x256x1152) @ (1152x128) input=uint8 ... done (8.4s)
    [osimulator] (1x1x8192) @ (8192x256) input=uint8 ... done (3.8s)
    [osimulator] (1x1x256) @ (256x10) input=uint8 ... done (0.0s)
  [Model 1 Phase4 v3 INT8 (变体 A) optic]  267/650 ( 41.1%) acc=98.88%  elapsed=12714s  ETA=18238s
    [osimulator] (1x4096x288) @ (288x32) input=uint8 ... done (15.5s)
    [osimulator] (1x1024x288) @ (288x64) input=uint8 ... done (4.3s)
    [osimulator] (1x1024x576) @ (576x64) input=uint8 ... done (6.3s)
    [osimulator] (1x256x576) @ (576x128) input=uint8 ... done (6.4s)
    [osimulator] (1x256x1152) @ (1152x128) input=uint8 ... done (8.6s)
    [osimulator] (1x1x8192) @ (8192x256) input=uint8 ... done (3.7s)
    [osimulator] (1x1x256) @ (256x10) input=uint8 ... done (0.0s)
  [Model 1 Phase4 v3 INT8 (变体 A) optic]  268/650 ( 41.2%) acc=98.88%  elapsed=12759s  ETA=18187s
    [osimulator] (1x4096x288) @ (288x32) input=uint8 ... done (13.1s)
    [osimulator] (1x1024x288) @ (288x64) input=uint8 ... done (4.4s)
    [osimulator] (1x1024x576) @ (576x64) input=uint8 ... done (6.3s)
    [osimulator] (1x256x576) @ (576x128) input=uint8 ... done (6.7s)
    [osimulator] (1x256x1152) @ (1152x128) input=uint8 ... done (8.8s)
    [osimulator] (1x1x8192) @ (8192x256) input=uint8 ... done (3.7s)
    [osimulator] (1x1x256) @ (256x10) input=uint8 ... done (0.0s)
  [Model 1 Phase4 v3 INT8 (变体 A) optic]  269/650 ( 41.4%) acc=98.88%  elapsed=12802s  ETA=18132s
    [osimulator] (1x4096x288) @ (288x32) input=uint8 ... done (14.5s)
    [osimulator] (1x1024x288) @ (288x64) input=uint8 ... done (4.3s)
    [osimulator] (1x1024x576) @ (576x64) input=uint8 ... done (6.2s)
    [osimulator] (1x256x576) @ (576x128) input=uint8 ... done (6.4s)
    [osimulator] (1x256x1152) @ (1152x128) input=uint8 ... done (8.5s)
    [osimulator] (1x1x8192) @ (8192x256) input=uint8 ... done (3.5s)
    [osimulator] (1x1x256) @ (256x10) input=uint8 ... done (0.0s)
  [Model 1 Phase4 v3 INT8 (变体 A) optic]  270/650 ( 41.5%) acc=98.89%  elapsed=12846s  ETA=18079s
    [osimulator] (1x4096x288) @ (288x32) input=uint8 ... done (12.2s)
    [osimulator] (1x1024x288) @ (288x64) input=uint8 ... done (4.2s)
    [osimulator] (1x1024x576) @ (576x64) input=uint8 ... done (6.3s)
    [osimulator] (1x256x576) @ (576x128) input=uint8 ... done (6.5s)
    [osimulator] (1x256x1152) @ (1152x128) input=uint8 ... done (8.8s)
    [osimulator] (1x1x8192) @ (8192x256) input=uint8 ... done (3.7s)
    [osimulator] (1x1x256) @ (256x10) input=uint8 ... done (0.0s)
  [Model 1 Phase4 v3 INT8 (变体 A) optic]  271/650 ( 41.7%) acc=98.89%  elapsed=12887s  ETA=18023s
    [osimulator] (1x4096x288) @ (288x32) input=uint8 ... done (13.5s)
    [osimulator] (1x1024x288) @ (288x64) input=uint8 ... done (4.3s)
    [osimulator] (1x1024x576) @ (576x64) input=uint8 ... done (6.2s)
    [osimulator] (1x256x576) @ (576x128) input=uint8 ... done (6.3s)
    [osimulator] (1x256x1152) @ (1152x128) input=uint8 ... done (8.6s)
    [osimulator] (1x1x8192) @ (8192x256) input=uint8 ... done (3.4s)
    [osimulator] (1x1x256) @ (256x10) input=uint8 ... done (0.0s)
  [Model 1 Phase4 v3 INT8 (变体 A) optic]  272/650 ( 41.8%) acc=98.90%  elapsed=12930s  ETA=17968s
    [osimulator] (1x4096x288) @ (288x32) input=uint8 ... done (11.2s)
    [osimulator] (1x1024x288) @ (288x64) input=uint8 ... done (4.3s)
    [osimulator] (1x1024x576) @ (576x64) input=uint8 ... done (6.3s)
    [osimulator] (1x256x576) @ (576x128) input=uint8 ... done (6.5s)
    [osimulator] (1x256x1152) @ (1152x128) input=uint8 ... done (8.5s)
    [osimulator] (1x1x8192) @ (8192x256) input=uint8 ... done (3.4s)
    [osimulator] (1x1x256) @ (256x10) input=uint8 ... done (0.0s)
  [Model 1 Phase4 v3 INT8 (变体 A) optic]  273/650 ( 42.0%) acc=98.90%  elapsed=12970s  ETA=17911s
    [osimulator] (1x4096x288) @ (288x32) input=uint8 ... done (13.6s)
    [osimulator] (1x1024x288) @ (288x64) input=uint8 ... done (4.4s)
    [osimulator] (1x1024x576) @ (576x64) input=uint8 ... done (6.3s)
    [osimulator] (1x256x576) @ (576x128) input=uint8 ... done (6.4s)
    [osimulator] (1x256x1152) @ (1152x128) input=uint8 ... done (8.5s)
    [osimulator] (1x1x8192) @ (8192x256) input=uint8 ... done (3.7s)
    [osimulator] (1x1x256) @ (256x10) input=uint8 ... done (0.0s)
  [Model 1 Phase4 v3 INT8 (变体 A) optic]  274/650 ( 42.2%) acc=98.91%  elapsed=13013s  ETA=17857s
    [osimulator] (1x4096x288) @ (288x32) input=uint8 ... done (15.2s)
    [osimulator] (1x1024x288) @ (288x64) input=uint8 ... done (4.3s)
    [osimulator] (1x1024x576) @ (576x64) input=uint8 ... done (6.3s)
    [osimulator] (1x256x576) @ (576x128) input=uint8 ... done (6.5s)
    [osimulator] (1x256x1152) @ (1152x128) input=uint8 ... done (8.6s)
    [osimulator] (1x1x8192) @ (8192x256) input=uint8 ... done (3.6s)
    [osimulator] (1x1x256) @ (256x10) input=uint8 ... done (0.0s)
  [Model 1 Phase4 v3 INT8 (变体 A) optic]  275/650 ( 42.3%) acc=98.91%  elapsed=13057s  ETA=17806s
    [osimulator] (1x4096x288) @ (288x32) input=uint8 ... done (15.3s)
    [osimulator] (1x1024x288) @ (288x64) input=uint8 ... done (4.3s)
    [osimulator] (1x1024x576) @ (576x64) input=uint8 ... done (6.3s)
    [osimulator] (1x256x576) @ (576x128) input=uint8 ... done (6.4s)
    [osimulator] (1x256x1152) @ (1152x128) input=uint8 ... done (8.5s)
    [osimulator] (1x1x8192) @ (8192x256) input=uint8 ... done (3.7s)
    [osimulator] (1x1x256) @ (256x10) input=uint8 ... done (0.0s)
  [Model 1 Phase4 v3 INT8 (变体 A) optic]  276/650 ( 42.5%) acc=98.91%  elapsed=13102s  ETA=17754s
    [osimulator] (1x4096x288) @ (288x32) input=uint8 ... done (17.3s)
    [osimulator] (1x1024x288) @ (288x64) input=uint8 ... done (4.3s)
    [osimulator] (1x1024x576) @ (576x64) input=uint8 ... done (6.3s)
    [osimulator] (1x256x576) @ (576x128) input=uint8 ... done (6.6s)
    [osimulator] (1x256x1152) @ (1152x128) input=uint8 ... done (8.6s)
    [osimulator] (1x1x8192) @ (8192x256) input=uint8 ... done (3.5s)
    [osimulator] (1x1x256) @ (256x10) input=uint8 ... done (0.0s)
  [Model 1 Phase4 v3 INT8 (变体 A) optic]  277/650 ( 42.6%) acc=98.92%  elapsed=13148s  ETA=17705s
    [osimulator] (1x4096x288) @ (288x32) input=uint8 ... done (12.8s)
    [osimulator] (1x1024x288) @ (288x64) input=uint8 ... done (4.3s)
    [osimulator] (1x1024x576) @ (576x64) input=uint8 ... done (6.3s)
    [osimulator] (1x256x576) @ (576x128) input=uint8 ... done (6.5s)
    [osimulator] (1x256x1152) @ (1152x128) input=uint8 ... done (8.6s)
    [osimulator] (1x1x8192) @ (8192x256) input=uint8 ... done (3.8s)
    [osimulator] (1x1x256) @ (256x10) input=uint8 ... done (0.0s)
  [Model 1 Phase4 v3 INT8 (变体 A) optic]  278/650 ( 42.8%) acc=98.56%  elapsed=13191s  ETA=17651s
    [osimulator] (1x4096x288) @ (288x32) input=uint8 ... done (13.9s)
    [osimulator] (1x1024x288) @ (288x64) input=uint8 ... done (4.4s)
    [osimulator] (1x1024x576) @ (576x64) input=uint8 ... done (6.3s)
    [osimulator] (1x256x576) @ (576x128) input=uint8 ... done (6.6s)
    [osimulator] (1x256x1152) @ (1152x128) input=uint8 ... done (8.8s)
    [osimulator] (1x1x8192) @ (8192x256) input=uint8 ... done (3.6s)
    [osimulator] (1x1x256) @ (256x10) input=uint8 ... done (0.0s)
  [Model 1 Phase4 v3 INT8 (变体 A) optic]  279/650 ( 42.9%) acc=98.57%  elapsed=13234s  ETA=17598s
    [osimulator] (1x4096x288) @ (288x32) input=uint8 ... done (12.8s)
    [osimulator] (1x1024x288) @ (288x64) input=uint8 ... done (4.3s)
    [osimulator] (1x1024x576) @ (576x64) input=uint8 ... done (6.3s)
    [osimulator] (1x256x576) @ (576x128) input=uint8 ... done (6.6s)
    [osimulator] (1x256x1152) @ (1152x128) input=uint8 ... done (8.5s)
    [osimulator] (1x1x8192) @ (8192x256) input=uint8 ... done (3.8s)
    [osimulator] (1x1x256) @ (256x10) input=uint8 ... done (0.0s)
  [Model 1 Phase4 v3 INT8 (变体 A) optic]  280/650 ( 43.1%) acc=98.57%  elapsed=13277s  ETA=17544s
    [osimulator] (1x4096x288) @ (288x32) input=uint8 ... done (14.5s)
    [osimulator] (1x1024x288) @ (288x64) input=uint8 ... done (4.3s)
    [osimulator] (1x1024x576) @ (576x64) input=uint8 ... done (6.3s)
    [osimulator] (1x256x576) @ (576x128) input=uint8 ... done (6.4s)
    [osimulator] (1x256x1152) @ (1152x128) input=uint8 ... done (8.4s)
    [osimulator] (1x1x8192) @ (8192x256) input=uint8 ... done (3.7s)
    [osimulator] (1x1x256) @ (256x10) input=uint8 ... done (0.0s)
  [Model 1 Phase4 v3 INT8 (变体 A) optic]  281/650 ( 43.2%) acc=98.58%  elapsed=13320s  ETA=17492s
    [osimulator] (1x4096x288) @ (288x32) input=uint8 ... done (14.9s)
    [osimulator] (1x1024x288) @ (288x64) input=uint8 ... done (4.3s)
    [osimulator] (1x1024x576) @ (576x64) input=uint8 ... done (6.3s)
    [osimulator] (1x256x576) @ (576x128) input=uint8 ... done (6.5s)
    [osimulator] (1x256x1152) @ (1152x128) input=uint8 ... done (8.4s)
    [osimulator] (1x1x8192) @ (8192x256) input=uint8 ... done (3.8s)
    [osimulator] (1x1x256) @ (256x10) input=uint8 ... done (0.0s)
  [Model 1 Phase4 v3 INT8 (变体 A) optic]  282/650 ( 43.4%) acc=98.58%  elapsed=13364s  ETA=17440s
    [osimulator] (1x4096x288) @ (288x32) input=uint8 ... done (14.3s)
    [osimulator] (1x1024x288) @ (288x64) input=uint8 ... done (4.3s)
    [osimulator] (1x1024x576) @ (576x64) input=uint8 ... done (6.3s)
    [osimulator] (1x256x576) @ (576x128) input=uint8 ... done (6.3s)
    [osimulator] (1x256x1152) @ (1152x128) input=uint8 ... done (8.6s)
    [osimulator] (1x1x8192) @ (8192x256) input=uint8 ... done (3.6s)
    [osimulator] (1x1x256) @ (256x10) input=uint8 ... done (0.0s)
  [Model 1 Phase4 v3 INT8 (变体 A) optic]  283/650 ( 43.5%) acc=98.59%  elapsed=13408s  ETA=17387s
    [osimulator] (1x4096x288) @ (288x32) input=uint8 ... done (14.2s)
    [osimulator] (1x1024x288) @ (288x64) input=uint8 ... done (4.4s)
    [osimulator] (1x1024x576) @ (576x64) input=uint8 ... done (6.2s)
    [osimulator] (1x256x576) @ (576x128) input=uint8 ... done (6.4s)
    [osimulator] (1x256x1152) @ (1152x128) input=uint8 ... done (8.5s)
    [osimulator] (1x1x8192) @ (8192x256) input=uint8 ... done (3.6s)
    [osimulator] (1x1x256) @ (256x10) input=uint8 ... done (0.0s)
  [Model 1 Phase4 v3 INT8 (变体 A) optic]  284/650 ( 43.7%) acc=98.59%  elapsed=13451s  ETA=17335s
    [osimulator] (1x4096x288) @ (288x32) input=uint8 ... done (15.3s)
    [osimulator] (1x1024x288) @ (288x64) input=uint8 ... done (4.3s)
    [osimulator] (1x1024x576) @ (576x64) input=uint8 ... done (6.2s)
    [osimulator] (1x256x576) @ (576x128) input=uint8 ... done (6.6s)
    [osimulator] (1x256x1152) @ (1152x128) input=uint8 ... done (8.6s)
    [osimulator] (1x1x8192) @ (8192x256) input=uint8 ... done (3.5s)
    [osimulator] (1x1x256) @ (256x10) input=uint8 ... done (0.0s)
  [Model 1 Phase4 v3 INT8 (变体 A) optic]  285/650 ( 43.8%) acc=98.60%  elapsed=13496s  ETA=17284s
    [osimulator] (1x4096x288) @ (288x32) input=uint8 ... done (8.3s)
    [osimulator] (1x1024x288) @ (288x64) input=uint8 ... done (4.3s)
    [osimulator] (1x1024x576) @ (576x64) input=uint8 ... done (6.5s)
    [osimulator] (1x256x576) @ (576x128) input=uint8 ... done (6.4s)
    [osimulator] (1x256x1152) @ (1152x128) input=uint8 ... done (8.5s)
    [osimulator] (1x1x8192) @ (8192x256) input=uint8 ... done (3.6s)
    [osimulator] (1x1x256) @ (256x10) input=uint8 ... done (0.0s)
  [Model 1 Phase4 v3 INT8 (变体 A) optic]  286/650 ( 44.0%) acc=98.60%  elapsed=13533s  ETA=17224s
    [osimulator] (1x4096x288) @ (288x32) input=uint8 ... done (12.8s)
    [osimulator] (1x1024x288) @ (288x64) input=uint8 ... done (4.4s)
    [osimulator] (1x1024x576) @ (576x64) input=uint8 ... done (6.3s)
    [osimulator] (1x256x576) @ (576x128) input=uint8 ... done (6.5s)
    [osimulator] (1x256x1152) @ (1152x128) input=uint8 ... done (8.6s)
    [osimulator] (1x1x8192) @ (8192x256) input=uint8 ... done (3.7s)
    [osimulator] (1x1x256) @ (256x10) input=uint8 ... done (0.0s)
  [Model 1 Phase4 v3 INT8 (变体 A) optic]  287/650 ( 44.2%) acc=98.61%  elapsed=13576s  ETA=17171s
    [osimulator] (1x4096x288) @ (288x32) input=uint8 ... done (8.4s)
    [osimulator] (1x1024x288) @ (288x64) input=uint8 ... done (4.3s)
    [osimulator] (1x1024x576) @ (576x64) input=uint8 ... done (6.3s)
    [osimulator] (1x256x576) @ (576x128) input=uint8 ... done (6.4s)
    [osimulator] (1x256x1152) @ (1152x128) input=uint8 ... done (8.5s)
    [osimulator] (1x1x8192) @ (8192x256) input=uint8 ... done (3.7s)
    [osimulator] (1x1x256) @ (256x10) input=uint8 ... done (0.0s)
  [Model 1 Phase4 v3 INT8 (变体 A) optic]  288/650 ( 44.3%) acc=98.61%  elapsed=13613s  ETA=17111s
    [osimulator] (1x4096x288) @ (288x32) input=uint8 ... done (15.4s)
    [osimulator] (1x1024x288) @ (288x64) input=uint8 ... done (4.3s)
    [osimulator] (1x1024x576) @ (576x64) input=uint8 ... done (6.4s)
    [osimulator] (1x256x576) @ (576x128) input=uint8 ... done (6.4s)
    [osimulator] (1x256x1152) @ (1152x128) input=uint8 ... done (8.5s)
    [osimulator] (1x1x8192) @ (8192x256) input=uint8 ... done (3.8s)
    [osimulator] (1x1x256) @ (256x10) input=uint8 ... done (0.0s)
  [Model 1 Phase4 v3 INT8 (变体 A) optic]  289/650 ( 44.5%) acc=98.62%  elapsed=13658s  ETA=17061s
    [osimulator] (1x4096x288) @ (288x32) input=uint8 ... done (16.7s)
    [osimulator] (1x1024x288) @ (288x64) input=uint8 ... done (4.3s)
    [osimulator] (1x1024x576) @ (576x64) input=uint8 ... done (6.3s)
    [osimulator] (1x256x576) @ (576x128) input=uint8 ... done (6.6s)
    [osimulator] (1x256x1152) @ (1152x128) input=uint8 ... done (8.5s)
    [osimulator] (1x1x8192) @ (8192x256) input=uint8 ... done (3.9s)
    [osimulator] (1x1x256) @ (256x10) input=uint8 ... done (0.0s)
  [Model 1 Phase4 v3 INT8 (变体 A) optic]  290/650 ( 44.6%) acc=98.62%  elapsed=13704s  ETA=17012s
    [osimulator] (1x4096x288) @ (288x32) input=uint8 ... done (13.9s)
    [osimulator] (1x1024x288) @ (288x64) input=uint8 ... done (4.2s)
    [osimulator] (1x1024x576) @ (576x64) input=uint8 ... done (6.3s)
    [osimulator] (1x256x576) @ (576x128) input=uint8 ... done (6.4s)
    [osimulator] (1x256x1152) @ (1152x128) input=uint8 ... done (8.7s)
    [osimulator] (1x1x8192) @ (8192x256) input=uint8 ... done (3.5s)
    [osimulator] (1x1x256) @ (256x10) input=uint8 ... done (0.0s)
  [Model 1 Phase4 v3 INT8 (变体 A) optic]  291/650 ( 44.8%) acc=98.63%  elapsed=13747s  ETA=16960s
    [osimulator] (1x4096x288) @ (288x32) input=uint8 ... done (13.1s)
    [osimulator] (1x1024x288) @ (288x64) input=uint8 ... done (4.3s)
    [osimulator] (1x1024x576) @ (576x64) input=uint8 ... done (6.3s)
    [osimulator] (1x256x576) @ (576x128) input=uint8 ... done (6.4s)
    [osimulator] (1x256x1152) @ (1152x128) input=uint8 ... done (8.5s)
    [osimulator] (1x1x8192) @ (8192x256) input=uint8 ... done (3.7s)
    [osimulator] (1x1x256) @ (256x10) input=uint8 ... done (0.0s)
  [Model 1 Phase4 v3 INT8 (变体 A) optic]  292/650 ( 44.9%) acc=98.63%  elapsed=13790s  ETA=16906s
    [osimulator] (1x4096x288) @ (288x32) input=uint8 ... done (15.5s)
    [osimulator] (1x1024x288) @ (288x64) input=uint8 ... done (4.3s)
    [osimulator] (1x1024x576) @ (576x64) input=uint8 ... done (6.3s)
    [osimulator] (1x256x576) @ (576x128) input=uint8 ... done (6.8s)
    [osimulator] (1x256x1152) @ (1152x128) input=uint8 ... done (8.6s)
    [osimulator] (1x1x8192) @ (8192x256) input=uint8 ... done (3.8s)
    [osimulator] (1x1x256) @ (256x10) input=uint8 ... done (0.0s)
  [Model 1 Phase4 v3 INT8 (变体 A) optic]  293/650 ( 45.1%) acc=98.63%  elapsed=13835s  ETA=16857s
    [osimulator] (1x4096x288) @ (288x32) input=uint8 ... done (18.0s)
    [osimulator] (1x1024x288) @ (288x64) input=uint8 ... done (4.3s)
    [osimulator] (1x1024x576) @ (576x64) input=uint8 ... done (6.2s)
    [osimulator] (1x256x576) @ (576x128) input=uint8 ... done (6.5s)
    [osimulator] (1x256x1152) @ (1152x128) input=uint8 ... done (8.5s)
    [osimulator] (1x1x8192) @ (8192x256) input=uint8 ... done (3.7s)
    [osimulator] (1x1x256) @ (256x10) input=uint8 ... done (0.0s)
  [Model 1 Phase4 v3 INT8 (变体 A) optic]  294/650 ( 45.2%) acc=98.64%  elapsed=13882s  ETA=16810s
    [osimulator] (1x4096x288) @ (288x32) input=uint8 ... done (13.2s)
    [osimulator] (1x1024x288) @ (288x64) input=uint8 ... done (4.3s)
    [osimulator] (1x1024x576) @ (576x64) input=uint8 ... done (6.4s)
    [osimulator] (1x256x576) @ (576x128) input=uint8 ... done (6.5s)
    [osimulator] (1x256x1152) @ (1152x128) input=uint8 ... done (8.6s)
    [osimulator] (1x1x8192) @ (8192x256) input=uint8 ... done (3.8s)
    [osimulator] (1x1x256) @ (256x10) input=uint8 ... done (0.0s)
  [Model 1 Phase4 v3 INT8 (变体 A) optic]  295/650 ( 45.4%) acc=98.64%  elapsed=13925s  ETA=16757s
    [osimulator] (1x4096x288) @ (288x32) input=uint8 ... done (17.8s)
    [osimulator] (1x1024x288) @ (288x64) input=uint8 ... done (4.3s)
    [osimulator] (1x1024x576) @ (576x64) input=uint8 ... done (6.3s)
    [osimulator] (1x256x576) @ (576x128) input=uint8 ... done (6.3s)
    [osimulator] (1x256x1152) @ (1152x128) input=uint8 ... done (8.5s)
    [osimulator] (1x1x8192) @ (8192x256) input=uint8 ... done (3.4s)
    [osimulator] (1x1x256) @ (256x10) input=uint8 ... done (0.0s)
  [Model 1 Phase4 v3 INT8 (变体 A) optic]  296/650 ( 45.5%) acc=98.65%  elapsed=13972s  ETA=16710s
    [osimulator] (1x4096x288) @ (288x32) input=uint8 ... done (17.1s)
    [osimulator] (1x1024x288) @ (288x64) input=uint8 ... done (4.2s)
    [osimulator] (1x1024x576) @ (576x64) input=uint8 ... done (6.2s)
    [osimulator] (1x256x576) @ (576x128) input=uint8 ... done (6.4s)
    [osimulator] (1x256x1152) @ (1152x128) input=uint8 ... done (8.3s)
    [osimulator] (1x1x8192) @ (8192x256) input=uint8 ... done (3.8s)
    [osimulator] (1x1x256) @ (256x10) input=uint8 ... done (0.0s)
  [Model 1 Phase4 v3 INT8 (变体 A) optic]  297/650 ( 45.7%) acc=98.32%  elapsed=14018s  ETA=16661s
    [osimulator] (1x4096x288) @ (288x32) input=uint8 ... done (18.2s)
    [osimulator] (1x1024x288) @ (288x64) input=uint8 ... done (4.3s)
    [osimulator] (1x1024x576) @ (576x64) input=uint8 ... done (6.4s)
    [osimulator] (1x256x576) @ (576x128) input=uint8 ... done (6.4s)
    [osimulator] (1x256x1152) @ (1152x128) input=uint8 ... done (8.8s)
    [osimulator] (1x1x8192) @ (8192x256) input=uint8 ... done (3.7s)
    [osimulator] (1x1x256) @ (256x10) input=uint8 ... done (0.0s)
  [Model 1 Phase4 v3 INT8 (变体 A) optic]  298/650 ( 45.8%) acc=98.32%  elapsed=14066s  ETA=16614s
    [osimulator] (1x4096x288) @ (288x32) input=uint8 ... done (17.8s)
    [osimulator] (1x1024x288) @ (288x64) input=uint8 ... done (4.2s)
    [osimulator] (1x1024x576) @ (576x64) input=uint8 ... done (6.3s)
    [osimulator] (1x256x576) @ (576x128) input=uint8 ... done (6.6s)
    [osimulator] (1x256x1152) @ (1152x128) input=uint8 ... done (8.5s)
    [osimulator] (1x1x8192) @ (8192x256) input=uint8 ... done (3.7s)
    [osimulator] (1x1x256) @ (256x10) input=uint8 ... done (0.0s)
  [Model 1 Phase4 v3 INT8 (变体 A) optic]  299/650 ( 46.0%) acc=98.33%  elapsed=14113s  ETA=16567s
    [osimulator] (1x4096x288) @ (288x32) input=uint8 ... done (15.5s)
    [osimulator] (1x1024x288) @ (288x64) input=uint8 ... done (4.3s)
    [osimulator] (1x1024x576) @ (576x64) input=uint8 ... done (6.4s)
    [osimulator] (1x256x576) @ (576x128) input=uint8 ... done (6.4s)
    [osimulator] (1x256x1152) @ (1152x128) input=uint8 ... done (8.6s)
    [osimulator] (1x1x8192) @ (8192x256) input=uint8 ... done (3.6s)
    [osimulator] (1x1x256) @ (256x10) input=uint8 ... done (0.0s)
  [Model 1 Phase4 v3 INT8 (变体 A) optic]  300/650 ( 46.2%) acc=98.33%  elapsed=14158s  ETA=16517s
    [osimulator] (1x4096x288) @ (288x32) input=uint8 ... done (15.4s)
    [osimulator] (1x1024x288) @ (288x64) input=uint8 ... done (4.3s)
    [osimulator] (1x1024x576) @ (576x64) input=uint8 ... done (6.3s)
    [osimulator] (1x256x576) @ (576x128) input=uint8 ... done (6.4s)
    [osimulator] (1x256x1152) @ (1152x128) input=uint8 ... done (8.5s)
    [osimulator] (1x1x8192) @ (8192x256) input=uint8 ... done (3.7s)
    [osimulator] (1x1x256) @ (256x10) input=uint8 ... done (0.0s)
  [Model 1 Phase4 v3 INT8 (变体 A) optic]  301/650 ( 46.3%) acc=98.34%  elapsed=14202s  ETA=16467s
    [osimulator] (1x4096x288) @ (288x32) input=uint8 ... done (18.7s)
    [osimulator] (1x1024x288) @ (288x64) input=uint8 ... done (4.3s)
    [osimulator] (1x1024x576) @ (576x64) input=uint8 ... done (6.4s)
    [osimulator] (1x256x576) @ (576x128) input=uint8 ... done (6.8s)
    [osimulator] (1x256x1152) @ (1152x128) input=uint8 ... done (8.5s)
    [osimulator] (1x1x8192) @ (8192x256) input=uint8 ... done (3.9s)
    [osimulator] (1x1x256) @ (256x10) input=uint8 ... done (0.0s)
  [Model 1 Phase4 v3 INT8 (变体 A) optic]  302/650 ( 46.5%) acc=98.34%  elapsed=14251s  ETA=16422s
    [osimulator] (1x4096x288) @ (288x32) input=uint8 ... done (11.8s)
    [osimulator] (1x1024x288) @ (288x64) input=uint8 ... done (4.3s)
    [osimulator] (1x1024x576) @ (576x64) input=uint8 ... done (6.3s)
    [osimulator] (1x256x576) @ (576x128) input=uint8 ... done (6.4s)
    [osimulator] (1x256x1152) @ (1152x128) input=uint8 ... done (8.6s)
    [osimulator] (1x1x8192) @ (8192x256) input=uint8 ... done (3.7s)
    [osimulator] (1x1x256) @ (256x10) input=uint8 ... done (0.0s)
  [Model 1 Phase4 v3 INT8 (变体 A) optic]  303/650 ( 46.6%) acc=98.35%  elapsed=14292s  ETA=16367s
    [osimulator] (1x4096x288) @ (288x32) input=uint8 ... done (13.3s)
    [osimulator] (1x1024x288) @ (288x64) input=uint8 ... done (4.3s)
    [osimulator] (1x1024x576) @ (576x64) input=uint8 ... done (6.3s)
    [osimulator] (1x256x576) @ (576x128) input=uint8 ... done (6.5s)
    [osimulator] (1x256x1152) @ (1152x128) input=uint8 ... done (8.6s)
    [osimulator] (1x1x8192) @ (8192x256) input=uint8 ... done (3.5s)
    [osimulator] (1x1x256) @ (256x10) input=uint8 ... done (0.0s)
  [Model 1 Phase4 v3 INT8 (变体 A) optic]  304/650 ( 46.8%) acc=98.36%  elapsed=14335s  ETA=16315s
    [osimulator] (1x4096x288) @ (288x32) input=uint8 ... done (17.4s)
    [osimulator] (1x1024x288) @ (288x64) input=uint8 ... done (4.3s)
    [osimulator] (1x1024x576) @ (576x64) input=uint8 ... done (6.4s)
    [osimulator] (1x256x576) @ (576x128) input=uint8 ... done (6.4s)
    [osimulator] (1x256x1152) @ (1152x128) input=uint8 ... done (8.7s)
    [osimulator] (1x1x8192) @ (8192x256) input=uint8 ... done (3.5s)
    [osimulator] (1x1x256) @ (256x10) input=uint8 ... done (0.0s)
  [Model 1 Phase4 v3 INT8 (变体 A) optic]  305/650 ( 46.9%) acc=98.36%  elapsed=14381s  ETA=16267s
    [osimulator] (1x4096x288) @ (288x32) input=uint8 ... done (11.1s)
    [osimulator] (1x1024x288) @ (288x64) input=uint8 ... done (4.3s)
    [osimulator] (1x1024x576) @ (576x64) input=uint8 ... done (6.4s)
    [osimulator] (1x256x576) @ (576x128) input=uint8 ... done (6.5s)
    [osimulator] (1x256x1152) @ (1152x128) input=uint8 ... done (8.7s)
    [osimulator] (1x1x8192) @ (8192x256) input=uint8 ... done (3.7s)
    [osimulator] (1x1x256) @ (256x10) input=uint8 ... done (0.0s)
  [Model 1 Phase4 v3 INT8 (变体 A) optic]  306/650 ( 47.1%) acc=98.37%  elapsed=14422s  ETA=16213s
    [osimulator] (1x4096x288) @ (288x32) input=uint8 ... done (12.4s)
    [osimulator] (1x1024x288) @ (288x64) input=uint8 ... done (4.3s)
    [osimulator] (1x1024x576) @ (576x64) input=uint8 ... done (6.3s)
    [osimulator] (1x256x576) @ (576x128) input=uint8 ... done (6.4s)
    [osimulator] (1x256x1152) @ (1152x128) input=uint8 ... done (8.5s)
    [osimulator] (1x1x8192) @ (8192x256) input=uint8 ... done (3.7s)
    [osimulator] (1x1x256) @ (256x10) input=uint8 ... done (0.0s)
  [Model 1 Phase4 v3 INT8 (变体 A) optic]  307/650 ( 47.2%) acc=98.37%  elapsed=14464s  ETA=16160s
    [osimulator] (1x4096x288) @ (288x32) input=uint8 ... done (17.0s)
    [osimulator] (1x1024x288) @ (288x64) input=uint8 ... done (4.3s)
    [osimulator] (1x1024x576) @ (576x64) input=uint8 ... done (6.3s)
    [osimulator] (1x256x576) @ (576x128) input=uint8 ... done (6.6s)
    [osimulator] (1x256x1152) @ (1152x128) input=uint8 ... done (8.6s)
    [osimulator] (1x1x8192) @ (8192x256) input=uint8 ... done (3.5s)
    [osimulator] (1x1x256) @ (256x10) input=uint8 ... done (0.0s)
  [Model 1 Phase4 v3 INT8 (变体 A) optic]  308/650 ( 47.4%) acc=98.38%  elapsed=14510s  ETA=16112s
    [osimulator] (1x4096x288) @ (288x32) input=uint8 ... done (18.0s)
    [osimulator] (1x1024x288) @ (288x64) input=uint8 ... done (4.3s)
    [osimulator] (1x1024x576) @ (576x64) input=uint8 ... done (6.3s)
    [osimulator] (1x256x576) @ (576x128) input=uint8 ... done (6.4s)
    [osimulator] (1x256x1152) @ (1152x128) input=uint8 ... done (8.6s)
    [osimulator] (1x1x8192) @ (8192x256) input=uint8 ... done (3.7s)
    [osimulator] (1x1x256) @ (256x10) input=uint8 ... done (0.0s)
  [Model 1 Phase4 v3 INT8 (变体 A) optic]  309/650 ( 47.5%) acc=98.38%  elapsed=14557s  ETA=16065s
    [osimulator] (1x4096x288) @ (288x32) input=uint8 ... done (14.7s)
    [osimulator] (1x1024x288) @ (288x64) input=uint8 ... done (4.3s)
    [osimulator] (1x1024x576) @ (576x64) input=uint8 ... done (6.3s)
    [osimulator] (1x256x576) @ (576x128) input=uint8 ... done (6.3s)
    [osimulator] (1x256x1152) @ (1152x128) input=uint8 ... done (8.5s)
    [osimulator] (1x1x8192) @ (8192x256) input=uint8 ... done (3.4s)
    [osimulator] (1x1x256) @ (256x10) input=uint8 ... done (0.0s)
  [Model 1 Phase4 v3 INT8 (变体 A) optic]  310/650 ( 47.7%) acc=98.39%  elapsed=14601s  ETA=16014s
    [osimulator] (1x4096x288) @ (288x32) input=uint8 ... done (16.4s)
    [osimulator] (1x1024x288) @ (288x64) input=uint8 ... done (4.3s)
    [osimulator] (1x1024x576) @ (576x64) input=uint8 ... done (6.3s)
    [osimulator] (1x256x576) @ (576x128) input=uint8 ... done (6.3s)
    [osimulator] (1x256x1152) @ (1152x128) input=uint8 ... done (8.6s)
    [osimulator] (1x1x8192) @ (8192x256) input=uint8 ... done (3.5s)
    [osimulator] (1x1x256) @ (256x10) input=uint8 ... done (0.0s)
  [Model 1 Phase4 v3 INT8 (变体 A) optic]  311/650 ( 47.8%) acc=98.39%  elapsed=14646s  ETA=15965s
    [osimulator] (1x4096x288) @ (288x32) input=uint8 ... done (13.9s)
    [osimulator] (1x1024x288) @ (288x64) input=uint8 ... done (4.3s)
    [osimulator] (1x1024x576) @ (576x64) input=uint8 ... done (6.3s)
    [osimulator] (1x256x576) @ (576x128) input=uint8 ... done (6.7s)
    [osimulator] (1x256x1152) @ (1152x128) input=uint8 ... done (8.5s)
    [osimulator] (1x1x8192) @ (8192x256) input=uint8 ... done (3.7s)
    [osimulator] (1x1x256) @ (256x10) input=uint8 ... done (0.0s)
  [Model 1 Phase4 v3 INT8 (变体 A) optic]  312/650 ( 48.0%) acc=98.40%  elapsed=14690s  ETA=15914s
    [osimulator] (1x4096x288) @ (288x32) input=uint8 ... done (17.7s)
    [osimulator] (1x1024x288) @ (288x64) input=uint8 ... done (4.3s)
    [osimulator] (1x1024x576) @ (576x64) input=uint8 ... done (6.3s)
    [osimulator] (1x256x576) @ (576x128) input=uint8 ... done (6.4s)
    [osimulator] (1x256x1152) @ (1152x128) input=uint8 ... done (8.5s)
    [osimulator] (1x1x8192) @ (8192x256) input=uint8 ... done (3.5s)
    [osimulator] (1x1x256) @ (256x10) input=uint8 ... done (0.0s)
  [Model 1 Phase4 v3 INT8 (变体 A) optic]  313/650 ( 48.2%) acc=98.40%  elapsed=14737s  ETA=15867s
    [osimulator] (1x4096x288) @ (288x32) input=uint8 ... done (13.8s)
    [osimulator] (1x1024x288) @ (288x64) input=uint8 ... done (4.3s)
    [osimulator] (1x1024x576) @ (576x64) input=uint8 ... done (6.2s)
    [osimulator] (1x256x576) @ (576x128) input=uint8 ... done (6.3s)
    [osimulator] (1x256x1152) @ (1152x128) input=uint8 ... done (8.5s)
    [osimulator] (1x1x8192) @ (8192x256) input=uint8 ... done (3.7s)
    [osimulator] (1x1x256) @ (256x10) input=uint8 ... done (0.0s)
  [Model 1 Phase4 v3 INT8 (变体 A) optic]  314/650 ( 48.3%) acc=98.41%  elapsed=14780s  ETA=15815s
    [osimulator] (1x4096x288) @ (288x32) input=uint8 ... done (13.6s)
    [osimulator] (1x1024x288) @ (288x64) input=uint8 ... done (4.3s)
    [osimulator] (1x1024x576) @ (576x64) input=uint8 ... done (6.3s)
    [osimulator] (1x256x576) @ (576x128) input=uint8 ... done (6.4s)
    [osimulator] (1x256x1152) @ (1152x128) input=uint8 ... done (8.8s)
    [osimulator] (1x1x8192) @ (8192x256) input=uint8 ... done (3.7s)
    [osimulator] (1x1x256) @ (256x10) input=uint8 ... done (0.0s)
  [Model 1 Phase4 v3 INT8 (变体 A) optic]  315/650 ( 48.5%) acc=98.41%  elapsed=14823s  ETA=15764s
    [osimulator] (1x4096x288) @ (288x32) input=uint8 ... done (13.6s)
    [osimulator] (1x1024x288) @ (288x64) input=uint8 ... done (4.3s)
    [osimulator] (1x1024x576) @ (576x64) input=uint8 ... done (6.3s)
    [osimulator] (1x256x576) @ (576x128) input=uint8 ... done (6.6s)
    [osimulator] (1x256x1152) @ (1152x128) input=uint8 ... done (8.5s)
    [osimulator] (1x1x8192) @ (8192x256) input=uint8 ... done (3.7s)
    [osimulator] (1x1x256) @ (256x10) input=uint8 ... done (0.0s)
  [Model 1 Phase4 v3 INT8 (变体 A) optic]  316/650 ( 48.6%) acc=98.42%  elapsed=14866s  ETA=15713s
    [osimulator] (1x4096x288) @ (288x32) input=uint8 ... done (12.8s)
    [osimulator] (1x1024x288) @ (288x64) input=uint8 ... done (4.3s)
    [osimulator] (1x1024x576) @ (576x64) input=uint8 ... done (6.4s)
    [osimulator] (1x256x576) @ (576x128) input=uint8 ... done (6.7s)
    [osimulator] (1x256x1152) @ (1152x128) input=uint8 ... done (8.6s)
    [osimulator] (1x1x8192) @ (8192x256) input=uint8 ... done (3.7s)
    [osimulator] (1x1x256) @ (256x10) input=uint8 ... done (0.0s)
  [Model 1 Phase4 v3 INT8 (变体 A) optic]  317/650 ( 48.8%) acc=98.42%  elapsed=14908s  ETA=15661s
    [osimulator] (1x4096x288) @ (288x32) input=uint8 ... done (13.5s)
    [osimulator] (1x1024x288) @ (288x64) input=uint8 ... done (4.4s)
    [osimulator] (1x1024x576) @ (576x64) input=uint8 ... done (6.4s)
    [osimulator] (1x256x576) @ (576x128) input=uint8 ... done (6.4s)
    [osimulator] (1x256x1152) @ (1152x128) input=uint8 ... done (8.6s)
    [osimulator] (1x1x8192) @ (8192x256) input=uint8 ... done (3.5s)
    [osimulator] (1x1x256) @ (256x10) input=uint8 ... done (0.0s)
  [Model 1 Phase4 v3 INT8 (变体 A) optic]  318/650 ( 48.9%) acc=98.43%  elapsed=14951s  ETA=15609s
    [osimulator] (1x4096x288) @ (288x32) input=uint8 ... done (17.2s)
    [osimulator] (1x1024x288) @ (288x64) input=uint8 ... done (4.3s)
    [osimulator] (1x1024x576) @ (576x64) input=uint8 ... done (6.4s)
    [osimulator] (1x256x576) @ (576x128) input=uint8 ... done (6.5s)
    [osimulator] (1x256x1152) @ (1152x128) input=uint8 ... done (8.6s)
    [osimulator] (1x1x8192) @ (8192x256) input=uint8 ... done (3.7s)
    [osimulator] (1x1x256) @ (256x10) input=uint8 ... done (0.0s)
  [Model 1 Phase4 v3 INT8 (变体 A) optic]  319/650 ( 49.1%) acc=98.43%  elapsed=14998s  ETA=15562s
    [osimulator] (1x4096x288) @ (288x32) input=uint8 ... done (13.7s)
    [osimulator] (1x1024x288) @ (288x64) input=uint8 ... done (4.3s)
    [osimulator] (1x1024x576) @ (576x64) input=uint8 ... done (6.3s)
    [osimulator] (1x256x576) @ (576x128) input=uint8 ... done (6.4s)
    [osimulator] (1x256x1152) @ (1152x128) input=uint8 ... done (8.6s)
    [osimulator] (1x1x8192) @ (8192x256) input=uint8 ... done (3.7s)
    [osimulator] (1x1x256) @ (256x10) input=uint8 ... done (0.0s)
  [Model 1 Phase4 v3 INT8 (变体 A) optic]  320/650 ( 49.2%) acc=98.44%  elapsed=15041s  ETA=15511s
    [osimulator] (1x4096x288) @ (288x32) input=uint8 ... done (15.3s)
    [osimulator] (1x1024x288) @ (288x64) input=uint8 ... done (4.2s)
    [osimulator] (1x1024x576) @ (576x64) input=uint8 ... done (6.4s)
    [osimulator] (1x256x576) @ (576x128) input=uint8 ... done (6.4s)
    [osimulator] (1x256x1152) @ (1152x128) input=uint8 ... done (8.5s)
    [osimulator] (1x1x8192) @ (8192x256) input=uint8 ... done (3.5s)
    [osimulator] (1x1x256) @ (256x10) input=uint8 ... done (0.0s)
  [Model 1 Phase4 v3 INT8 (变体 A) optic]  321/650 ( 49.4%) acc=98.44%  elapsed=15085s  ETA=15461s
    [osimulator] (1x4096x288) @ (288x32) input=uint8 ... done (15.9s)
    [osimulator] (1x1024x288) @ (288x64) input=uint8 ... done (4.3s)
    [osimulator] (1x1024x576) @ (576x64) input=uint8 ... done (6.4s)
    [osimulator] (1x256x576) @ (576x128) input=uint8 ... done (6.4s)
    [osimulator] (1x256x1152) @ (1152x128) input=uint8 ... done (8.5s)
    [osimulator] (1x1x8192) @ (8192x256) input=uint8 ... done (3.7s)
    [osimulator] (1x1x256) @ (256x10) input=uint8 ... done (0.0s)
  [Model 1 Phase4 v3 INT8 (变体 A) optic]  322/650 ( 49.5%) acc=98.45%  elapsed=15131s  ETA=15412s
    [osimulator] (1x4096x288) @ (288x32) input=uint8 ... done (15.7s)
    [osimulator] (1x1024x288) @ (288x64) input=uint8 ... done (4.4s)
    [osimulator] (1x1024x576) @ (576x64) input=uint8 ... done (6.2s)
    [osimulator] (1x256x576) @ (576x128) input=uint8 ... done (6.5s)
    [osimulator] (1x256x1152) @ (1152x128) input=uint8 ... done (8.5s)
    [osimulator] (1x1x8192) @ (8192x256) input=uint8 ... done (3.8s)
    [osimulator] (1x1x256) @ (256x10) input=uint8 ... done (0.0s)
  [Model 1 Phase4 v3 INT8 (变体 A) optic]  323/650 ( 49.7%) acc=98.45%  elapsed=15176s  ETA=15364s
    [osimulator] (1x4096x288) @ (288x32) input=uint8 ... done (14.7s)
    [osimulator] (1x1024x288) @ (288x64) input=uint8 ... done (4.4s)
    [osimulator] (1x1024x576) @ (576x64) input=uint8 ... done (6.3s)
    [osimulator] (1x256x576) @ (576x128) input=uint8 ... done (6.5s)
    [osimulator] (1x256x1152) @ (1152x128) input=uint8 ... done (8.8s)
    [osimulator] (1x1x8192) @ (8192x256) input=uint8 ... done (3.5s)
    [osimulator] (1x1x256) @ (256x10) input=uint8 ... done (0.0s)
  [Model 1 Phase4 v3 INT8 (变体 A) optic]  324/650 ( 49.8%) acc=98.46%  elapsed=15220s  ETA=15314s
    [osimulator] (1x4096x288) @ (288x32) input=uint8 ... done (13.2s)
    [osimulator] (1x1024x288) @ (288x64) input=uint8 ... done (4.3s)
    [osimulator] (1x1024x576) @ (576x64) input=uint8 ... done (6.4s)
    [osimulator] (1x256x576) @ (576x128) input=uint8 ... done (6.5s)
    [osimulator] (1x256x1152) @ (1152x128) input=uint8 ... done (8.6s)
    [osimulator] (1x1x8192) @ (8192x256) input=uint8 ... done (3.8s)
    [osimulator] (1x1x256) @ (256x10) input=uint8 ... done (0.0s)
  [Model 1 Phase4 v3 INT8 (变体 A) optic]  325/650 ( 50.0%) acc=98.46%  elapsed=15263s  ETA=15263s
    [osimulator] (1x4096x288) @ (288x32) input=uint8 ... done (13.3s)
    [osimulator] (1x1024x288) @ (288x64) input=uint8 ... done (4.4s)
    [osimulator] (1x1024x576) @ (576x64) input=uint8 ... done (6.4s)
    [osimulator] (1x256x576) @ (576x128) input=uint8 ... done (6.5s)
    [osimulator] (1x256x1152) @ (1152x128) input=uint8 ... done (8.6s)
    [osimulator] (1x1x8192) @ (8192x256) input=uint8 ... done (3.7s)
    [osimulator] (1x1x256) @ (256x10) input=uint8 ... done (0.0s)
  [Model 1 Phase4 v3 INT8 (变体 A) optic]  326/650 ( 50.2%) acc=98.47%  elapsed=15306s  ETA=15212s
    [osimulator] (1x4096x288) @ (288x32) input=uint8 ... done (15.0s)
    [osimulator] (1x1024x288) @ (288x64) input=uint8 ... done (4.3s)
    [osimulator] (1x1024x576) @ (576x64) input=uint8 ... done (6.3s)
    [osimulator] (1x256x576) @ (576x128) input=uint8 ... done (6.9s)
    [osimulator] (1x256x1152) @ (1152x128) input=uint8 ... done (8.6s)
    [osimulator] (1x1x8192) @ (8192x256) input=uint8 ... done (3.7s)
    [osimulator] (1x1x256) @ (256x10) input=uint8 ... done (0.0s)
  [Model 1 Phase4 v3 INT8 (变体 A) optic]  327/650 ( 50.3%) acc=98.47%  elapsed=15351s  ETA=15163s
    [osimulator] (1x4096x288) @ (288x32) input=uint8 ... done (14.2s)
    [osimulator] (1x1024x288) @ (288x64) input=uint8 ... done (4.3s)
    [osimulator] (1x1024x576) @ (576x64) input=uint8 ... done (6.3s)
    [osimulator] (1x256x576) @ (576x128) input=uint8 ... done (6.4s)
    [osimulator] (1x256x1152) @ (1152x128) input=uint8 ... done (8.6s)
    [osimulator] (1x1x8192) @ (8192x256) input=uint8 ... done (3.7s)
    [osimulator] (1x1x256) @ (256x10) input=uint8 ... done (0.0s)
  [Model 1 Phase4 v3 INT8 (变体 A) optic]  328/650 ( 50.5%) acc=98.48%  elapsed=15394s  ETA=15113s
    [osimulator] (1x4096x288) @ (288x32) input=uint8 ... done (14.5s)
    [osimulator] (1x1024x288) @ (288x64) input=uint8 ... done (4.3s)
    [osimulator] (1x1024x576) @ (576x64) input=uint8 ... done (6.4s)
    [osimulator] (1x256x576) @ (576x128) input=uint8 ... done (6.4s)
    [osimulator] (1x256x1152) @ (1152x128) input=uint8 ... done (8.5s)
    [osimulator] (1x1x8192) @ (8192x256) input=uint8 ... done (3.7s)
    [osimulator] (1x1x256) @ (256x10) input=uint8 ... done (0.0s)
  [Model 1 Phase4 v3 INT8 (变体 A) optic]  329/650 ( 50.6%) acc=98.48%  elapsed=15438s  ETA=15063s
    [osimulator] (1x4096x288) @ (288x32) input=uint8 ... done (11.9s)
    [osimulator] (1x1024x288) @ (288x64) input=uint8 ... done (4.3s)
    [osimulator] (1x1024x576) @ (576x64) input=uint8 ... done (6.2s)
    [osimulator] (1x256x576) @ (576x128) input=uint8 ... done (6.4s)
    [osimulator] (1x256x1152) @ (1152x128) input=uint8 ... done (8.6s)
    [osimulator] (1x1x8192) @ (8192x256) input=uint8 ... done (3.7s)
    [osimulator] (1x1x256) @ (256x10) input=uint8 ... done (0.0s)
  [Model 1 Phase4 v3 INT8 (变体 A) optic]  330/650 ( 50.8%) acc=98.48%  elapsed=15479s  ETA=15010s
    [osimulator] (1x4096x288) @ (288x32) input=uint8 ... done (15.0s)
    [osimulator] (1x1024x288) @ (288x64) input=uint8 ... done (4.3s)
    [osimulator] (1x1024x576) @ (576x64) input=uint8 ... done (6.3s)
    [osimulator] (1x256x576) @ (576x128) input=uint8 ... done (6.8s)
    [osimulator] (1x256x1152) @ (1152x128) input=uint8 ... done (8.5s)
    [osimulator] (1x1x8192) @ (8192x256) input=uint8 ... done (3.6s)
    [osimulator] (1x1x256) @ (256x10) input=uint8 ... done (0.0s)
  [Model 1 Phase4 v3 INT8 (变体 A) optic]  331/650 ( 50.9%) acc=98.49%  elapsed=15524s  ETA=14961s
    [osimulator] (1x4096x288) @ (288x32) input=uint8 ... done (16.4s)
    [osimulator] (1x1024x288) @ (288x64) input=uint8 ... done (4.3s)
    [osimulator] (1x1024x576) @ (576x64) input=uint8 ... done (6.2s)
    [osimulator] (1x256x576) @ (576x128) input=uint8 ... done (6.8s)
    [osimulator] (1x256x1152) @ (1152x128) input=uint8 ... done (8.6s)
    [osimulator] (1x1x8192) @ (8192x256) input=uint8 ... done (3.7s)
    [osimulator] (1x1x256) @ (256x10) input=uint8 ... done (0.0s)
  [Model 1 Phase4 v3 INT8 (变体 A) optic]  332/650 ( 51.1%) acc=98.49%  elapsed=15570s  ETA=14913s
    [osimulator] (1x4096x288) @ (288x32) input=uint8 ... done (15.8s)
    [osimulator] (1x1024x288) @ (288x64) input=uint8 ... done (4.3s)
    [osimulator] (1x1024x576) @ (576x64) input=uint8 ... done (6.4s)
    [osimulator] (1x256x576) @ (576x128) input=uint8 ... done (6.3s)
    [osimulator] (1x256x1152) @ (1152x128) input=uint8 ... done (8.5s)
    [osimulator] (1x1x8192) @ (8192x256) input=uint8 ... done (3.5s)
    [osimulator] (1x1x256) @ (256x10) input=uint8 ... done (0.0s)
  [Model 1 Phase4 v3 INT8 (变体 A) optic]  333/650 ( 51.2%) acc=98.50%  elapsed=15615s  ETA=14864s
    [osimulator] (1x4096x288) @ (288x32) input=uint8 ... done (13.5s)
    [osimulator] (1x1024x288) @ (288x64) input=uint8 ... done (4.3s)
    [osimulator] (1x1024x576) @ (576x64) input=uint8 ... done (6.3s)
    [osimulator] (1x256x576) @ (576x128) input=uint8 ... done (6.4s)
    [osimulator] (1x256x1152) @ (1152x128) input=uint8 ... done (8.5s)
    [osimulator] (1x1x8192) @ (8192x256) input=uint8 ... done (3.5s)
    [osimulator] (1x1x256) @ (256x10) input=uint8 ... done (0.0s)
  [Model 1 Phase4 v3 INT8 (变体 A) optic]  334/650 ( 51.4%) acc=98.50%  elapsed=15657s  ETA=14813s
    [osimulator] (1x4096x288) @ (288x32) input=uint8 ... done (10.4s)
    [osimulator] (1x1024x288) @ (288x64) input=uint8 ... done (4.3s)
    [osimulator] (1x1024x576) @ (576x64) input=uint8 ... done (6.4s)
    [osimulator] (1x256x576) @ (576x128) input=uint8 ... done (6.3s)
    [osimulator] (1x256x1152) @ (1152x128) input=uint8 ... done (8.5s)
    [osimulator] (1x1x8192) @ (8192x256) input=uint8 ... done (3.8s)
    [osimulator] (1x1x256) @ (256x10) input=uint8 ... done (0.0s)
  [Model 1 Phase4 v3 INT8 (变体 A) optic]  335/650 ( 51.5%) acc=98.51%  elapsed=15697s  ETA=14760s
    [osimulator] (1x4096x288) @ (288x32) input=uint8 ... done (10.9s)
    [osimulator] (1x1024x288) @ (288x64) input=uint8 ... done (4.3s)
    [osimulator] (1x1024x576) @ (576x64) input=uint8 ... done (6.4s)
    [osimulator] (1x256x576) @ (576x128) input=uint8 ... done (6.4s)
    [osimulator] (1x256x1152) @ (1152x128) input=uint8 ... done (8.7s)
    [osimulator] (1x1x8192) @ (8192x256) input=uint8 ... done (3.5s)
    [osimulator] (1x1x256) @ (256x10) input=uint8 ... done (0.0s)
  [Model 1 Phase4 v3 INT8 (变体 A) optic]  336/650 ( 51.7%) acc=98.51%  elapsed=15737s  ETA=14707s
    [osimulator] (1x4096x288) @ (288x32) input=uint8 ... done (14.5s)
    [osimulator] (1x1024x288) @ (288x64) input=uint8 ... done (4.3s)
    [osimulator] (1x1024x576) @ (576x64) input=uint8 ... done (6.3s)
    [osimulator] (1x256x576) @ (576x128) input=uint8 ... done (6.4s)
    [osimulator] (1x256x1152) @ (1152x128) input=uint8 ... done (8.5s)
    [osimulator] (1x1x8192) @ (8192x256) input=uint8 ... done (3.4s)
    [osimulator] (1x1x256) @ (256x10) input=uint8 ... done (0.0s)
  [Model 1 Phase4 v3 INT8 (变体 A) optic]  337/650 ( 51.8%) acc=98.52%  elapsed=15780s  ETA=14656s
    [osimulator] (1x4096x288) @ (288x32) input=uint8 ... done (14.7s)
    [osimulator] (1x1024x288) @ (288x64) input=uint8 ... done (4.3s)
    [osimulator] (1x1024x576) @ (576x64) input=uint8 ... done (6.4s)
    [osimulator] (1x256x576) @ (576x128) input=uint8 ... done (6.5s)
    [osimulator] (1x256x1152) @ (1152x128) input=uint8 ... done (8.6s)
    [osimulator] (1x1x8192) @ (8192x256) input=uint8 ... done (3.7s)
    [osimulator] (1x1x256) @ (256x10) input=uint8 ... done (0.0s)
  [Model 1 Phase4 v3 INT8 (变体 A) optic]  338/650 ( 52.0%) acc=98.52%  elapsed=15825s  ETA=14607s
    [osimulator] (1x4096x288) @ (288x32) input=uint8 ... done (14.9s)
    [osimulator] (1x1024x288) @ (288x64) input=uint8 ... done (4.3s)
    [osimulator] (1x1024x576) @ (576x64) input=uint8 ... done (6.4s)
    [osimulator] (1x256x576) @ (576x128) input=uint8 ... done (6.6s)
    [osimulator] (1x256x1152) @ (1152x128) input=uint8 ... done (8.7s)
    [osimulator] (1x1x8192) @ (8192x256) input=uint8 ... done (3.7s)
    [osimulator] (1x1x256) @ (256x10) input=uint8 ... done (0.0s)
  [Model 1 Phase4 v3 INT8 (变体 A) optic]  339/650 ( 52.2%) acc=98.53%  elapsed=15869s  ETA=14558s
    [osimulator] (1x4096x288) @ (288x32) input=uint8 ... done (13.2s)
    [osimulator] (1x1024x288) @ (288x64) input=uint8 ... done (4.4s)
    [osimulator] (1x1024x576) @ (576x64) input=uint8 ... done (6.4s)
    [osimulator] (1x256x576) @ (576x128) input=uint8 ... done (6.6s)
    [osimulator] (1x256x1152) @ (1152x128) input=uint8 ... done (8.6s)
    [osimulator] (1x1x8192) @ (8192x256) input=uint8 ... done (3.8s)
    [osimulator] (1x1x256) @ (256x10) input=uint8 ... done (0.0s)
  [Model 1 Phase4 v3 INT8 (变体 A) optic]  340/650 ( 52.3%) acc=98.24%  elapsed=15912s  ETA=14508s
    [osimulator] (1x4096x288) @ (288x32) input=uint8 ... done (13.3s)
    [osimulator] (1x1024x288) @ (288x64) input=uint8 ... done (4.3s)
    [osimulator] (1x1024x576) @ (576x64) input=uint8 ... done (6.4s)
    [osimulator] (1x256x576) @ (576x128) input=uint8 ... done (6.5s)
    [osimulator] (1x256x1152) @ (1152x128) input=uint8 ... done (8.7s)
    [osimulator] (1x1x8192) @ (8192x256) input=uint8 ... done (3.7s)
    [osimulator] (1x1x256) @ (256x10) input=uint8 ... done (0.0s)
  [Model 1 Phase4 v3 INT8 (变体 A) optic]  341/650 ( 52.5%) acc=97.95%  elapsed=15955s  ETA=14458s
    [osimulator] (1x4096x288) @ (288x32) input=uint8 ... done (13.9s)
    [osimulator] (1x1024x288) @ (288x64) input=uint8 ... done (4.3s)
    [osimulator] (1x1024x576) @ (576x64) input=uint8 ... done (6.4s)
    [osimulator] (1x256x576) @ (576x128) input=uint8 ... done (6.5s)
    [osimulator] (1x256x1152) @ (1152x128) input=uint8 ... done (8.6s)
    [osimulator] (1x1x8192) @ (8192x256) input=uint8 ... done (3.7s)
    [osimulator] (1x1x256) @ (256x10) input=uint8 ... done (0.0s)
  [Model 1 Phase4 v3 INT8 (变体 A) optic]  342/650 ( 52.6%) acc=97.95%  elapsed=15999s  ETA=14408s
    [osimulator] (1x4096x288) @ (288x32) input=uint8 ... done (12.2s)
    [osimulator] (1x1024x288) @ (288x64) input=uint8 ... done (4.3s)
    [osimulator] (1x1024x576) @ (576x64) input=uint8 ... done (6.2s)
    [osimulator] (1x256x576) @ (576x128) input=uint8 ... done (6.3s)
    [osimulator] (1x256x1152) @ (1152x128) input=uint8 ... done (8.4s)
    [osimulator] (1x1x8192) @ (8192x256) input=uint8 ... done (3.6s)
    [osimulator] (1x1x256) @ (256x10) input=uint8 ... done (0.0s)
  [Model 1 Phase4 v3 INT8 (变体 A) optic]  343/650 ( 52.8%) acc=97.96%  elapsed=16040s  ETA=14356s
    [osimulator] (1x4096x288) @ (288x32) input=uint8 ... done (14.7s)
    [osimulator] (1x1024x288) @ (288x64) input=uint8 ... done (4.3s)
    [osimulator] (1x1024x576) @ (576x64) input=uint8 ... done (6.3s)
    [osimulator] (1x256x576) @ (576x128) input=uint8 ... done (6.4s)
    [osimulator] (1x256x1152) @ (1152x128) input=uint8 ... done (8.5s)
    [osimulator] (1x1x8192) @ (8192x256) input=uint8 ... done (3.7s)
    [osimulator] (1x1x256) @ (256x10) input=uint8 ... done (0.0s)
  [Model 1 Phase4 v3 INT8 (变体 A) optic]  344/650 ( 52.9%) acc=97.97%  elapsed=16084s  ETA=14307s
    [osimulator] (1x4096x288) @ (288x32) input=uint8 ... done (15.7s)
    [osimulator] (1x1024x288) @ (288x64) input=uint8 ... done (4.3s)
    [osimulator] (1x1024x576) @ (576x64) input=uint8 ... done (6.3s)
    [osimulator] (1x256x576) @ (576x128) input=uint8 ... done (6.4s)
    [osimulator] (1x256x1152) @ (1152x128) input=uint8 ... done (8.4s)
    [osimulator] (1x1x8192) @ (8192x256) input=uint8 ... done (3.6s)
    [osimulator] (1x1x256) @ (256x10) input=uint8 ... done (0.0s)
  [Model 1 Phase4 v3 INT8 (变体 A) optic]  345/650 ( 53.1%) acc=97.97%  elapsed=16129s  ETA=14259s
    [osimulator] (1x4096x288) @ (288x32) input=uint8 ... done (13.5s)
    [osimulator] (1x1024x288) @ (288x64) input=uint8 ... done (4.3s)
    [osimulator] (1x1024x576) @ (576x64) input=uint8 ... done (6.4s)
    [osimulator] (1x256x576) @ (576x128) input=uint8 ... done (6.3s)
    [osimulator] (1x256x1152) @ (1152x128) input=uint8 ... done (8.5s)
    [osimulator] (1x1x8192) @ (8192x256) input=uint8 ... done (3.6s)
    [osimulator] (1x1x256) @ (256x10) input=uint8 ... done (0.0s)
  [Model 1 Phase4 v3 INT8 (变体 A) optic]  346/650 ( 53.2%) acc=97.98%  elapsed=16171s  ETA=14208s
    [osimulator] (1x4096x288) @ (288x32) input=uint8 ... done (12.4s)
    [osimulator] (1x1024x288) @ (288x64) input=uint8 ... done (4.3s)
    [osimulator] (1x1024x576) @ (576x64) input=uint8 ... done (6.3s)
    [osimulator] (1x256x576) @ (576x128) input=uint8 ... done (6.4s)
    [osimulator] (1x256x1152) @ (1152x128) input=uint8 ... done (8.5s)
    [osimulator] (1x1x8192) @ (8192x256) input=uint8 ... done (3.5s)
    [osimulator] (1x1x256) @ (256x10) input=uint8 ... done (0.0s)
  [Model 1 Phase4 v3 INT8 (变体 A) optic]  347/650 ( 53.4%) acc=97.98%  elapsed=16213s  ETA=14157s
    [osimulator] (1x4096x288) @ (288x32) input=uint8 ... done (14.8s)
    [osimulator] (1x1024x288) @ (288x64) input=uint8 ... done (4.3s)
    [osimulator] (1x1024x576) @ (576x64) input=uint8 ... done (6.3s)
    [osimulator] (1x256x576) @ (576x128) input=uint8 ... done (6.4s)
    [osimulator] (1x256x1152) @ (1152x128) input=uint8 ... done (8.4s)
    [osimulator] (1x1x8192) @ (8192x256) input=uint8 ... done (3.7s)
    [osimulator] (1x1x256) @ (256x10) input=uint8 ... done (0.0s)
  [Model 1 Phase4 v3 INT8 (变体 A) optic]  348/650 ( 53.5%) acc=97.99%  elapsed=16257s  ETA=14108s
    [osimulator] (1x4096x288) @ (288x32) input=uint8 ... done (17.4s)
    [osimulator] (1x1024x288) @ (288x64) input=uint8 ... done (4.3s)
    [osimulator] (1x1024x576) @ (576x64) input=uint8 ... done (6.4s)
    [osimulator] (1x256x576) @ (576x128) input=uint8 ... done (6.5s)
    [osimulator] (1x256x1152) @ (1152x128) input=uint8 ... done (8.5s)
    [osimulator] (1x1x8192) @ (8192x256) input=uint8 ... done (3.7s)
    [osimulator] (1x1x256) @ (256x10) input=uint8 ... done (0.0s)
  [Model 1 Phase4 v3 INT8 (变体 A) optic]  349/650 ( 53.7%) acc=97.99%  elapsed=16304s  ETA=14061s
    [osimulator] (1x4096x288) @ (288x32) input=uint8 ... done (15.1s)
    [osimulator] (1x1024x288) @ (288x64) input=uint8 ... done (4.4s)
    [osimulator] (1x1024x576) @ (576x64) input=uint8 ... done (6.4s)
    [osimulator] (1x256x576) @ (576x128) input=uint8 ... done (6.5s)
    [osimulator] (1x256x1152) @ (1152x128) input=uint8 ... done (8.4s)
    [osimulator] (1x1x8192) @ (8192x256) input=uint8 ... done (3.6s)
    [osimulator] (1x1x256) @ (256x10) input=uint8 ... done (0.0s)
  [Model 1 Phase4 v3 INT8 (变体 A) optic]  350/650 ( 53.8%) acc=98.00%  elapsed=16348s  ETA=14013s
    [osimulator] (1x4096x288) @ (288x32) input=uint8 ... done (8.9s)
    [osimulator] (1x1024x288) @ (288x64) input=uint8 ... done (4.2s)
    [osimulator] (1x1024x576) @ (576x64) input=uint8 ... done (6.2s)
    [osimulator] (1x256x576) @ (576x128) input=uint8 ... done (6.4s)
    [osimulator] (1x256x1152) @ (1152x128) input=uint8 ... done (8.5s)
    [osimulator] (1x1x8192) @ (8192x256) input=uint8 ... done (3.6s)
    [osimulator] (1x1x256) @ (256x10) input=uint8 ... done (0.0s)
  [Model 1 Phase4 v3 INT8 (变体 A) optic]  351/650 ( 54.0%) acc=98.01%  elapsed=16386s  ETA=13958s
    [osimulator] (1x4096x288) @ (288x32) input=uint8 ... done (12.9s)
    [osimulator] (1x1024x288) @ (288x64) input=uint8 ... done (4.3s)
    [osimulator] (1x1024x576) @ (576x64) input=uint8 ... done (6.3s)
    [osimulator] (1x256x576) @ (576x128) input=uint8 ... done (6.6s)
    [osimulator] (1x256x1152) @ (1152x128) input=uint8 ... done (8.6s)
    [osimulator] (1x1x8192) @ (8192x256) input=uint8 ... done (3.8s)
    [osimulator] (1x1x256) @ (256x10) input=uint8 ... done (0.0s)
  [Model 1 Phase4 v3 INT8 (变体 A) optic]  352/650 ( 54.2%) acc=98.01%  elapsed=16428s  ETA=13908s
    [osimulator] (1x4096x288) @ (288x32) input=uint8 ... done (13.6s)
    [osimulator] (1x1024x288) @ (288x64) input=uint8 ... done (4.3s)
    [osimulator] (1x1024x576) @ (576x64) input=uint8 ... done (6.3s)
    [osimulator] (1x256x576) @ (576x128) input=uint8 ... done (6.5s)
    [osimulator] (1x256x1152) @ (1152x128) input=uint8 ... done (8.5s)
    [osimulator] (1x1x8192) @ (8192x256) input=uint8 ... done (3.7s)
    [osimulator] (1x1x256) @ (256x10) input=uint8 ... done (0.0s)
  [Model 1 Phase4 v3 INT8 (变体 A) optic]  353/650 ( 54.3%) acc=98.02%  elapsed=16471s  ETA=13858s
    [osimulator] (1x4096x288) @ (288x32) input=uint8 ... done (12.8s)
    [osimulator] (1x1024x288) @ (288x64) input=uint8 ... done (4.3s)
    [osimulator] (1x1024x576) @ (576x64) input=uint8 ... done (6.3s)
    [osimulator] (1x256x576) @ (576x128) input=uint8 ... done (6.3s)
    [osimulator] (1x256x1152) @ (1152x128) input=uint8 ... done (8.6s)
    [osimulator] (1x1x8192) @ (8192x256) input=uint8 ... done (3.5s)
    [osimulator] (1x1x256) @ (256x10) input=uint8 ... done (0.0s)
  [Model 1 Phase4 v3 INT8 (变体 A) optic]  354/650 ( 54.5%) acc=98.02%  elapsed=16513s  ETA=13808s
    [osimulator] (1x4096x288) @ (288x32) input=uint8 ... done (15.1s)
    [osimulator] (1x1024x288) @ (288x64) input=uint8 ... done (4.3s)
    [osimulator] (1x1024x576) @ (576x64) input=uint8 ... done (6.3s)
    [osimulator] (1x256x576) @ (576x128) input=uint8 ... done (6.4s)
    [osimulator] (1x256x1152) @ (1152x128) input=uint8 ... done (8.5s)
    [osimulator] (1x1x8192) @ (8192x256) input=uint8 ... done (3.6s)
    [osimulator] (1x1x256) @ (256x10) input=uint8 ... done (0.0s)
  [Model 1 Phase4 v3 INT8 (变体 A) optic]  355/650 ( 54.6%) acc=98.03%  elapsed=16558s  ETA=13759s
    [osimulator] (1x4096x288) @ (288x32) input=uint8 ... done (14.7s)
    [osimulator] (1x1024x288) @ (288x64) input=uint8 ... done (4.3s)
    [osimulator] (1x1024x576) @ (576x64) input=uint8 ... done (6.3s)
    [osimulator] (1x256x576) @ (576x128) input=uint8 ... done (6.5s)
    [osimulator] (1x256x1152) @ (1152x128) input=uint8 ... done (8.5s)
    [osimulator] (1x1x8192) @ (8192x256) input=uint8 ... done (3.7s)
    [osimulator] (1x1x256) @ (256x10) input=uint8 ... done (0.0s)
  [Model 1 Phase4 v3 INT8 (变体 A) optic]  356/650 ( 54.8%) acc=98.03%  elapsed=16602s  ETA=13710s
    [osimulator] (1x4096x288) @ (288x32) input=uint8 ... done (15.9s)
    [osimulator] (1x1024x288) @ (288x64) input=uint8 ... done (4.3s)
    [osimulator] (1x1024x576) @ (576x64) input=uint8 ... done (6.3s)
    [osimulator] (1x256x576) @ (576x128) input=uint8 ... done (6.4s)
    [osimulator] (1x256x1152) @ (1152x128) input=uint8 ... done (8.5s)
    [osimulator] (1x1x8192) @ (8192x256) input=uint8 ... done (3.6s)
    [osimulator] (1x1x256) @ (256x10) input=uint8 ... done (0.0s)
  [Model 1 Phase4 v3 INT8 (变体 A) optic]  357/650 ( 54.9%) acc=98.04%  elapsed=16647s  ETA=13663s
    [osimulator] (1x4096x288) @ (288x32) input=uint8 ... done (18.2s)
    [osimulator] (1x1024x288) @ (288x64) input=uint8 ... done (4.2s)
    [osimulator] (1x1024x576) @ (576x64) input=uint8 ... done (6.3s)
    [osimulator] (1x256x576) @ (576x128) input=uint8 ... done (6.3s)
    [osimulator] (1x256x1152) @ (1152x128) input=uint8 ... done (8.6s)
    [osimulator] (1x1x8192) @ (8192x256) input=uint8 ... done (3.6s)
    [osimulator] (1x1x256) @ (256x10) input=uint8 ... done (0.0s)
  [Model 1 Phase4 v3 INT8 (变体 A) optic]  358/650 ( 55.1%) acc=98.04%  elapsed=16694s  ETA=13616s
    [osimulator] (1x4096x288) @ (288x32) input=uint8 ... done (13.3s)
    [osimulator] (1x1024x288) @ (288x64) input=uint8 ... done (4.4s)
    [osimulator] (1x1024x576) @ (576x64) input=uint8 ... done (9.1s)
    [osimulator] (1x256x576) @ (576x128) input=uint8 ... done (6.5s)
    [osimulator] (1x256x1152) @ (1152x128) input=uint8 ... done (8.4s)
    [osimulator] (1x1x8192) @ (8192x256) input=uint8 ... done (3.5s)
    [osimulator] (1x1x256) @ (256x10) input=uint8 ... done (0.0s)
  [Model 1 Phase4 v3 INT8 (变体 A) optic]  359/650 ( 55.2%) acc=98.05%  elapsed=16739s  ETA=13569s
    [osimulator] (1x4096x288) @ (288x32) input=uint8 ... done (15.5s)
    [osimulator] (1x1024x288) @ (288x64) input=uint8 ... done (4.3s)
    [osimulator] (1x1024x576) @ (576x64) input=uint8 ... done (6.4s)
    [osimulator] (1x256x576) @ (576x128) input=uint8 ... done (6.5s)
    [osimulator] (1x256x1152) @ (1152x128) input=uint8 ... done (8.5s)
    [osimulator] (1x1x8192) @ (8192x256) input=uint8 ... done (3.8s)
    [osimulator] (1x1x256) @ (256x10) input=uint8 ... done (0.0s)
  [Model 1 Phase4 v3 INT8 (变体 A) optic]  360/650 ( 55.4%) acc=98.06%  elapsed=16784s  ETA=13521s
    [osimulator] (1x4096x288) @ (288x32) input=uint8 ... done (13.1s)
    [osimulator] (1x1024x288) @ (288x64) input=uint8 ... done (4.3s)
    [osimulator] (1x1024x576) @ (576x64) input=uint8 ... done (6.4s)
    [osimulator] (1x256x576) @ (576x128) input=uint8 ... done (6.4s)
    [osimulator] (1x256x1152) @ (1152x128) input=uint8 ... done (8.5s)
    [osimulator] (1x1x8192) @ (8192x256) input=uint8 ... done (3.7s)
    [osimulator] (1x1x256) @ (256x10) input=uint8 ... done (0.0s)
  [Model 1 Phase4 v3 INT8 (变体 A) optic]  361/650 ( 55.5%) acc=98.06%  elapsed=16827s  ETA=13471s
    [osimulator] (1x4096x288) @ (288x32) input=uint8 ... done (7.5s)
    [osimulator] (1x1024x288) @ (288x64) input=uint8 ... done (4.4s)
    [osimulator] (1x1024x576) @ (576x64) input=uint8 ... done (6.4s)
    [osimulator] (1x256x576) @ (576x128) input=uint8 ... done (6.4s)
    [osimulator] (1x256x1152) @ (1152x128) input=uint8 ... done (8.5s)
    [osimulator] (1x1x8192) @ (8192x256) input=uint8 ... done (3.6s)
    [osimulator] (1x1x256) @ (256x10) input=uint8 ... done (0.0s)
  [Model 1 Phase4 v3 INT8 (变体 A) optic]  362/650 ( 55.7%) acc=98.07%  elapsed=16864s  ETA=13417s
    [osimulator] (1x4096x288) @ (288x32) input=uint8 ... done (13.3s)
    [osimulator] (1x1024x288) @ (288x64) input=uint8 ... done (4.3s)
    [osimulator] (1x1024x576) @ (576x64) input=uint8 ... done (6.4s)
    [osimulator] (1x256x576) @ (576x128) input=uint8 ... done (6.5s)
    [osimulator] (1x256x1152) @ (1152x128) input=uint8 ... done (8.6s)
    [osimulator] (1x1x8192) @ (8192x256) input=uint8 ... done (3.8s)
    [osimulator] (1x1x256) @ (256x10) input=uint8 ... done (0.0s)
  [Model 1 Phase4 v3 INT8 (变体 A) optic]  363/650 ( 55.8%) acc=98.07%  elapsed=16907s  ETA=13367s
    [osimulator] (1x4096x288) @ (288x32) input=uint8 ... done (12.9s)
    [osimulator] (1x1024x288) @ (288x64) input=uint8 ... done (4.4s)
    [osimulator] (1x1024x576) @ (576x64) input=uint8 ... done (6.4s)
    [osimulator] (1x256x576) @ (576x128) input=uint8 ... done (6.5s)
    [osimulator] (1x256x1152) @ (1152x128) input=uint8 ... done (8.6s)
    [osimulator] (1x1x8192) @ (8192x256) input=uint8 ... done (3.5s)
    [osimulator] (1x1x256) @ (256x10) input=uint8 ... done (0.0s)
  [Model 1 Phase4 v3 INT8 (变体 A) optic]  364/650 ( 56.0%) acc=98.08%  elapsed=16949s  ETA=13317s
    [osimulator] (1x4096x288) @ (288x32) input=uint8 ... done (18.1s)
    [osimulator] (1x1024x288) @ (288x64) input=uint8 ... done (4.3s)
    [osimulator] (1x1024x576) @ (576x64) input=uint8 ... done (6.4s)
    [osimulator] (1x256x576) @ (576x128) input=uint8 ... done (6.6s)
    [osimulator] (1x256x1152) @ (1152x128) input=uint8 ... done (8.6s)
    [osimulator] (1x1x8192) @ (8192x256) input=uint8 ... done (3.7s)
    [osimulator] (1x1x256) @ (256x10) input=uint8 ... done (0.0s)
  [Model 1 Phase4 v3 INT8 (变体 A) optic]  365/650 ( 56.2%) acc=98.08%  elapsed=16997s  ETA=13272s
    [osimulator] (1x4096x288) @ (288x32) input=uint8 ... done (13.2s)
    [osimulator] (1x1024x288) @ (288x64) input=uint8 ... done (4.4s)
    [osimulator] (1x1024x576) @ (576x64) input=uint8 ... done (6.4s)
    [osimulator] (1x256x576) @ (576x128) input=uint8 ... done (6.5s)
    [osimulator] (1x256x1152) @ (1152x128) input=uint8 ... done (8.6s)
    [osimulator] (1x1x8192) @ (8192x256) input=uint8 ... done (3.7s)
    [osimulator] (1x1x256) @ (256x10) input=uint8 ... done (0.0s)
  [Model 1 Phase4 v3 INT8 (变体 A) optic]  366/650 ( 56.3%) acc=98.09%  elapsed=17040s  ETA=13222s
    [osimulator] (1x4096x288) @ (288x32) input=uint8 ... done (12.8s)
    [osimulator] (1x1024x288) @ (288x64) input=uint8 ... done (4.3s)
    [osimulator] (1x1024x576) @ (576x64) input=uint8 ... done (6.4s)
    [osimulator] (1x256x576) @ (576x128) input=uint8 ... done (6.5s)
    [osimulator] (1x256x1152) @ (1152x128) input=uint8 ... done (8.6s)
    [osimulator] (1x1x8192) @ (8192x256) input=uint8 ... done (3.7s)
    [osimulator] (1x1x256) @ (256x10) input=uint8 ... done (0.0s)
  [Model 1 Phase4 v3 INT8 (变体 A) optic]  367/650 ( 56.5%) acc=98.09%  elapsed=17082s  ETA=13172s
    [osimulator] (1x4096x288) @ (288x32) input=uint8 ... done (12.4s)
    [osimulator] (1x1024x288) @ (288x64) input=uint8 ... done (4.3s)
    [osimulator] (1x1024x576) @ (576x64) input=uint8 ... done (6.3s)
    [osimulator] (1x256x576) @ (576x128) input=uint8 ... done (6.5s)
    [osimulator] (1x256x1152) @ (1152x128) input=uint8 ... done (8.5s)
    [osimulator] (1x1x8192) @ (8192x256) input=uint8 ... done (3.7s)
    [osimulator] (1x1x256) @ (256x10) input=uint8 ... done (0.0s)
  [Model 1 Phase4 v3 INT8 (变体 A) optic]  368/650 ( 56.6%) acc=98.10%  elapsed=17124s  ETA=13122s
    [osimulator] (1x4096x288) @ (288x32) input=uint8 ... done (17.4s)
    [osimulator] (1x1024x288) @ (288x64) input=uint8 ... done (4.3s)
    [osimulator] (1x1024x576) @ (576x64) input=uint8 ... done (6.2s)
    [osimulator] (1x256x576) @ (576x128) input=uint8 ... done (6.8s)
    [osimulator] (1x256x1152) @ (1152x128) input=uint8 ... done (8.7s)
    [osimulator] (1x1x8192) @ (8192x256) input=uint8 ... done (3.7s)
    [osimulator] (1x1x256) @ (256x10) input=uint8 ... done (0.0s)
  [Model 1 Phase4 v3 INT8 (变体 A) optic]  369/650 ( 56.8%) acc=97.83%  elapsed=17171s  ETA=13076s
    [osimulator] (1x4096x288) @ (288x32) input=uint8 ... done (15.1s)
    [osimulator] (1x1024x288) @ (288x64) input=uint8 ... done (4.5s)
    [osimulator] (1x1024x576) @ (576x64) input=uint8 ... done (6.3s)
    [osimulator] (1x256x576) @ (576x128) input=uint8 ... done (6.5s)
    [osimulator] (1x256x1152) @ (1152x128) input=uint8 ... done (8.6s)
    [osimulator] (1x1x8192) @ (8192x256) input=uint8 ... done (3.5s)
    [osimulator] (1x1x256) @ (256x10) input=uint8 ... done (0.0s)
  [Model 1 Phase4 v3 INT8 (变体 A) optic]  370/650 ( 56.9%) acc=97.84%  elapsed=17215s  ETA=13028s
    [osimulator] (1x4096x288) @ (288x32) input=uint8 ... done (18.9s)
    [osimulator] (1x1024x288) @ (288x64) input=uint8 ... done (4.3s)
    [osimulator] (1x1024x576) @ (576x64) input=uint8 ... done (6.7s)
    [osimulator] (1x256x576) @ (576x128) input=uint8 ... done (6.3s)
    [osimulator] (1x256x1152) @ (1152x128) input=uint8 ... done (8.3s)
    [osimulator] (1x1x8192) @ (8192x256) input=uint8 ... done (3.8s)
    [osimulator] (1x1x256) @ (256x10) input=uint8 ... done (0.0s)
  [Model 1 Phase4 v3 INT8 (变体 A) optic]  371/650 ( 57.1%) acc=97.84%  elapsed=17264s  ETA=12983s
    [osimulator] (1x4096x288) @ (288x32) input=uint8 ... done (16.7s)
    [osimulator] (1x1024x288) @ (288x64) input=uint8 ... done (4.3s)
    [osimulator] (1x1024x576) @ (576x64) input=uint8 ... done (6.1s)
    [osimulator] (1x256x576) @ (576x128) input=uint8 ... done (6.5s)
    [osimulator] (1x256x1152) @ (1152x128) input=uint8 ... done (8.6s)
    [osimulator] (1x1x8192) @ (8192x256) input=uint8 ... done (3.6s)
    [osimulator] (1x1x256) @ (256x10) input=uint8 ... done (0.0s)
  [Model 1 Phase4 v3 INT8 (变体 A) optic]  372/650 ( 57.2%) acc=97.85%  elapsed=17310s  ETA=12936s
    [osimulator] (1x4096x288) @ (288x32) input=uint8 ... done (13.4s)
    [osimulator] (1x1024x288) @ (288x64) input=uint8 ... done (4.3s)
    [osimulator] (1x1024x576) @ (576x64) input=uint8 ... done (6.3s)
    [osimulator] (1x256x576) @ (576x128) input=uint8 ... done (6.5s)
    [osimulator] (1x256x1152) @ (1152x128) input=uint8 ... done (8.6s)
    [osimulator] (1x1x8192) @ (8192x256) input=uint8 ... done (3.7s)
    [osimulator] (1x1x256) @ (256x10) input=uint8 ... done (0.0s)
  [Model 1 Phase4 v3 INT8 (变体 A) optic]  373/650 ( 57.4%) acc=97.86%  elapsed=17353s  ETA=12886s
    [osimulator] (1x4096x288) @ (288x32) input=uint8 ... done (17.9s)
    [osimulator] (1x1024x288) @ (288x64) input=uint8 ... done (4.3s)
    [osimulator] (1x1024x576) @ (576x64) input=uint8 ... done (6.2s)
    [osimulator] (1x256x576) @ (576x128) input=uint8 ... done (6.4s)
    [osimulator] (1x256x1152) @ (1152x128) input=uint8 ... done (8.5s)
    [osimulator] (1x1x8192) @ (8192x256) input=uint8 ... done (3.7s)
    [osimulator] (1x1x256) @ (256x10) input=uint8 ... done (0.0s)
  [Model 1 Phase4 v3 INT8 (变体 A) optic]  374/650 ( 57.5%) acc=97.86%  elapsed=17400s  ETA=12840s
    [osimulator] (1x4096x288) @ (288x32) input=uint8 ... done (15.4s)
    [osimulator] (1x1024x288) @ (288x64) input=uint8 ... done (4.3s)
    [osimulator] (1x1024x576) @ (576x64) input=uint8 ... done (6.3s)
    [osimulator] (1x256x576) @ (576x128) input=uint8 ... done (6.4s)
    [osimulator] (1x256x1152) @ (1152x128) input=uint8 ... done (8.6s)
    [osimulator] (1x1x8192) @ (8192x256) input=uint8 ... done (3.6s)
    [osimulator] (1x1x256) @ (256x10) input=uint8 ... done (0.0s)
  [Model 1 Phase4 v3 INT8 (变体 A) optic]  375/650 ( 57.7%) acc=97.87%  elapsed=17444s  ETA=12792s
    [osimulator] (1x4096x288) @ (288x32) input=uint8 ... done (18.5s)
    [osimulator] (1x1024x288) @ (288x64) input=uint8 ... done (4.3s)
    [osimulator] (1x1024x576) @ (576x64) input=uint8 ... done (6.3s)
    [osimulator] (1x256x576) @ (576x128) input=uint8 ... done (6.8s)
    [osimulator] (1x256x1152) @ (1152x128) input=uint8 ... done (8.5s)
    [osimulator] (1x1x8192) @ (8192x256) input=uint8 ... done (3.5s)
    [osimulator] (1x1x256) @ (256x10) input=uint8 ... done (0.0s)
  [Model 1 Phase4 v3 INT8 (变体 A) optic]  376/650 ( 57.8%) acc=97.87%  elapsed=17492s  ETA=12747s
    [osimulator] (1x4096x288) @ (288x32) input=uint8 ... done (13.2s)
    [osimulator] (1x1024x288) @ (288x64) input=uint8 ... done (4.3s)
    [osimulator] (1x1024x576) @ (576x64) input=uint8 ... done (6.2s)
    [osimulator] (1x256x576) @ (576x128) input=uint8 ... done (6.3s)
    [osimulator] (1x256x1152) @ (1152x128) input=uint8 ... done (8.5s)
    [osimulator] (1x1x8192) @ (8192x256) input=uint8 ... done (3.5s)
    [osimulator] (1x1x256) @ (256x10) input=uint8 ... done (0.0s)
  [Model 1 Phase4 v3 INT8 (变体 A) optic]  377/650 ( 58.0%) acc=97.88%  elapsed=17534s  ETA=12697s
    [osimulator] (1x4096x288) @ (288x32) input=uint8 ... done (15.6s)
    [osimulator] (1x1024x288) @ (288x64) input=uint8 ... done (4.4s)
    [osimulator] (1x1024x576) @ (576x64) input=uint8 ... done (6.4s)
    [osimulator] (1x256x576) @ (576x128) input=uint8 ... done (6.5s)
    [osimulator] (1x256x1152) @ (1152x128) input=uint8 ... done (8.6s)
    [osimulator] (1x1x8192) @ (8192x256) input=uint8 ... done (3.6s)
    [osimulator] (1x1x256) @ (256x10) input=uint8 ... done (0.0s)
  [Model 1 Phase4 v3 INT8 (变体 A) optic]  378/650 ( 58.2%) acc=97.88%  elapsed=17579s  ETA=12650s
    [osimulator] (1x4096x288) @ (288x32) input=uint8 ... done (15.1s)
    [osimulator] (1x1024x288) @ (288x64) input=uint8 ... done (4.3s)
    [osimulator] (1x1024x576) @ (576x64) input=uint8 ... done (6.2s)
    [osimulator] (1x256x576) @ (576x128) input=uint8 ... done (6.4s)
    [osimulator] (1x256x1152) @ (1152x128) input=uint8 ... done (8.6s)
    [osimulator] (1x1x8192) @ (8192x256) input=uint8 ... done (3.8s)
    [osimulator] (1x1x256) @ (256x10) input=uint8 ... done (0.0s)
  [Model 1 Phase4 v3 INT8 (变体 A) optic]  379/650 ( 58.3%) acc=97.89%  elapsed=17624s  ETA=12602s
    [osimulator] (1x4096x288) @ (288x32) input=uint8 ... done (16.4s)
    [osimulator] (1x1024x288) @ (288x64) input=uint8 ... done (4.2s)
    [osimulator] (1x1024x576) @ (576x64) input=uint8 ... done (6.3s)
    [osimulator] (1x256x576) @ (576x128) input=uint8 ... done (6.4s)
    [osimulator] (1x256x1152) @ (1152x128) input=uint8 ... done (8.6s)
    [osimulator] (1x1x8192) @ (8192x256) input=uint8 ... done (3.6s)
    [osimulator] (1x1x256) @ (256x10) input=uint8 ... done (0.0s)
  [Model 1 Phase4 v3 INT8 (变体 A) optic]  380/650 ( 58.5%) acc=97.89%  elapsed=17669s  ETA=12555s
    [osimulator] (1x4096x288) @ (288x32) input=uint8 ... done (17.9s)
    [osimulator] (1x1024x288) @ (288x64) input=uint8 ... done (4.3s)
    [osimulator] (1x1024x576) @ (576x64) input=uint8 ... done (6.3s)
    [osimulator] (1x256x576) @ (576x128) input=uint8 ... done (6.4s)
    [osimulator] (1x256x1152) @ (1152x128) input=uint8 ... done (8.5s)
    [osimulator] (1x1x8192) @ (8192x256) input=uint8 ... done (3.7s)
    [osimulator] (1x1x256) @ (256x10) input=uint8 ... done (0.0s)
  [Model 1 Phase4 v3 INT8 (变体 A) optic]  381/650 ( 58.6%) acc=97.90%  elapsed=17717s  ETA=12509s
    [osimulator] (1x4096x288) @ (288x32) input=uint8 ... done (15.0s)
    [osimulator] (1x1024x288) @ (288x64) input=uint8 ... done (4.3s)
    [osimulator] (1x1024x576) @ (576x64) input=uint8 ... done (6.4s)
    [osimulator] (1x256x576) @ (576x128) input=uint8 ... done (6.8s)
    [osimulator] (1x256x1152) @ (1152x128) input=uint8 ... done (8.5s)
    [osimulator] (1x1x8192) @ (8192x256) input=uint8 ... done (3.8s)
    [osimulator] (1x1x256) @ (256x10) input=uint8 ... done (0.0s)
  [Model 1 Phase4 v3 INT8 (变体 A) optic]  382/650 ( 58.8%) acc=97.91%  elapsed=17761s  ETA=12461s
    [osimulator] (1x4096x288) @ (288x32) input=uint8 ... done (14.1s)
    [osimulator] (1x1024x288) @ (288x64) input=uint8 ... done (4.3s)
    [osimulator] (1x1024x576) @ (576x64) input=uint8 ... done (6.3s)
    [osimulator] (1x256x576) @ (576x128) input=uint8 ... done (6.4s)
    [osimulator] (1x256x1152) @ (1152x128) input=uint8 ... done (8.6s)
    [osimulator] (1x1x8192) @ (8192x256) input=uint8 ... done (3.8s)
    [osimulator] (1x1x256) @ (256x10) input=uint8 ... done (0.0s)
  [Model 1 Phase4 v3 INT8 (变体 A) optic]  383/650 ( 58.9%) acc=97.91%  elapsed=17805s  ETA=12412s
    [osimulator] (1x4096x288) @ (288x32) input=uint8 ... done (14.8s)
    [osimulator] (1x1024x288) @ (288x64) input=uint8 ... done (4.4s)
    [osimulator] (1x1024x576) @ (576x64) input=uint8 ... done (6.3s)
    [osimulator] (1x256x576) @ (576x128) input=uint8 ... done (6.5s)
    [osimulator] (1x256x1152) @ (1152x128) input=uint8 ... done (8.6s)
    [osimulator] (1x1x8192) @ (8192x256) input=uint8 ... done (3.5s)
    [osimulator] (1x1x256) @ (256x10) input=uint8 ... done (0.0s)
  [Model 1 Phase4 v3 INT8 (变体 A) optic]  384/650 ( 59.1%) acc=97.92%  elapsed=17849s  ETA=12364s
    [osimulator] (1x4096x288) @ (288x32) input=uint8 ... done (13.5s)
    [osimulator] (1x1024x288) @ (288x64) input=uint8 ... done (4.3s)
    [osimulator] (1x1024x576) @ (576x64) input=uint8 ... done (6.3s)
    [osimulator] (1x256x576) @ (576x128) input=uint8 ... done (6.3s)
    [osimulator] (1x256x1152) @ (1152x128) input=uint8 ... done (8.5s)
    [osimulator] (1x1x8192) @ (8192x256) input=uint8 ... done (3.4s)
    [osimulator] (1x1x256) @ (256x10) input=uint8 ... done (0.0s)
  [Model 1 Phase4 v3 INT8 (变体 A) optic]  385/650 ( 59.2%) acc=97.92%  elapsed=17892s  ETA=12315s
    [osimulator] (1x4096x288) @ (288x32) input=uint8 ... done (16.0s)
    [osimulator] (1x1024x288) @ (288x64) input=uint8 ... done (4.3s)
    [osimulator] (1x1024x576) @ (576x64) input=uint8 ... done (6.3s)
    [osimulator] (1x256x576) @ (576x128) input=uint8 ... done (6.5s)
    [osimulator] (1x256x1152) @ (1152x128) input=uint8 ... done (8.7s)
    [osimulator] (1x1x8192) @ (8192x256) input=uint8 ... done (3.6s)
    [osimulator] (1x1x256) @ (256x10) input=uint8 ... done (0.0s)
  [Model 1 Phase4 v3 INT8 (变体 A) optic]  386/650 ( 59.4%) acc=97.93%  elapsed=17937s  ETA=12268s
    [osimulator] (1x4096x288) @ (288x32) input=uint8 ... done (11.8s)
    [osimulator] (1x1024x288) @ (288x64) input=uint8 ... done (4.3s)
    [osimulator] (1x1024x576) @ (576x64) input=uint8 ... done (6.4s)
    [osimulator] (1x256x576) @ (576x128) input=uint8 ... done (6.5s)
    [osimulator] (1x256x1152) @ (1152x128) input=uint8 ... done (8.5s)
    [osimulator] (1x1x8192) @ (8192x256) input=uint8 ... done (3.6s)
    [osimulator] (1x1x256) @ (256x10) input=uint8 ... done (0.0s)
  [Model 1 Phase4 v3 INT8 (变体 A) optic]  387/650 ( 59.5%) acc=97.93%  elapsed=17978s  ETA=12218s
    [osimulator] (1x4096x288) @ (288x32) input=uint8 ... done (17.8s)
    [osimulator] (1x1024x288) @ (288x64) input=uint8 ... done (4.2s)
    [osimulator] (1x1024x576) @ (576x64) input=uint8 ... done (6.3s)
    [osimulator] (1x256x576) @ (576x128) input=uint8 ... done (6.4s)
    [osimulator] (1x256x1152) @ (1152x128) input=uint8 ... done (8.5s)
    [osimulator] (1x1x8192) @ (8192x256) input=uint8 ... done (3.5s)
    [osimulator] (1x1x256) @ (256x10) input=uint8 ... done (0.0s)
  [Model 1 Phase4 v3 INT8 (变体 A) optic]  388/650 ( 59.7%) acc=97.94%  elapsed=18025s  ETA=12172s
    [osimulator] (1x4096x288) @ (288x32) input=uint8 ... done (13.3s)
    [osimulator] (1x1024x288) @ (288x64) input=uint8 ... done (4.4s)
    [osimulator] (1x1024x576) @ (576x64) input=uint8 ... done (6.4s)
    [osimulator] (1x256x576) @ (576x128) input=uint8 ... done (6.5s)
    [osimulator] (1x256x1152) @ (1152x128) input=uint8 ... done (8.5s)
    [osimulator] (1x1x8192) @ (8192x256) input=uint8 ... done (3.6s)
    [osimulator] (1x1x256) @ (256x10) input=uint8 ... done (0.0s)
  [Model 1 Phase4 v3 INT8 (变体 A) optic]  389/650 ( 59.8%) acc=97.94%  elapsed=18068s  ETA=12123s
    [osimulator] (1x4096x288) @ (288x32) input=uint8 ... done (16.7s)
    [osimulator] (1x1024x288) @ (288x64) input=uint8 ... done (4.3s)
    [osimulator] (1x1024x576) @ (576x64) input=uint8 ... done (6.3s)
    [osimulator] (1x256x576) @ (576x128) input=uint8 ... done (6.4s)
    [osimulator] (1x256x1152) @ (1152x128) input=uint8 ... done (8.6s)
    [osimulator] (1x1x8192) @ (8192x256) input=uint8 ... done (3.5s)
    [osimulator] (1x1x256) @ (256x10) input=uint8 ... done (0.0s)
  [Model 1 Phase4 v3 INT8 (变体 A) optic]  390/650 ( 60.0%) acc=97.95%  elapsed=18114s  ETA=12076s
    [osimulator] (1x4096x288) @ (288x32) input=uint8 ... done (13.0s)
    [osimulator] (1x1024x288) @ (288x64) input=uint8 ... done (4.3s)
    [osimulator] (1x1024x576) @ (576x64) input=uint8 ... done (6.4s)
    [osimulator] (1x256x576) @ (576x128) input=uint8 ... done (6.4s)
    [osimulator] (1x256x1152) @ (1152x128) input=uint8 ... done (8.6s)
    [osimulator] (1x1x8192) @ (8192x256) input=uint8 ... done (3.7s)
    [osimulator] (1x1x256) @ (256x10) input=uint8 ... done (0.0s)
  [Model 1 Phase4 v3 INT8 (变体 A) optic]  391/650 ( 60.2%) acc=97.95%  elapsed=18156s  ETA=12027s
    [osimulator] (1x4096x288) @ (288x32) input=uint8 ... done (13.5s)
    [osimulator] (1x1024x288) @ (288x64) input=uint8 ... done (4.4s)
    [osimulator] (1x1024x576) @ (576x64) input=uint8 ... done (6.3s)
    [osimulator] (1x256x576) @ (576x128) input=uint8 ... done (6.5s)
    [osimulator] (1x256x1152) @ (1152x128) input=uint8 ... done (8.6s)
    [osimulator] (1x1x8192) @ (8192x256) input=uint8 ... done (3.7s)
    [osimulator] (1x1x256) @ (256x10) input=uint8 ... done (0.0s)
  [Model 1 Phase4 v3 INT8 (变体 A) optic]  392/650 ( 60.3%) acc=97.96%  elapsed=18199s  ETA=11978s
    [osimulator] (1x4096x288) @ (288x32) input=uint8 ... done (13.4s)
    [osimulator] (1x1024x288) @ (288x64) input=uint8 ... done (4.3s)
    [osimulator] (1x1024x576) @ (576x64) input=uint8 ... done (6.6s)
    [osimulator] (1x256x576) @ (576x128) input=uint8 ... done (6.4s)
    [osimulator] (1x256x1152) @ (1152x128) input=uint8 ... done (8.6s)
    [osimulator] (1x1x8192) @ (8192x256) input=uint8 ... done (3.5s)
    [osimulator] (1x1x256) @ (256x10) input=uint8 ... done (0.0s)
  [Model 1 Phase4 v3 INT8 (变体 A) optic]  393/650 ( 60.5%) acc=97.96%  elapsed=18242s  ETA=11929s
    [osimulator] (1x4096x288) @ (288x32) input=uint8 ... done (13.9s)
    [osimulator] (1x1024x288) @ (288x64) input=uint8 ... done (4.3s)
    [osimulator] (1x1024x576) @ (576x64) input=uint8 ... done (6.3s)
    [osimulator] (1x256x576) @ (576x128) input=uint8 ... done (6.4s)
    [osimulator] (1x256x1152) @ (1152x128) input=uint8 ... done (8.4s)
    [osimulator] (1x1x8192) @ (8192x256) input=uint8 ... done (3.5s)
    [osimulator] (1x1x256) @ (256x10) input=uint8 ... done (0.0s)
  [Model 1 Phase4 v3 INT8 (变体 A) optic]  394/650 ( 60.6%) acc=97.97%  elapsed=18285s  ETA=11880s
    [osimulator] (1x4096x288) @ (288x32) input=uint8 ... done (14.5s)
    [osimulator] (1x1024x288) @ (288x64) input=uint8 ... done (4.3s)
    [osimulator] (1x1024x576) @ (576x64) input=uint8 ... done (6.4s)
    [osimulator] (1x256x576) @ (576x128) input=uint8 ... done (6.4s)
    [osimulator] (1x256x1152) @ (1152x128) input=uint8 ... done (8.5s)
    [osimulator] (1x1x8192) @ (8192x256) input=uint8 ... done (3.7s)
    [osimulator] (1x1x256) @ (256x10) input=uint8 ... done (0.0s)
  [Model 1 Phase4 v3 INT8 (变体 A) optic]  395/650 ( 60.8%) acc=97.97%  elapsed=18329s  ETA=11832s
    [osimulator] (1x4096x288) @ (288x32) input=uint8 ... done (14.9s)
    [osimulator] (1x1024x288) @ (288x64) input=uint8 ... done (4.3s)
    [osimulator] (1x1024x576) @ (576x64) input=uint8 ... done (6.3s)
    [osimulator] (1x256x576) @ (576x128) input=uint8 ... done (6.3s)
    [osimulator] (1x256x1152) @ (1152x128) input=uint8 ... done (8.5s)
    [osimulator] (1x1x8192) @ (8192x256) input=uint8 ... done (3.6s)
    [osimulator] (1x1x256) @ (256x10) input=uint8 ... done (0.0s)
  [Model 1 Phase4 v3 INT8 (变体 A) optic]  396/650 ( 60.9%) acc=97.98%  elapsed=18372s  ETA=11784s
    [osimulator] (1x4096x288) @ (288x32) input=uint8 ... done (13.3s)
    [osimulator] (1x1024x288) @ (288x64) input=uint8 ... done (4.3s)
    [osimulator] (1x1024x576) @ (576x64) input=uint8 ... done (6.4s)
    [osimulator] (1x256x576) @ (576x128) input=uint8 ... done (6.4s)
    [osimulator] (1x256x1152) @ (1152x128) input=uint8 ... done (8.7s)
    [osimulator] (1x1x8192) @ (8192x256) input=uint8 ... done (3.7s)
    [osimulator] (1x1x256) @ (256x10) input=uint8 ... done (0.0s)
  [Model 1 Phase4 v3 INT8 (变体 A) optic]  397/650 ( 61.1%) acc=97.98%  elapsed=18415s  ETA=11736s
    [osimulator] (1x4096x288) @ (288x32) input=uint8 ... done (14.1s)
    [osimulator] (1x1024x288) @ (288x64) input=uint8 ... done (4.3s)
    [osimulator] (1x1024x576) @ (576x64) input=uint8 ... done (6.5s)
    [osimulator] (1x256x576) @ (576x128) input=uint8 ... done (6.7s)
    [osimulator] (1x256x1152) @ (1152x128) input=uint8 ... done (8.6s)
    [osimulator] (1x1x8192) @ (8192x256) input=uint8 ... done (3.5s)
    [osimulator] (1x1x256) @ (256x10) input=uint8 ... done (0.0s)
  [Model 1 Phase4 v3 INT8 (变体 A) optic]  398/650 ( 61.2%) acc=97.99%  elapsed=18459s  ETA=11688s
    [osimulator] (1x4096x288) @ (288x32) input=uint8 ... done (13.0s)
    [osimulator] (1x1024x288) @ (288x64) input=uint8 ... done (4.3s)
    [osimulator] (1x1024x576) @ (576x64) input=uint8 ... done (6.4s)
    [osimulator] (1x256x576) @ (576x128) input=uint8 ... done (6.5s)
    [osimulator] (1x256x1152) @ (1152x128) input=uint8 ... done (8.6s)
    [osimulator] (1x1x8192) @ (8192x256) input=uint8 ... done (3.7s)
    [osimulator] (1x1x256) @ (256x10) input=uint8 ... done (0.0s)
  [Model 1 Phase4 v3 INT8 (变体 A) optic]  399/650 ( 61.4%) acc=97.99%  elapsed=18502s  ETA=11639s
    [osimulator] (1x4096x288) @ (288x32) input=uint8 ... done (14.9s)
    [osimulator] (1x1024x288) @ (288x64) input=uint8 ... done (4.3s)
    [osimulator] (1x1024x576) @ (576x64) input=uint8 ... done (6.3s)
    [osimulator] (1x256x576) @ (576x128) input=uint8 ... done (6.5s)
    [osimulator] (1x256x1152) @ (1152x128) input=uint8 ... done (8.5s)
    [osimulator] (1x1x8192) @ (8192x256) input=uint8 ... done (3.9s)
    [osimulator] (1x1x256) @ (256x10) input=uint8 ... done (0.0s)
  [Model 1 Phase4 v3 INT8 (变体 A) optic]  400/650 ( 61.5%) acc=98.00%  elapsed=18546s  ETA=11591s
    [osimulator] (1x4096x288) @ (288x32) input=uint8 ... done (14.3s)
    [osimulator] (1x1024x288) @ (288x64) input=uint8 ... done (4.3s)
    [osimulator] (1x1024x576) @ (576x64) input=uint8 ... done (6.4s)
    [osimulator] (1x256x576) @ (576x128) input=uint8 ... done (6.4s)
    [osimulator] (1x256x1152) @ (1152x128) input=uint8 ... done (8.5s)
    [osimulator] (1x1x8192) @ (8192x256) input=uint8 ... done (3.6s)
    [osimulator] (1x1x256) @ (256x10) input=uint8 ... done (0.0s)
  [Model 1 Phase4 v3 INT8 (变体 A) optic]  401/650 ( 61.7%) acc=98.00%  elapsed=18590s  ETA=11543s
    [osimulator] (1x4096x288) @ (288x32) input=uint8 ... done (13.7s)
    [osimulator] (1x1024x288) @ (288x64) input=uint8 ... done (4.3s)
    [osimulator] (1x1024x576) @ (576x64) input=uint8 ... done (6.3s)
    [osimulator] (1x256x576) @ (576x128) input=uint8 ... done (6.5s)
    [osimulator] (1x256x1152) @ (1152x128) input=uint8 ... done (8.7s)
    [osimulator] (1x1x8192) @ (8192x256) input=uint8 ... done (3.5s)
    [osimulator] (1x1x256) @ (256x10) input=uint8 ... done (0.0s)
  [Model 1 Phase4 v3 INT8 (变体 A) optic]  402/650 ( 61.8%) acc=98.01%  elapsed=18633s  ETA=11495s
    [osimulator] (1x4096x288) @ (288x32) input=uint8 ... done (14.9s)
    [osimulator] (1x1024x288) @ (288x64) input=uint8 ... done (4.3s)
    [osimulator] (1x1024x576) @ (576x64) input=uint8 ... done (6.2s)
    [osimulator] (1x256x576) @ (576x128) input=uint8 ... done (6.5s)
    [osimulator] (1x256x1152) @ (1152x128) input=uint8 ... done (8.6s)
    [osimulator] (1x1x8192) @ (8192x256) input=uint8 ... done (3.6s)
    [osimulator] (1x1x256) @ (256x10) input=uint8 ... done (0.0s)
  [Model 1 Phase4 v3 INT8 (变体 A) optic]  403/650 ( 62.0%) acc=98.01%  elapsed=18677s  ETA=11447s
    [osimulator] (1x4096x288) @ (288x32) input=uint8 ... done (12.8s)
    [osimulator] (1x1024x288) @ (288x64) input=uint8 ... done (4.3s)
    [osimulator] (1x1024x576) @ (576x64) input=uint8 ... done (6.5s)
    [osimulator] (1x256x576) @ (576x128) input=uint8 ... done (6.3s)
    [osimulator] (1x256x1152) @ (1152x128) input=uint8 ... done (8.6s)
    [osimulator] (1x1x8192) @ (8192x256) input=uint8 ... done (3.5s)
    [osimulator] (1x1x256) @ (256x10) input=uint8 ... done (0.0s)
  [Model 1 Phase4 v3 INT8 (变体 A) optic]  404/650 ( 62.2%) acc=98.02%  elapsed=18719s  ETA=11398s
    [osimulator] (1x4096x288) @ (288x32) input=uint8 ... done (12.8s)
    [osimulator] (1x1024x288) @ (288x64) input=uint8 ... done (4.3s)
    [osimulator] (1x1024x576) @ (576x64) input=uint8 ... done (6.3s)
    [osimulator] (1x256x576) @ (576x128) input=uint8 ... done (6.5s)
    [osimulator] (1x256x1152) @ (1152x128) input=uint8 ... done (8.7s)
    [osimulator] (1x1x8192) @ (8192x256) input=uint8 ... done (3.7s)
    [osimulator] (1x1x256) @ (256x10) input=uint8 ... done (0.0s)
  [Model 1 Phase4 v3 INT8 (变体 A) optic]  405/650 ( 62.3%) acc=98.02%  elapsed=18761s  ETA=11349s
    [osimulator] (1x4096x288) @ (288x32) input=uint8 ... done (12.6s)
    [osimulator] (1x1024x288) @ (288x64) input=uint8 ... done (4.3s)
    [osimulator] (1x1024x576) @ (576x64) input=uint8 ... done (6.5s)
    [osimulator] (1x256x576) @ (576x128) input=uint8 ... done (6.5s)
    [osimulator] (1x256x1152) @ (1152x128) input=uint8 ... done (8.5s)
    [osimulator] (1x1x8192) @ (8192x256) input=uint8 ... done (3.7s)
    [osimulator] (1x1x256) @ (256x10) input=uint8 ... done (0.0s)
  [Model 1 Phase4 v3 INT8 (变体 A) optic]  406/650 ( 62.5%) acc=98.03%  elapsed=18803s  ETA=11301s
    [osimulator] (1x4096x288) @ (288x32) input=uint8 ... done (14.0s)
    [osimulator] (1x1024x288) @ (288x64) input=uint8 ... done (4.3s)
    [osimulator] (1x1024x576) @ (576x64) input=uint8 ... done (6.4s)
    [osimulator] (1x256x576) @ (576x128) input=uint8 ... done (6.4s)
    [osimulator] (1x256x1152) @ (1152x128) input=uint8 ... done (8.6s)
    [osimulator] (1x1x8192) @ (8192x256) input=uint8 ... done (3.8s)
    [osimulator] (1x1x256) @ (256x10) input=uint8 ... done (0.0s)
  [Model 1 Phase4 v3 INT8 (变体 A) optic]  407/650 ( 62.6%) acc=97.79%  elapsed=18847s  ETA=11253s
    [osimulator] (1x4096x288) @ (288x32) input=uint8 ... done (15.0s)
    [osimulator] (1x1024x288) @ (288x64) input=uint8 ... done (4.4s)
    [osimulator] (1x1024x576) @ (576x64) input=uint8 ... done (6.3s)
    [osimulator] (1x256x576) @ (576x128) input=uint8 ... done (6.4s)
    [osimulator] (1x256x1152) @ (1152x128) input=uint8 ... done (8.5s)
    [osimulator] (1x1x8192) @ (8192x256) input=uint8 ... done (3.8s)
    [osimulator] (1x1x256) @ (256x10) input=uint8 ... done (0.0s)
  [Model 1 Phase4 v3 INT8 (变体 A) optic]  408/650 ( 62.8%) acc=97.79%  elapsed=18891s  ETA=11205s
    [osimulator] (1x4096x288) @ (288x32) input=uint8 ... done (9.2s)
    [osimulator] (1x1024x288) @ (288x64) input=uint8 ... done (4.3s)
    [osimulator] (1x1024x576) @ (576x64) input=uint8 ... done (6.2s)
    [osimulator] (1x256x576) @ (576x128) input=uint8 ... done (6.4s)
    [osimulator] (1x256x1152) @ (1152x128) input=uint8 ... done (8.5s)
    [osimulator] (1x1x8192) @ (8192x256) input=uint8 ... done (3.7s)
    [osimulator] (1x1x256) @ (256x10) input=uint8 ... done (0.0s)
  [Model 1 Phase4 v3 INT8 (变体 A) optic]  409/650 ( 62.9%) acc=97.80%  elapsed=18930s  ETA=11154s
    [osimulator] (1x4096x288) @ (288x32) input=uint8 ... done (13.2s)
    [osimulator] (1x1024x288) @ (288x64) input=uint8 ... done (4.3s)
    [osimulator] (1x1024x576) @ (576x64) input=uint8 ... done (6.5s)
    [osimulator] (1x256x576) @ (576x128) input=uint8 ... done (6.5s)
    [osimulator] (1x256x1152) @ (1152x128) input=uint8 ... done (8.6s)
    [osimulator] (1x1x8192) @ (8192x256) input=uint8 ... done (3.8s)
    [osimulator] (1x1x256) @ (256x10) input=uint8 ... done (0.0s)
  [Model 1 Phase4 v3 INT8 (变体 A) optic]  410/650 ( 63.1%) acc=97.80%  elapsed=18972s  ETA=11106s
    [osimulator] (1x4096x288) @ (288x32) input=uint8 ... done (14.0s)
    [osimulator] (1x1024x288) @ (288x64) input=uint8 ... done (4.3s)
    [osimulator] (1x1024x576) @ (576x64) input=uint8 ... done (6.4s)
    [osimulator] (1x256x576) @ (576x128) input=uint8 ... done (6.4s)
    [osimulator] (1x256x1152) @ (1152x128) input=uint8 ... done (8.5s)
    [osimulator] (1x1x8192) @ (8192x256) input=uint8 ... done (3.5s)
    [osimulator] (1x1x256) @ (256x10) input=uint8 ... done (0.0s)
  [Model 1 Phase4 v3 INT8 (变体 A) optic]  411/650 ( 63.2%) acc=97.81%  elapsed=19016s  ETA=11058s
    [osimulator] (1x4096x288) @ (288x32) input=uint8 ... done (16.3s)
    [osimulator] (1x1024x288) @ (288x64) input=uint8 ... done (4.3s)
    [osimulator] (1x1024x576) @ (576x64) input=uint8 ... done (6.1s)
    [osimulator] (1x256x576) @ (576x128) input=uint8 ... done (6.6s)
    [osimulator] (1x256x1152) @ (1152x128) input=uint8 ... done (8.5s)
    [osimulator] (1x1x8192) @ (8192x256) input=uint8 ... done (3.8s)
    [osimulator] (1x1x256) @ (256x10) input=uint8 ... done (0.0s)
  [Model 1 Phase4 v3 INT8 (变体 A) optic]  412/650 ( 63.4%) acc=97.82%  elapsed=19061s  ETA=11011s
    [osimulator] (1x4096x288) @ (288x32) input=uint8 ... done (15.7s)
    [osimulator] (1x1024x288) @ (288x64) input=uint8 ... done (4.3s)
    [osimulator] (1x1024x576) @ (576x64) input=uint8 ... done (6.4s)
    [osimulator] (1x256x576) @ (576x128) input=uint8 ... done (6.5s)
    [osimulator] (1x256x1152) @ (1152x128) input=uint8 ... done (8.7s)
    [osimulator] (1x1x8192) @ (8192x256) input=uint8 ... done (3.7s)
    [osimulator] (1x1x256) @ (256x10) input=uint8 ... done (0.0s)
  [Model 1 Phase4 v3 INT8 (变体 A) optic]  413/650 ( 63.5%) acc=97.82%  elapsed=19107s  ETA=10964s
    [osimulator] (1x4096x288) @ (288x32) input=uint8 ... done (16.7s)
    [osimulator] (1x1024x288) @ (288x64) input=uint8 ... done (4.3s)
    [osimulator] (1x1024x576) @ (576x64) input=uint8 ... done (6.3s)
    [osimulator] (1x256x576) @ (576x128) input=uint8 ... done (6.4s)
    [osimulator] (1x256x1152) @ (1152x128) input=uint8 ... done (8.5s)
    [osimulator] (1x1x8192) @ (8192x256) input=uint8 ... done (3.6s)
    [osimulator] (1x1x256) @ (256x10) input=uint8 ... done (0.0s)
  [Model 1 Phase4 v3 INT8 (变体 A) optic]  414/650 ( 63.7%) acc=97.83%  elapsed=19153s  ETA=10918s
    [osimulator] (1x4096x288) @ (288x32) input=uint8 ... done (13.5s)
    [osimulator] (1x1024x288) @ (288x64) input=uint8 ... done (4.3s)
    [osimulator] (1x1024x576) @ (576x64) input=uint8 ... done (6.3s)
    [osimulator] (1x256x576) @ (576x128) input=uint8 ... done (6.5s)
    [osimulator] (1x256x1152) @ (1152x128) input=uint8 ... done (8.5s)
    [osimulator] (1x1x8192) @ (8192x256) input=uint8 ... done (3.9s)
    [osimulator] (1x1x256) @ (256x10) input=uint8 ... done (0.0s)
  [Model 1 Phase4 v3 INT8 (变体 A) optic]  415/650 ( 63.8%) acc=97.83%  elapsed=19196s  ETA=10870s
    [osimulator] (1x4096x288) @ (288x32) input=uint8 ... done (15.5s)
    [osimulator] (1x1024x288) @ (288x64) input=uint8 ... done (4.3s)
    [osimulator] (1x1024x576) @ (576x64) input=uint8 ... done (6.3s)
    [osimulator] (1x256x576) @ (576x128) input=uint8 ... done (6.5s)
    [osimulator] (1x256x1152) @ (1152x128) input=uint8 ... done (8.7s)
    [osimulator] (1x1x8192) @ (8192x256) input=uint8 ... done (3.8s)
    [osimulator] (1x1x256) @ (256x10) input=uint8 ... done (0.0s)
  [Model 1 Phase4 v3 INT8 (变体 A) optic]  416/650 ( 64.0%) acc=97.84%  elapsed=19241s  ETA=10823s
    [osimulator] (1x4096x288) @ (288x32) input=uint8 ... done (16.0s)
    [osimulator] (1x1024x288) @ (288x64) input=uint8 ... done (4.3s)
    [osimulator] (1x1024x576) @ (576x64) input=uint8 ... done (6.4s)
    [osimulator] (1x256x576) @ (576x128) input=uint8 ... done (6.8s)
    [osimulator] (1x256x1152) @ (1152x128) input=uint8 ... done (8.6s)
    [osimulator] (1x1x8192) @ (8192x256) input=uint8 ... done (3.7s)
    [osimulator] (1x1x256) @ (256x10) input=uint8 ... done (0.0s)
  [Model 1 Phase4 v3 INT8 (变体 A) optic]  417/650 ( 64.2%) acc=97.84%  elapsed=19286s  ETA=10776s
    [osimulator] (1x4096x288) @ (288x32) input=uint8 ... done (14.6s)
    [osimulator] (1x1024x288) @ (288x64) input=uint8 ... done (4.2s)
    [osimulator] (1x1024x576) @ (576x64) input=uint8 ... done (6.4s)
    [osimulator] (1x256x576) @ (576x128) input=uint8 ... done (6.4s)
    [osimulator] (1x256x1152) @ (1152x128) input=uint8 ... done (8.7s)
    [osimulator] (1x1x8192) @ (8192x256) input=uint8 ... done (3.5s)
    [osimulator] (1x1x256) @ (256x10) input=uint8 ... done (0.0s)
  [Model 1 Phase4 v3 INT8 (变体 A) optic]  418/650 ( 64.3%) acc=97.85%  elapsed=19330s  ETA=10729s
    [osimulator] (1x4096x288) @ (288x32) input=uint8 ... done (13.6s)
    [osimulator] (1x1024x288) @ (288x64) input=uint8 ... done (4.3s)
    [osimulator] (1x1024x576) @ (576x64) input=uint8 ... done (6.3s)
    [osimulator] (1x256x576) @ (576x128) input=uint8 ... done (6.2s)
    [osimulator] (1x256x1152) @ (1152x128) input=uint8 ... done (8.7s)
    [osimulator] (1x1x8192) @ (8192x256) input=uint8 ... done (3.4s)
    [osimulator] (1x1x256) @ (256x10) input=uint8 ... done (0.0s)
  [Model 1 Phase4 v3 INT8 (变体 A) optic]  419/650 ( 64.5%) acc=97.85%  elapsed=19373s  ETA=10681s
    [osimulator] (1x4096x288) @ (288x32) input=uint8 ... done (13.3s)
    [osimulator] (1x1024x288) @ (288x64) input=uint8 ... done (4.3s)
    [osimulator] (1x1024x576) @ (576x64) input=uint8 ... done (6.3s)
    [osimulator] (1x256x576) @ (576x128) input=uint8 ... done (6.4s)
    [osimulator] (1x256x1152) @ (1152x128) input=uint8 ... done (8.6s)
    [osimulator] (1x1x8192) @ (8192x256) input=uint8 ... done (3.7s)
    [osimulator] (1x1x256) @ (256x10) input=uint8 ... done (0.0s)
  [Model 1 Phase4 v3 INT8 (变体 A) optic]  420/650 ( 64.6%) acc=97.86%  elapsed=19415s  ETA=10632s
    [osimulator] (1x4096x288) @ (288x32) input=uint8 ... done (13.8s)
    [osimulator] (1x1024x288) @ (288x64) input=uint8 ... done (4.3s)
    [osimulator] (1x1024x576) @ (576x64) input=uint8 ... done (6.4s)
    [osimulator] (1x256x576) @ (576x128) input=uint8 ... done (6.5s)
    [osimulator] (1x256x1152) @ (1152x128) input=uint8 ... done (8.4s)
    [osimulator] (1x1x8192) @ (8192x256) input=uint8 ... done (3.7s)
    [osimulator] (1x1x256) @ (256x10) input=uint8 ... done (0.0s)
  [Model 1 Phase4 v3 INT8 (变体 A) optic]  421/650 ( 64.8%) acc=97.86%  elapsed=19459s  ETA=10584s
    [osimulator] (1x4096x288) @ (288x32) input=uint8 ... done (15.6s)
    [osimulator] (1x1024x288) @ (288x64) input=uint8 ... done (4.2s)
    [osimulator] (1x1024x576) @ (576x64) input=uint8 ... done (6.3s)
    [osimulator] (1x256x576) @ (576x128) input=uint8 ... done (6.3s)
    [osimulator] (1x256x1152) @ (1152x128) input=uint8 ... done (8.5s)
    [osimulator] (1x1x8192) @ (8192x256) input=uint8 ... done (3.4s)
    [osimulator] (1x1x256) @ (256x10) input=uint8 ... done (0.0s)
  [Model 1 Phase4 v3 INT8 (变体 A) optic]  422/650 ( 64.9%) acc=97.87%  elapsed=19503s  ETA=10537s
    [osimulator] (1x4096x288) @ (288x32) input=uint8 ... done (13.3s)
    [osimulator] (1x1024x288) @ (288x64) input=uint8 ... done (4.3s)
    [osimulator] (1x1024x576) @ (576x64) input=uint8 ... done (6.4s)
    [osimulator] (1x256x576) @ (576x128) input=uint8 ... done (6.6s)
    [osimulator] (1x256x1152) @ (1152x128) input=uint8 ... done (8.6s)
    [osimulator] (1x1x8192) @ (8192x256) input=uint8 ... done (3.7s)
    [osimulator] (1x1x256) @ (256x10) input=uint8 ... done (0.0s)
  [Model 1 Phase4 v3 INT8 (变体 A) optic]  423/650 ( 65.1%) acc=97.87%  elapsed=19546s  ETA=10489s
    [osimulator] (1x4096x288) @ (288x32) input=uint8 ... done (13.4s)
    [osimulator] (1x1024x288) @ (288x64) input=uint8 ... done (4.4s)
    [osimulator] (1x1024x576) @ (576x64) input=uint8 ... done (6.3s)
    [osimulator] (1x256x576) @ (576x128) input=uint8 ... done (6.4s)
    [osimulator] (1x256x1152) @ (1152x128) input=uint8 ... done (8.5s)
    [osimulator] (1x1x8192) @ (8192x256) input=uint8 ... done (3.7s)
    [osimulator] (1x1x256) @ (256x10) input=uint8 ... done (0.0s)
  [Model 1 Phase4 v3 INT8 (变体 A) optic]  424/650 ( 65.2%) acc=97.88%  elapsed=19589s  ETA=10441s
    [osimulator] (1x4096x288) @ (288x32) input=uint8 ... done (18.1s)
    [osimulator] (1x1024x288) @ (288x64) input=uint8 ... done (4.3s)
    [osimulator] (1x1024x576) @ (576x64) input=uint8 ... done (6.4s)
    [osimulator] (1x256x576) @ (576x128) input=uint8 ... done (6.7s)
    [osimulator] (1x256x1152) @ (1152x128) input=uint8 ... done (8.7s)
    [osimulator] (1x1x8192) @ (8192x256) input=uint8 ... done (3.6s)
    [osimulator] (1x1x256) @ (256x10) input=uint8 ... done (0.0s)
  [Model 1 Phase4 v3 INT8 (变体 A) optic]  425/650 ( 65.4%) acc=97.88%  elapsed=19636s  ETA=10396s
    [osimulator] (1x4096x288) @ (288x32) input=uint8 ... done (15.9s)
    [osimulator] (1x1024x288) @ (288x64) input=uint8 ... done (4.3s)
    [osimulator] (1x1024x576) @ (576x64) input=uint8 ... done (6.4s)
    [osimulator] (1x256x576) @ (576x128) input=uint8 ... done (6.5s)
    [osimulator] (1x256x1152) @ (1152x128) input=uint8 ... done (8.5s)
    [osimulator] (1x1x8192) @ (8192x256) input=uint8 ... done (3.7s)
    [osimulator] (1x1x256) @ (256x10) input=uint8 ... done (0.0s)
  [Model 1 Phase4 v3 INT8 (变体 A) optic]  426/650 ( 65.5%) acc=97.89%  elapsed=19682s  ETA=10349s
    [osimulator] (1x4096x288) @ (288x32) input=uint8 ... done (14.3s)
    [osimulator] (1x1024x288) @ (288x64) input=uint8 ... done (4.3s)
    [osimulator] (1x1024x576) @ (576x64) input=uint8 ... done (6.2s)
    [osimulator] (1x256x576) @ (576x128) input=uint8 ... done (6.3s)
    [osimulator] (1x256x1152) @ (1152x128) input=uint8 ... done (8.5s)
    [osimulator] (1x1x8192) @ (8192x256) input=uint8 ... done (3.8s)
    [osimulator] (1x1x256) @ (256x10) input=uint8 ... done (0.0s)
  [Model 1 Phase4 v3 INT8 (变体 A) optic]  427/650 ( 65.7%) acc=97.89%  elapsed=19725s  ETA=10301s
    [osimulator] (1x4096x288) @ (288x32) input=uint8 ... done (13.0s)
    [osimulator] (1x1024x288) @ (288x64) input=uint8 ... done (4.3s)
    [osimulator] (1x1024x576) @ (576x64) input=uint8 ... done (6.4s)
    [osimulator] (1x256x576) @ (576x128) input=uint8 ... done (6.3s)
    [osimulator] (1x256x1152) @ (1152x128) input=uint8 ... done (8.3s)
    [osimulator] (1x1x8192) @ (8192x256) input=uint8 ... done (3.5s)
    [osimulator] (1x1x256) @ (256x10) input=uint8 ... done (0.0s)
  [Model 1 Phase4 v3 INT8 (变体 A) optic]  428/650 ( 65.8%) acc=97.90%  elapsed=19767s  ETA=10253s
    [osimulator] (1x4096x288) @ (288x32) input=uint8 ... done (12.9s)
    [osimulator] (1x1024x288) @ (288x64) input=uint8 ... done (4.3s)
    [osimulator] (1x1024x576) @ (576x64) input=uint8 ... done (6.2s)
    [osimulator] (1x256x576) @ (576x128) input=uint8 ... done (6.4s)
    [osimulator] (1x256x1152) @ (1152x128) input=uint8 ... done (8.5s)
    [osimulator] (1x1x8192) @ (8192x256) input=uint8 ... done (3.5s)
    [osimulator] (1x1x256) @ (256x10) input=uint8 ... done (0.0s)
  [Model 1 Phase4 v3 INT8 (变体 A) optic]  429/650 ( 66.0%) acc=97.90%  elapsed=19809s  ETA=10205s
    [osimulator] (1x4096x288) @ (288x32) input=uint8 ... done (14.5s)
    [osimulator] (1x1024x288) @ (288x64) input=uint8 ... done (4.3s)
    [osimulator] (1x1024x576) @ (576x64) input=uint8 ... done (6.1s)
    [osimulator] (1x256x576) @ (576x128) input=uint8 ... done (6.6s)
    [osimulator] (1x256x1152) @ (1152x128) input=uint8 ... done (8.6s)
    [osimulator] (1x1x8192) @ (8192x256) input=uint8 ... done (3.7s)
    [osimulator] (1x1x256) @ (256x10) input=uint8 ... done (0.0s)
  [Model 1 Phase4 v3 INT8 (变体 A) optic]  430/650 ( 66.2%) acc=97.91%  elapsed=19853s  ETA=10157s
    [osimulator] (1x4096x288) @ (288x32) input=uint8 ... done (12.9s)
    [osimulator] (1x1024x288) @ (288x64) input=uint8 ... done (4.3s)
    [osimulator] (1x1024x576) @ (576x64) input=uint8 ... done (6.3s)
    [osimulator] (1x256x576) @ (576x128) input=uint8 ... done (6.4s)
    [osimulator] (1x256x1152) @ (1152x128) input=uint8 ... done (8.6s)
    [osimulator] (1x1x8192) @ (8192x256) input=uint8 ... done (3.6s)
    [osimulator] (1x1x256) @ (256x10) input=uint8 ... done (0.0s)
  [Model 1 Phase4 v3 INT8 (变体 A) optic]  431/650 ( 66.3%) acc=97.91%  elapsed=19895s  ETA=10109s
    [osimulator] (1x4096x288) @ (288x32) input=uint8 ... done (13.1s)
    [osimulator] (1x1024x288) @ (288x64) input=uint8 ... done (4.3s)
    [osimulator] (1x1024x576) @ (576x64) input=uint8 ... done (6.3s)
    [osimulator] (1x256x576) @ (576x128) input=uint8 ... done (6.4s)
    [osimulator] (1x256x1152) @ (1152x128) input=uint8 ... done (8.4s)
    [osimulator] (1x1x8192) @ (8192x256) input=uint8 ... done (3.6s)
    [osimulator] (1x1x256) @ (256x10) input=uint8 ... done (0.0s)
  [Model 1 Phase4 v3 INT8 (变体 A) optic]  432/650 ( 66.5%) acc=97.92%  elapsed=19937s  ETA=10061s
    [osimulator] (1x4096x288) @ (288x32) input=uint8 ... done (15.9s)
    [osimulator] (1x1024x288) @ (288x64) input=uint8 ... done (4.3s)
    [osimulator] (1x1024x576) @ (576x64) input=uint8 ... done (6.3s)
    [osimulator] (1x256x576) @ (576x128) input=uint8 ... done (6.5s)
    [osimulator] (1x256x1152) @ (1152x128) input=uint8 ... done (8.7s)
    [osimulator] (1x1x8192) @ (8192x256) input=uint8 ... done (3.6s)
    [osimulator] (1x1x256) @ (256x10) input=uint8 ... done (0.0s)
  [Model 1 Phase4 v3 INT8 (变体 A) optic]  433/650 ( 66.6%) acc=97.92%  elapsed=19982s  ETA=10014s
    [osimulator] (1x4096x288) @ (288x32) input=uint8 ... done (14.2s)
    [osimulator] (1x1024x288) @ (288x64) input=uint8 ... done (4.3s)
    [osimulator] (1x1024x576) @ (576x64) input=uint8 ... done (6.3s)
    [osimulator] (1x256x576) @ (576x128) input=uint8 ... done (6.5s)
    [osimulator] (1x256x1152) @ (1152x128) input=uint8 ... done (8.6s)
    [osimulator] (1x1x8192) @ (8192x256) input=uint8 ... done (3.8s)
    [osimulator] (1x1x256) @ (256x10) input=uint8 ... done (0.0s)
  [Model 1 Phase4 v3 INT8 (变体 A) optic]  434/650 ( 66.8%) acc=97.93%  elapsed=20026s  ETA=9967s
    [osimulator] (1x4096x288) @ (288x32) input=uint8 ... done (18.4s)
    [osimulator] (1x1024x288) @ (288x64) input=uint8 ... done (4.3s)
    [osimulator] (1x1024x576) @ (576x64) input=uint8 ... done (6.4s)
    [osimulator] (1x256x576) @ (576x128) input=uint8 ... done (6.4s)
    [osimulator] (1x256x1152) @ (1152x128) input=uint8 ... done (8.5s)
    [osimulator] (1x1x8192) @ (8192x256) input=uint8 ... done (3.8s)
    [osimulator] (1x1x256) @ (256x10) input=uint8 ... done (0.0s)
  [Model 1 Phase4 v3 INT8 (变体 A) optic]  435/650 ( 66.9%) acc=97.93%  elapsed=20074s  ETA=9922s
    [osimulator] (1x4096x288) @ (288x32) input=uint8 ... done (14.4s)
    [osimulator] (1x1024x288) @ (288x64) input=uint8 ... done (4.3s)
    [osimulator] (1x1024x576) @ (576x64) input=uint8 ... done (6.3s)
    [osimulator] (1x256x576) @ (576x128) input=uint8 ... done (6.4s)
    [osimulator] (1x256x1152) @ (1152x128) input=uint8 ... done (8.6s)
    [osimulator] (1x1x8192) @ (8192x256) input=uint8 ... done (3.6s)
    [osimulator] (1x1x256) @ (256x10) input=uint8 ... done (0.0s)
  [Model 1 Phase4 v3 INT8 (变体 A) optic]  436/650 ( 67.1%) acc=97.94%  elapsed=20117s  ETA=9874s
    [osimulator] (1x4096x288) @ (288x32) input=uint8 ... done (13.2s)
    [osimulator] (1x1024x288) @ (288x64) input=uint8 ... done (4.3s)
    [osimulator] (1x1024x576) @ (576x64) input=uint8 ... done (6.5s)
    [osimulator] (1x256x576) @ (576x128) input=uint8 ... done (6.3s)
    [osimulator] (1x256x1152) @ (1152x128) input=uint8 ... done (8.4s)
    [osimulator] (1x1x8192) @ (8192x256) input=uint8 ... done (3.5s)
    [osimulator] (1x1x256) @ (256x10) input=uint8 ... done (0.0s)
  [Model 1 Phase4 v3 INT8 (变体 A) optic]  437/650 ( 67.2%) acc=97.94%  elapsed=20160s  ETA=9826s
    [osimulator] (1x4096x288) @ (288x32) input=uint8 ... done (12.8s)
    [osimulator] (1x1024x288) @ (288x64) input=uint8 ... done (4.3s)
    [osimulator] (1x1024x576) @ (576x64) input=uint8 ... done (6.3s)
    [osimulator] (1x256x576) @ (576x128) input=uint8 ... done (6.4s)
    [osimulator] (1x256x1152) @ (1152x128) input=uint8 ... done (8.5s)
    [osimulator] (1x1x8192) @ (8192x256) input=uint8 ... done (3.6s)
    [osimulator] (1x1x256) @ (256x10) input=uint8 ... done (0.0s)
  [Model 1 Phase4 v3 INT8 (变体 A) optic]  438/650 ( 67.4%) acc=97.95%  elapsed=20202s  ETA=9778s
    [osimulator] (1x4096x288) @ (288x32) input=uint8 ... done (18.0s)
    [osimulator] (1x1024x288) @ (288x64) input=uint8 ... done (4.3s)
    [osimulator] (1x1024x576) @ (576x64) input=uint8 ... done (6.4s)
    [osimulator] (1x256x576) @ (576x128) input=uint8 ... done (6.5s)
    [osimulator] (1x256x1152) @ (1152x128) input=uint8 ... done (8.5s)
    [osimulator] (1x1x8192) @ (8192x256) input=uint8 ... done (3.5s)
    [osimulator] (1x1x256) @ (256x10) input=uint8 ... done (0.0s)
  [Model 1 Phase4 v3 INT8 (变体 A) optic]  439/650 ( 67.5%) acc=97.95%  elapsed=20249s  ETA=9732s
    [osimulator] (1x4096x288) @ (288x32) input=uint8 ... done (14.0s)
    [osimulator] (1x1024x288) @ (288x64) input=uint8 ... done (4.3s)
    [osimulator] (1x1024x576) @ (576x64) input=uint8 ... done (6.3s)
    [osimulator] (1x256x576) @ (576x128) input=uint8 ... done (6.5s)
    [osimulator] (1x256x1152) @ (1152x128) input=uint8 ... done (8.5s)
    [osimulator] (1x1x8192) @ (8192x256) input=uint8 ... done (3.6s)
    [osimulator] (1x1x256) @ (256x10) input=uint8 ... done (0.0s)
  [Model 1 Phase4 v3 INT8 (变体 A) optic]  440/650 ( 67.7%) acc=97.95%  elapsed=20292s  ETA=9685s
    [osimulator] (1x4096x288) @ (288x32) input=uint8 ... done (10.9s)
    [osimulator] (1x1024x288) @ (288x64) input=uint8 ... done (4.3s)
    [osimulator] (1x1024x576) @ (576x64) input=uint8 ... done (6.4s)
    [osimulator] (1x256x576) @ (576x128) input=uint8 ... done (6.9s)
    [osimulator] (1x256x1152) @ (1152x128) input=uint8 ... done (8.5s)
    [osimulator] (1x1x8192) @ (8192x256) input=uint8 ... done (3.7s)
    [osimulator] (1x1x256) @ (256x10) input=uint8 ... done (0.0s)
  [Model 1 Phase4 v3 INT8 (变体 A) optic]  441/650 ( 67.8%) acc=97.96%  elapsed=20333s  ETA=9636s
    [osimulator] (1x4096x288) @ (288x32) input=uint8 ... done (16.0s)
    [osimulator] (1x1024x288) @ (288x64) input=uint8 ... done (4.3s)
    [osimulator] (1x1024x576) @ (576x64) input=uint8 ... done (6.3s)
    [osimulator] (1x256x576) @ (576x128) input=uint8 ... done (6.4s)
    [osimulator] (1x256x1152) @ (1152x128) input=uint8 ... done (8.5s)
    [osimulator] (1x1x8192) @ (8192x256) input=uint8 ... done (3.7s)
    [osimulator] (1x1x256) @ (256x10) input=uint8 ... done (0.0s)
  [Model 1 Phase4 v3 INT8 (变体 A) optic]  442/650 ( 68.0%) acc=97.96%  elapsed=20378s  ETA=9590s
    [osimulator] (1x4096x288) @ (288x32) input=uint8 ... done (13.3s)
    [osimulator] (1x1024x288) @ (288x64) input=uint8 ... done (4.3s)
    [osimulator] (1x1024x576) @ (576x64) input=uint8 ... done (6.3s)
    [osimulator] (1x256x576) @ (576x128) input=uint8 ... done (6.5s)
    [osimulator] (1x256x1152) @ (1152x128) input=uint8 ... done (8.7s)
    [osimulator] (1x1x8192) @ (8192x256) input=uint8 ... done (3.8s)
    [osimulator] (1x1x256) @ (256x10) input=uint8 ... done (0.0s)
  [Model 1 Phase4 v3 INT8 (变体 A) optic]  443/650 ( 68.2%) acc=97.97%  elapsed=20421s  ETA=9542s
    [osimulator] (1x4096x288) @ (288x32) input=uint8 ... done (9.2s)
    [osimulator] (1x1024x288) @ (288x64) input=uint8 ... done (4.3s)
    [osimulator] (1x1024x576) @ (576x64) input=uint8 ... done (6.4s)
    [osimulator] (1x256x576) @ (576x128) input=uint8 ... done (6.5s)
    [osimulator] (1x256x1152) @ (1152x128) input=uint8 ... done (8.6s)
    [osimulator] (1x1x8192) @ (8192x256) input=uint8 ... done (3.8s)
    [osimulator] (1x1x256) @ (256x10) input=uint8 ... done (0.0s)
  [Model 1 Phase4 v3 INT8 (变体 A) optic]  444/650 ( 68.3%) acc=97.97%  elapsed=20460s  ETA=9493s
    [osimulator] (1x4096x288) @ (288x32) input=uint8 ... done (13.4s)
    [osimulator] (1x1024x288) @ (288x64) input=uint8 ... done (4.4s)
    [osimulator] (1x1024x576) @ (576x64) input=uint8 ... done (6.3s)
    [osimulator] (1x256x576) @ (576x128) input=uint8 ... done (6.5s)
    [osimulator] (1x256x1152) @ (1152x128) input=uint8 ... done (8.5s)
    [osimulator] (1x1x8192) @ (8192x256) input=uint8 ... done (3.7s)
    [osimulator] (1x1x256) @ (256x10) input=uint8 ... done (0.0s)
  [Model 1 Phase4 v3 INT8 (变体 A) optic]  445/650 ( 68.5%) acc=97.98%  elapsed=20503s  ETA=9445s
    [osimulator] (1x4096x288) @ (288x32) input=uint8 ... done (13.2s)
    [osimulator] (1x1024x288) @ (288x64) input=uint8 ... done (4.2s)
    [osimulator] (1x1024x576) @ (576x64) input=uint8 ... done (6.2s)
    [osimulator] (1x256x576) @ (576x128) input=uint8 ... done (6.4s)
    [osimulator] (1x256x1152) @ (1152x128) input=uint8 ... done (8.6s)
    [osimulator] (1x1x8192) @ (8192x256) input=uint8 ... done (3.5s)
    [osimulator] (1x1x256) @ (256x10) input=uint8 ... done (0.0s)
  [Model 1 Phase4 v3 INT8 (变体 A) optic]  446/650 ( 68.6%) acc=97.98%  elapsed=20545s  ETA=9397s
    [osimulator] (1x4096x288) @ (288x32) input=uint8 ... done (12.9s)
    [osimulator] (1x1024x288) @ (288x64) input=uint8 ... done (4.3s)
    [osimulator] (1x1024x576) @ (576x64) input=uint8 ... done (6.3s)
    [osimulator] (1x256x576) @ (576x128) input=uint8 ... done (6.5s)
    [osimulator] (1x256x1152) @ (1152x128) input=uint8 ... done (8.6s)
    [osimulator] (1x1x8192) @ (8192x256) input=uint8 ... done (3.7s)
    [osimulator] (1x1x256) @ (256x10) input=uint8 ... done (0.0s)
  [Model 1 Phase4 v3 INT8 (变体 A) optic]  447/650 ( 68.8%) acc=97.99%  elapsed=20587s  ETA=9349s
    [osimulator] (1x4096x288) @ (288x32) input=uint8 ... done (14.1s)
    [osimulator] (1x1024x288) @ (288x64) input=uint8 ... done (4.3s)
    [osimulator] (1x1024x576) @ (576x64) input=uint8 ... done (6.2s)
    [osimulator] (1x256x576) @ (576x128) input=uint8 ... done (6.4s)
    [osimulator] (1x256x1152) @ (1152x128) input=uint8 ... done (8.6s)
    [osimulator] (1x1x8192) @ (8192x256) input=uint8 ... done (3.6s)
    [osimulator] (1x1x256) @ (256x10) input=uint8 ... done (0.0s)
  [Model 1 Phase4 v3 INT8 (变体 A) optic]  448/650 ( 68.9%) acc=97.99%  elapsed=20631s  ETA=9302s
    [osimulator] (1x4096x288) @ (288x32) input=uint8 ... done (16.2s)
    [osimulator] (1x1024x288) @ (288x64) input=uint8 ... done (4.3s)
    [osimulator] (1x1024x576) @ (576x64) input=uint8 ... done (6.4s)
    [osimulator] (1x256x576) @ (576x128) input=uint8 ... done (6.4s)
    [osimulator] (1x256x1152) @ (1152x128) input=uint8 ... done (8.6s)
    [osimulator] (1x1x8192) @ (8192x256) input=uint8 ... done (3.7s)
    [osimulator] (1x1x256) @ (256x10) input=uint8 ... done (0.0s)
  [Model 1 Phase4 v3 INT8 (变体 A) optic]  449/650 ( 69.1%) acc=98.00%  elapsed=20676s  ETA=9256s
    [osimulator] (1x4096x288) @ (288x32) input=uint8 ... done (14.7s)
    [osimulator] (1x1024x288) @ (288x64) input=uint8 ... done (4.4s)
    [osimulator] (1x1024x576) @ (576x64) input=uint8 ... done (6.3s)
    [osimulator] (1x256x576) @ (576x128) input=uint8 ... done (6.5s)
    [osimulator] (1x256x1152) @ (1152x128) input=uint8 ... done (8.5s)
    [osimulator] (1x1x8192) @ (8192x256) input=uint8 ... done (3.9s)
    [osimulator] (1x1x256) @ (256x10) input=uint8 ... done (0.0s)
  [Model 1 Phase4 v3 INT8 (变体 A) optic]  450/650 ( 69.2%) acc=98.00%  elapsed=20721s  ETA=9209s
    [osimulator] (1x4096x288) @ (288x32) input=uint8 ... done (17.9s)
    [osimulator] (1x1024x288) @ (288x64) input=uint8 ... done (4.4s)
    [osimulator] (1x1024x576) @ (576x64) input=uint8 ... done (6.3s)
    [osimulator] (1x256x576) @ (576x128) input=uint8 ... done (6.6s)
    [osimulator] (1x256x1152) @ (1152x128) input=uint8 ... done (8.7s)
    [osimulator] (1x1x8192) @ (8192x256) input=uint8 ... done (3.5s)
    [osimulator] (1x1x256) @ (256x10) input=uint8 ... done (0.0s)
  [Model 1 Phase4 v3 INT8 (变体 A) optic]  451/650 ( 69.4%) acc=98.00%  elapsed=20768s  ETA=9164s
    [osimulator] (1x4096x288) @ (288x32) input=uint8 ... done (12.9s)
    [osimulator] (1x1024x288) @ (288x64) input=uint8 ... done (4.3s)
    [osimulator] (1x1024x576) @ (576x64) input=uint8 ... done (6.4s)
    [osimulator] (1x256x576) @ (576x128) input=uint8 ... done (6.5s)
    [osimulator] (1x256x1152) @ (1152x128) input=uint8 ... done (8.7s)
    [osimulator] (1x1x8192) @ (8192x256) input=uint8 ... done (3.7s)
    [osimulator] (1x1x256) @ (256x10) input=uint8 ... done (0.0s)
  [Model 1 Phase4 v3 INT8 (变体 A) optic]  452/650 ( 69.5%) acc=98.01%  elapsed=20811s  ETA=9116s
    [osimulator] (1x4096x288) @ (288x32) input=uint8 ... done (14.4s)
    [osimulator] (1x1024x288) @ (288x64) input=uint8 ... done (4.3s)
    [osimulator] (1x1024x576) @ (576x64) input=uint8 ... done (6.8s)
    [osimulator] (1x256x576) @ (576x128) input=uint8 ... done (6.6s)
    [osimulator] (1x256x1152) @ (1152x128) input=uint8 ... done (8.7s)
    [osimulator] (1x1x8192) @ (8192x256) input=uint8 ... done (3.8s)
    [osimulator] (1x1x256) @ (256x10) input=uint8 ... done (0.0s)
  [Model 1 Phase4 v3 INT8 (变体 A) optic]  453/650 ( 69.7%) acc=98.01%  elapsed=20855s  ETA=9070s
    [osimulator] (1x4096x288) @ (288x32) input=uint8 ... done (18.3s)
    [osimulator] (1x1024x288) @ (288x64) input=uint8 ... done (4.3s)
    [osimulator] (1x1024x576) @ (576x64) input=uint8 ... done (6.5s)
    [osimulator] (1x256x576) @ (576x128) input=uint8 ... done (6.6s)
    [osimulator] (1x256x1152) @ (1152x128) input=uint8 ... done (8.6s)
    [osimulator] (1x1x8192) @ (8192x256) input=uint8 ... done (3.5s)
    [osimulator] (1x1x256) @ (256x10) input=uint8 ... done (0.0s)
  [Model 1 Phase4 v3 INT8 (变体 A) optic]  454/650 ( 69.8%) acc=98.02%  elapsed=20903s  ETA=9024s
    [osimulator] (1x4096x288) @ (288x32) input=uint8 ... done (15.8s)
    [osimulator] (1x1024x288) @ (288x64) input=uint8 ... done (4.3s)
    [osimulator] (1x1024x576) @ (576x64) input=uint8 ... done (6.2s)
    [osimulator] (1x256x576) @ (576x128) input=uint8 ... done (6.5s)
    [osimulator] (1x256x1152) @ (1152x128) input=uint8 ... done (8.5s)
    [osimulator] (1x1x8192) @ (8192x256) input=uint8 ... done (3.7s)
    [osimulator] (1x1x256) @ (256x10) input=uint8 ... done (0.0s)
  [Model 1 Phase4 v3 INT8 (变体 A) optic]  455/650 ( 70.0%) acc=98.02%  elapsed=20948s  ETA=8978s
    [osimulator] (1x4096x288) @ (288x32) input=uint8 ... done (8.2s)
    [osimulator] (1x1024x288) @ (288x64) input=uint8 ... done (4.3s)
    [osimulator] (1x1024x576) @ (576x64) input=uint8 ... done (6.5s)
    [osimulator] (1x256x576) @ (576x128) input=uint8 ... done (6.4s)
    [osimulator] (1x256x1152) @ (1152x128) input=uint8 ... done (8.5s)
    [osimulator] (1x1x8192) @ (8192x256) input=uint8 ... done (3.7s)
    [osimulator] (1x1x256) @ (256x10) input=uint8 ... done (0.0s)
  [Model 1 Phase4 v3 INT8 (变体 A) optic]  456/650 ( 70.2%) acc=98.03%  elapsed=20986s  ETA=8928s
    [osimulator] (1x4096x288) @ (288x32) input=uint8 ... done (15.9s)
    [osimulator] (1x1024x288) @ (288x64) input=uint8 ... done (4.3s)
    [osimulator] (1x1024x576) @ (576x64) input=uint8 ... done (6.4s)
    [osimulator] (1x256x576) @ (576x128) input=uint8 ... done (6.6s)
    [osimulator] (1x256x1152) @ (1152x128) input=uint8 ... done (8.5s)
    [osimulator] (1x1x8192) @ (8192x256) input=uint8 ... done (3.6s)
    [osimulator] (1x1x256) @ (256x10) input=uint8 ... done (0.0s)
  [Model 1 Phase4 v3 INT8 (变体 A) optic]  457/650 ( 70.3%) acc=98.03%  elapsed=21031s  ETA=8882s
    [osimulator] (1x4096x288) @ (288x32) input=uint8 ... done (17.1s)
    [osimulator] (1x1024x288) @ (288x64) input=uint8 ... done (4.3s)
    [osimulator] (1x1024x576) @ (576x64) input=uint8 ... done (6.3s)
    [osimulator] (1x256x576) @ (576x128) input=uint8 ... done (6.5s)
    [osimulator] (1x256x1152) @ (1152x128) input=uint8 ... done (8.6s)
    [osimulator] (1x1x8192) @ (8192x256) input=uint8 ... done (3.8s)
    [osimulator] (1x1x256) @ (256x10) input=uint8 ... done (0.0s)
  [Model 1 Phase4 v3 INT8 (变体 A) optic]  458/650 ( 70.5%) acc=97.82%  elapsed=21078s  ETA=8836s
    [osimulator] (1x4096x288) @ (288x32) input=uint8 ... done (14.9s)
    [osimulator] (1x1024x288) @ (288x64) input=uint8 ... done (4.3s)
    [osimulator] (1x1024x576) @ (576x64) input=uint8 ... done (6.3s)
    [osimulator] (1x256x576) @ (576x128) input=uint8 ... done (6.4s)
    [osimulator] (1x256x1152) @ (1152x128) input=uint8 ... done (8.6s)
    [osimulator] (1x1x8192) @ (8192x256) input=uint8 ... done (3.5s)
    [osimulator] (1x1x256) @ (256x10) input=uint8 ... done (0.0s)
  [Model 1 Phase4 v3 INT8 (变体 A) optic]  459/650 ( 70.6%) acc=97.82%  elapsed=21122s  ETA=8789s
    [osimulator] (1x4096x288) @ (288x32) input=uint8 ... done (14.0s)
    [osimulator] (1x1024x288) @ (288x64) input=uint8 ... done (4.3s)
    [osimulator] (1x1024x576) @ (576x64) input=uint8 ... done (6.2s)
    [osimulator] (1x256x576) @ (576x128) input=uint8 ... done (6.4s)
    [osimulator] (1x256x1152) @ (1152x128) input=uint8 ... done (8.7s)
    [osimulator] (1x1x8192) @ (8192x256) input=uint8 ... done (3.7s)
    [osimulator] (1x1x256) @ (256x10) input=uint8 ... done (0.0s)
  [Model 1 Phase4 v3 INT8 (变体 A) optic]  460/650 ( 70.8%) acc=97.83%  elapsed=21165s  ETA=8742s
    [osimulator] (1x4096x288) @ (288x32) input=uint8 ... done (12.3s)
    [osimulator] (1x1024x288) @ (288x64) input=uint8 ... done (4.3s)
    [osimulator] (1x1024x576) @ (576x64) input=uint8 ... done (6.7s)
    [osimulator] (1x256x576) @ (576x128) input=uint8 ... done (6.5s)
    [osimulator] (1x256x1152) @ (1152x128) input=uint8 ... done (8.5s)
    [osimulator] (1x1x8192) @ (8192x256) input=uint8 ... done (3.5s)
    [osimulator] (1x1x256) @ (256x10) input=uint8 ... done (0.0s)
  [Model 1 Phase4 v3 INT8 (变体 A) optic]  461/650 ( 70.9%) acc=97.83%  elapsed=21207s  ETA=8694s
    [osimulator] (1x4096x288) @ (288x32) input=uint8 ... done (17.1s)
    [osimulator] (1x1024x288) @ (288x64) input=uint8 ... done (4.3s)
    [osimulator] (1x1024x576) @ (576x64) input=uint8 ... done (6.2s)
    [osimulator] (1x256x576) @ (576x128) input=uint8 ... done (6.5s)
    [osimulator] (1x256x1152) @ (1152x128) input=uint8 ... done (8.4s)
    [osimulator] (1x1x8192) @ (8192x256) input=uint8 ... done (3.4s)
    [osimulator] (1x1x256) @ (256x10) input=uint8 ... done (0.0s)
  [Model 1 Phase4 v3 INT8 (变体 A) optic]  462/650 ( 71.1%) acc=97.84%  elapsed=21253s  ETA=8648s
    [osimulator] (1x4096x288) @ (288x32) input=uint8 ... done (14.7s)
    [osimulator] (1x1024x288) @ (288x64) input=uint8 ... done (4.2s)
    [osimulator] (1x1024x576) @ (576x64) input=uint8 ... done (6.3s)
    [osimulator] (1x256x576) @ (576x128) input=uint8 ... done (6.4s)
    [osimulator] (1x256x1152) @ (1152x128) input=uint8 ... done (8.5s)
    [osimulator] (1x1x8192) @ (8192x256) input=uint8 ... done (3.7s)
    [osimulator] (1x1x256) @ (256x10) input=uint8 ... done (0.0s)
  [Model 1 Phase4 v3 INT8 (变体 A) optic]  463/650 ( 71.2%) acc=97.84%  elapsed=21297s  ETA=8601s
    [osimulator] (1x4096x288) @ (288x32) input=uint8 ... done (16.9s)
    [osimulator] (1x1024x288) @ (288x64) input=uint8 ... done (4.3s)
    [osimulator] (1x1024x576) @ (576x64) input=uint8 ... done (6.4s)
    [osimulator] (1x256x576) @ (576x128) input=uint8 ... done (6.3s)
    [osimulator] (1x256x1152) @ (1152x128) input=uint8 ... done (8.6s)
    [osimulator] (1x1x8192) @ (8192x256) input=uint8 ... done (3.5s)
    [osimulator] (1x1x256) @ (256x10) input=uint8 ... done (0.0s)
  [Model 1 Phase4 v3 INT8 (变体 A) optic]  464/650 ( 71.4%) acc=97.84%  elapsed=21343s  ETA=8556s
    [osimulator] (1x4096x288) @ (288x32) input=uint8 ... done (18.8s)
    [osimulator] (1x1024x288) @ (288x64) input=uint8 ... done (4.2s)
    [osimulator] (1x1024x576) @ (576x64) input=uint8 ... done (6.6s)
    [osimulator] (1x256x576) @ (576x128) input=uint8 ... done (6.4s)
    [osimulator] (1x256x1152) @ (1152x128) input=uint8 ... done (8.5s)
    [osimulator] (1x1x8192) @ (8192x256) input=uint8 ... done (3.8s)
    [osimulator] (1x1x256) @ (256x10) input=uint8 ... done (0.0s)
  [Model 1 Phase4 v3 INT8 (变体 A) optic]  465/650 ( 71.5%) acc=97.85%  elapsed=21391s  ETA=8510s
    [osimulator] (1x4096x288) @ (288x32) input=uint8 ... done (15.3s)
    [osimulator] (1x1024x288) @ (288x64) input=uint8 ... done (4.3s)
    [osimulator] (1x1024x576) @ (576x64) input=uint8 ... done (6.2s)
    [osimulator] (1x256x576) @ (576x128) input=uint8 ... done (6.4s)
    [osimulator] (1x256x1152) @ (1152x128) input=uint8 ... done (8.4s)
    [osimulator] (1x1x8192) @ (8192x256) input=uint8 ... done (3.5s)
    [osimulator] (1x1x256) @ (256x10) input=uint8 ... done (0.0s)
  [Model 1 Phase4 v3 INT8 (变体 A) optic]  466/650 ( 71.7%) acc=97.85%  elapsed=21435s  ETA=8464s
    [osimulator] (1x4096x288) @ (288x32) input=uint8 ... done (16.6s)
    [osimulator] (1x1024x288) @ (288x64) input=uint8 ... done (4.3s)
    [osimulator] (1x1024x576) @ (576x64) input=uint8 ... done (6.4s)
    [osimulator] (1x256x576) @ (576x128) input=uint8 ... done (6.4s)
    [osimulator] (1x256x1152) @ (1152x128) input=uint8 ... done (8.6s)
    [osimulator] (1x1x8192) @ (8192x256) input=uint8 ... done (3.6s)
    [osimulator] (1x1x256) @ (256x10) input=uint8 ... done (0.0s)
  [Model 1 Phase4 v3 INT8 (变体 A) optic]  467/650 ( 71.8%) acc=97.86%  elapsed=21481s  ETA=8418s
    [osimulator] (1x4096x288) @ (288x32) input=uint8 ... done (16.5s)
    [osimulator] (1x1024x288) @ (288x64) input=uint8 ... done (4.3s)
    [osimulator] (1x1024x576) @ (576x64) input=uint8 ... done (6.5s)
    [osimulator] (1x256x576) @ (576x128) input=uint8 ... done (6.5s)
    [osimulator] (1x256x1152) @ (1152x128) input=uint8 ... done (8.6s)
    [osimulator] (1x1x8192) @ (8192x256) input=uint8 ... done (3.7s)
    [osimulator] (1x1x256) @ (256x10) input=uint8 ... done (0.0s)
  [Model 1 Phase4 v3 INT8 (变体 A) optic]  468/650 ( 72.0%) acc=97.86%  elapsed=21527s  ETA=8372s
    [osimulator] (1x4096x288) @ (288x32) input=uint8 ... done (8.1s)
    [osimulator] (1x1024x288) @ (288x64) input=uint8 ... done (4.2s)
    [osimulator] (1x1024x576) @ (576x64) input=uint8 ... done (6.4s)
    [osimulator] (1x256x576) @ (576x128) input=uint8 ... done (6.4s)
    [osimulator] (1x256x1152) @ (1152x128) input=uint8 ... done (8.5s)
    [osimulator] (1x1x8192) @ (8192x256) input=uint8 ... done (3.7s)
    [osimulator] (1x1x256) @ (256x10) input=uint8 ... done (0.0s)
  [Model 1 Phase4 v3 INT8 (变体 A) optic]  469/650 ( 72.2%) acc=97.65%  elapsed=21565s  ETA=8322s
    [osimulator] (1x4096x288) @ (288x32) input=uint8 ... done (11.4s)
    [osimulator] (1x1024x288) @ (288x64) input=uint8 ... done (4.3s)
    [osimulator] (1x1024x576) @ (576x64) input=uint8 ... done (6.2s)
    [osimulator] (1x256x576) @ (576x128) input=uint8 ... done (6.5s)
    [osimulator] (1x256x1152) @ (1152x128) input=uint8 ... done (8.4s)
    [osimulator] (1x1x8192) @ (8192x256) input=uint8 ... done (3.7s)
    [osimulator] (1x1x256) @ (256x10) input=uint8 ... done (0.0s)
  [Model 1 Phase4 v3 INT8 (变体 A) optic]  470/650 ( 72.3%) acc=97.66%  elapsed=21605s  ETA=8274s
    [osimulator] (1x4096x288) @ (288x32) input=uint8 ... done (14.3s)
    [osimulator] (1x1024x288) @ (288x64) input=uint8 ... done (4.3s)
    [osimulator] (1x1024x576) @ (576x64) input=uint8 ... done (6.3s)
    [osimulator] (1x256x576) @ (576x128) input=uint8 ... done (6.4s)
    [osimulator] (1x256x1152) @ (1152x128) input=uint8 ... done (8.6s)
    [osimulator] (1x1x8192) @ (8192x256) input=uint8 ... done (3.6s)
    [osimulator] (1x1x256) @ (256x10) input=uint8 ... done (0.0s)
  [Model 1 Phase4 v3 INT8 (变体 A) optic]  471/650 ( 72.5%) acc=97.66%  elapsed=21649s  ETA=8227s
    [osimulator] (1x4096x288) @ (288x32) input=uint8 ... done (10.1s)
    [osimulator] (1x1024x288) @ (288x64) input=uint8 ... done (4.3s)
    [osimulator] (1x1024x576) @ (576x64) input=uint8 ... done (6.3s)
    [osimulator] (1x256x576) @ (576x128) input=uint8 ... done (6.5s)
    [osimulator] (1x256x1152) @ (1152x128) input=uint8 ... done (8.6s)
    [osimulator] (1x1x8192) @ (8192x256) input=uint8 ... done (3.8s)
    [osimulator] (1x1x256) @ (256x10) input=uint8 ... done (0.0s)
  [Model 1 Phase4 v3 INT8 (变体 A) optic]  472/650 ( 72.6%) acc=97.67%  elapsed=21688s  ETA=8179s
    [osimulator] (1x4096x288) @ (288x32) input=uint8 ... done (13.7s)
    [osimulator] (1x1024x288) @ (288x64) input=uint8 ... done (4.3s)
    [osimulator] (1x1024x576) @ (576x64) input=uint8 ... done (6.2s)
    [osimulator] (1x256x576) @ (576x128) input=uint8 ... done (6.4s)
    [osimulator] (1x256x1152) @ (1152x128) input=uint8 ... done (8.4s)
    [osimulator] (1x1x8192) @ (8192x256) input=uint8 ... done (3.6s)
    [osimulator] (1x1x256) @ (256x10) input=uint8 ... done (0.0s)
  [Model 1 Phase4 v3 INT8 (变体 A) optic]  473/650 ( 72.8%) acc=97.67%  elapsed=21731s  ETA=8132s
    [osimulator] (1x4096x288) @ (288x32) input=uint8 ... done (15.6s)
    [osimulator] (1x1024x288) @ (288x64) input=uint8 ... done (4.3s)
    [osimulator] (1x1024x576) @ (576x64) input=uint8 ... done (6.3s)
    [osimulator] (1x256x576) @ (576x128) input=uint8 ... done (6.5s)
    [osimulator] (1x256x1152) @ (1152x128) input=uint8 ... done (8.5s)
    [osimulator] (1x1x8192) @ (8192x256) input=uint8 ... done (3.5s)
    [osimulator] (1x1x256) @ (256x10) input=uint8 ... done (0.0s)
  [Model 1 Phase4 v3 INT8 (变体 A) optic]  474/650 ( 72.9%) acc=97.68%  elapsed=21776s  ETA=8086s
    [osimulator] (1x4096x288) @ (288x32) input=uint8 ... done (11.7s)
    [osimulator] (1x1024x288) @ (288x64) input=uint8 ... done (4.3s)
    [osimulator] (1x1024x576) @ (576x64) input=uint8 ... done (6.2s)
    [osimulator] (1x256x576) @ (576x128) input=uint8 ... done (6.5s)
    [osimulator] (1x256x1152) @ (1152x128) input=uint8 ... done (8.5s)
    [osimulator] (1x1x8192) @ (8192x256) input=uint8 ... done (3.5s)
    [osimulator] (1x1x256) @ (256x10) input=uint8 ... done (0.0s)
  [Model 1 Phase4 v3 INT8 (变体 A) optic]  475/650 ( 73.1%) acc=97.68%  elapsed=21817s  ETA=8038s
    [osimulator] (1x4096x288) @ (288x32) input=uint8 ... done (12.1s)
    [osimulator] (1x1024x288) @ (288x64) input=uint8 ... done (4.3s)
    [osimulator] (1x1024x576) @ (576x64) input=uint8 ... done (6.4s)
    [osimulator] (1x256x576) @ (576x128) input=uint8 ... done (6.4s)
    [osimulator] (1x256x1152) @ (1152x128) input=uint8 ... done (8.6s)
    [osimulator] (1x1x8192) @ (8192x256) input=uint8 ... done (3.7s)
    [osimulator] (1x1x256) @ (256x10) input=uint8 ... done (0.0s)
  [Model 1 Phase4 v3 INT8 (变体 A) optic]  476/650 ( 73.2%) acc=97.69%  elapsed=21858s  ETA=7990s
    [osimulator] (1x4096x288) @ (288x32) input=uint8 ... done (17.8s)
    [osimulator] (1x1024x288) @ (288x64) input=uint8 ... done (4.3s)
    [osimulator] (1x1024x576) @ (576x64) input=uint8 ... done (6.2s)
    [osimulator] (1x256x576) @ (576x128) input=uint8 ... done (6.6s)
    [osimulator] (1x256x1152) @ (1152x128) input=uint8 ... done (8.4s)
    [osimulator] (1x1x8192) @ (8192x256) input=uint8 ... done (3.7s)
    [osimulator] (1x1x256) @ (256x10) input=uint8 ... done (0.0s)
  [Model 1 Phase4 v3 INT8 (变体 A) optic]  477/650 ( 73.4%) acc=97.69%  elapsed=21905s  ETA=7945s
    [osimulator] (1x4096x288) @ (288x32) input=uint8 ... done (9.2s)
    [osimulator] (1x1024x288) @ (288x64) input=uint8 ... done (4.3s)
    [osimulator] (1x1024x576) @ (576x64) input=uint8 ... done (6.3s)
    [osimulator] (1x256x576) @ (576x128) input=uint8 ... done (6.4s)
    [osimulator] (1x256x1152) @ (1152x128) input=uint8 ... done (8.8s)
    [osimulator] (1x1x8192) @ (8192x256) input=uint8 ... done (3.7s)
    [osimulator] (1x1x256) @ (256x10) input=uint8 ... done (0.0s)
  [Model 1 Phase4 v3 INT8 (变体 A) optic]  478/650 ( 73.5%) acc=97.70%  elapsed=21944s  ETA=7896s
    [osimulator] (1x4096x288) @ (288x32) input=uint8 ... done (17.4s)
    [osimulator] (1x1024x288) @ (288x64) input=uint8 ... done (4.3s)
    [osimulator] (1x1024x576) @ (576x64) input=uint8 ... done (6.4s)
    [osimulator] (1x256x576) @ (576x128) input=uint8 ... done (6.5s)
    [osimulator] (1x256x1152) @ (1152x128) input=uint8 ... done (8.5s)
    [osimulator] (1x1x8192) @ (8192x256) input=uint8 ... done (3.4s)
    [osimulator] (1x1x256) @ (256x10) input=uint8 ... done (0.0s)
  [Model 1 Phase4 v3 INT8 (变体 A) optic]  479/650 ( 73.7%) acc=97.70%  elapsed=21990s  ETA=7850s
    [osimulator] (1x4096x288) @ (288x32) input=uint8 ... done (12.5s)
    [osimulator] (1x1024x288) @ (288x64) input=uint8 ... done (4.3s)
    [osimulator] (1x1024x576) @ (576x64) input=uint8 ... done (6.8s)
    [osimulator] (1x256x576) @ (576x128) input=uint8 ... done (6.5s)
    [osimulator] (1x256x1152) @ (1152x128) input=uint8 ... done (8.5s)
    [osimulator] (1x1x8192) @ (8192x256) input=uint8 ... done (3.7s)
    [osimulator] (1x1x256) @ (256x10) input=uint8 ... done (0.0s)
  [Model 1 Phase4 v3 INT8 (变体 A) optic]  480/650 ( 73.8%) acc=97.71%  elapsed=22033s  ETA=7803s
    [osimulator] (1x4096x288) @ (288x32) input=uint8 ... done (14.4s)
    [osimulator] (1x1024x288) @ (288x64) input=uint8 ... done (4.3s)
    [osimulator] (1x1024x576) @ (576x64) input=uint8 ... done (6.4s)
    [osimulator] (1x256x576) @ (576x128) input=uint8 ... done (6.4s)
    [osimulator] (1x256x1152) @ (1152x128) input=uint8 ... done (8.5s)
    [osimulator] (1x1x8192) @ (8192x256) input=uint8 ... done (3.6s)
    [osimulator] (1x1x256) @ (256x10) input=uint8 ... done (0.0s)
  [Model 1 Phase4 v3 INT8 (变体 A) optic]  481/650 ( 74.0%) acc=97.71%  elapsed=22076s  ETA=7757s
    [osimulator] (1x4096x288) @ (288x32) input=uint8 ... done (19.3s)
    [osimulator] (1x1024x288) @ (288x64) input=uint8 ... done (4.3s)
    [osimulator] (1x1024x576) @ (576x64) input=uint8 ... done (6.7s)
    [osimulator] (1x256x576) @ (576x128) input=uint8 ... done (6.6s)
    [osimulator] (1x256x1152) @ (1152x128) input=uint8 ... done (8.7s)
    [osimulator] (1x1x8192) @ (8192x256) input=uint8 ... done (3.8s)
    [osimulator] (1x1x256) @ (256x10) input=uint8 ... done (0.0s)
  [Model 1 Phase4 v3 INT8 (变体 A) optic]  482/650 ( 74.2%) acc=97.72%  elapsed=22126s  ETA=7712s
    [osimulator] (1x4096x288) @ (288x32) input=uint8 ... done (16.7s)
    [osimulator] (1x1024x288) @ (288x64) input=uint8 ... done (4.3s)
    [osimulator] (1x1024x576) @ (576x64) input=uint8 ... done (6.2s)
    [osimulator] (1x256x576) @ (576x128) input=uint8 ... done (6.5s)
    [osimulator] (1x256x1152) @ (1152x128) input=uint8 ... done (8.6s)
    [osimulator] (1x1x8192) @ (8192x256) input=uint8 ... done (3.8s)
    [osimulator] (1x1x256) @ (256x10) input=uint8 ... done (0.0s)
  [Model 1 Phase4 v3 INT8 (变体 A) optic]  483/650 ( 74.3%) acc=97.72%  elapsed=22172s  ETA=7666s
    [osimulator] (1x4096x288) @ (288x32) input=uint8 ... done (13.0s)
    [osimulator] (1x1024x288) @ (288x64) input=uint8 ... done (4.4s)
    [osimulator] (1x1024x576) @ (576x64) input=uint8 ... done (6.3s)
    [osimulator] (1x256x576) @ (576x128) input=uint8 ... done (6.5s)
    [osimulator] (1x256x1152) @ (1152x128) input=uint8 ... done (8.6s)
    [osimulator] (1x1x8192) @ (8192x256) input=uint8 ... done (3.7s)
    [osimulator] (1x1x256) @ (256x10) input=uint8 ... done (0.0s)
  [Model 1 Phase4 v3 INT8 (变体 A) optic]  484/650 ( 74.5%) acc=97.73%  elapsed=22215s  ETA=7619s
    [osimulator] (1x4096x288) @ (288x32) input=uint8 ... done (13.1s)
    [osimulator] (1x1024x288) @ (288x64) input=uint8 ... done (4.3s)
    [osimulator] (1x1024x576) @ (576x64) input=uint8 ... done (6.7s)
    [osimulator] (1x256x576) @ (576x128) input=uint8 ... done (6.5s)
    [osimulator] (1x256x1152) @ (1152x128) input=uint8 ... done (8.8s)
    [osimulator] (1x1x8192) @ (8192x256) input=uint8 ... done (3.7s)
    [osimulator] (1x1x256) @ (256x10) input=uint8 ... done (0.0s)
  [Model 1 Phase4 v3 INT8 (变体 A) optic]  485/650 ( 74.6%) acc=97.73%  elapsed=22258s  ETA=7572s
    [osimulator] (1x4096x288) @ (288x32) input=uint8 ... done (8.0s)
    [osimulator] (1x1024x288) @ (288x64) input=uint8 ... done (4.3s)
    [osimulator] (1x1024x576) @ (576x64) input=uint8 ... done (6.2s)
    [osimulator] (1x256x576) @ (576x128) input=uint8 ... done (6.5s)
    [osimulator] (1x256x1152) @ (1152x128) input=uint8 ... done (8.7s)
    [osimulator] (1x1x8192) @ (8192x256) input=uint8 ... done (3.6s)
    [osimulator] (1x1x256) @ (256x10) input=uint8 ... done (0.0s)
  [Model 1 Phase4 v3 INT8 (变体 A) optic]  486/650 ( 74.8%) acc=97.74%  elapsed=22295s  ETA=7523s
    [osimulator] (1x4096x288) @ (288x32) input=uint8 ... done (18.0s)
    [osimulator] (1x1024x288) @ (288x64) input=uint8 ... done (4.4s)
    [osimulator] (1x1024x576) @ (576x64) input=uint8 ... done (6.4s)
    [osimulator] (1x256x576) @ (576x128) input=uint8 ... done (6.5s)
    [osimulator] (1x256x1152) @ (1152x128) input=uint8 ... done (8.8s)
    [osimulator] (1x1x8192) @ (8192x256) input=uint8 ... done (3.8s)
    [osimulator] (1x1x256) @ (256x10) input=uint8 ... done (0.0s)
  [Model 1 Phase4 v3 INT8 (变体 A) optic]  487/650 ( 74.9%) acc=97.74%  elapsed=22343s  ETA=7478s
    [osimulator] (1x4096x288) @ (288x32) input=uint8 ... done (13.9s)
    [osimulator] (1x1024x288) @ (288x64) input=uint8 ... done (4.4s)
    [osimulator] (1x1024x576) @ (576x64) input=uint8 ... done (6.3s)
    [osimulator] (1x256x576) @ (576x128) input=uint8 ... done (6.5s)
    [osimulator] (1x256x1152) @ (1152x128) input=uint8 ... done (8.6s)
    [osimulator] (1x1x8192) @ (8192x256) input=uint8 ... done (3.8s)
    [osimulator] (1x1x256) @ (256x10) input=uint8 ... done (0.0s)
  [Model 1 Phase4 v3 INT8 (变体 A) optic]  488/650 ( 75.1%) acc=97.75%  elapsed=22387s  ETA=7432s
    [osimulator] (1x4096x288) @ (288x32) input=uint8 ... done (8.5s)
    [osimulator] (1x1024x288) @ (288x64) input=uint8 ... done (4.3s)
    [osimulator] (1x1024x576) @ (576x64) input=uint8 ... done (6.3s)
    [osimulator] (1x256x576) @ (576x128) input=uint8 ... done (6.4s)
    [osimulator] (1x256x1152) @ (1152x128) input=uint8 ... done (8.6s)
    [osimulator] (1x1x8192) @ (8192x256) input=uint8 ... done (3.5s)
    [osimulator] (1x1x256) @ (256x10) input=uint8 ... done (0.0s)
  [Model 1 Phase4 v3 INT8 (变体 A) optic]  489/650 ( 75.2%) acc=97.75%  elapsed=22424s  ETA=7383s
    [osimulator] (1x4096x288) @ (288x32) input=uint8 ... done (13.4s)
    [osimulator] (1x1024x288) @ (288x64) input=uint8 ... done (4.4s)
    [osimulator] (1x1024x576) @ (576x64) input=uint8 ... done (6.4s)
    [osimulator] (1x256x576) @ (576x128) input=uint8 ... done (6.8s)
    [osimulator] (1x256x1152) @ (1152x128) input=uint8 ... done (8.6s)
    [osimulator] (1x1x8192) @ (8192x256) input=uint8 ... done (3.8s)
    [osimulator] (1x1x256) @ (256x10) input=uint8 ... done (0.0s)
  [Model 1 Phase4 v3 INT8 (变体 A) optic]  490/650 ( 75.4%) acc=97.76%  elapsed=22468s  ETA=7336s
    [osimulator] (1x4096x288) @ (288x32) input=uint8 ... done (14.1s)
    [osimulator] (1x1024x288) @ (288x64) input=uint8 ... done (4.3s)
    [osimulator] (1x1024x576) @ (576x64) input=uint8 ... done (6.3s)
    [osimulator] (1x256x576) @ (576x128) input=uint8 ... done (6.3s)
    [osimulator] (1x256x1152) @ (1152x128) input=uint8 ... done (8.7s)
    [osimulator] (1x1x8192) @ (8192x256) input=uint8 ... done (3.5s)
    [osimulator] (1x1x256) @ (256x10) input=uint8 ... done (0.0s)
  [Model 1 Phase4 v3 INT8 (变体 A) optic]  491/650 ( 75.5%) acc=97.76%  elapsed=22511s  ETA=7290s
    [osimulator] (1x4096x288) @ (288x32) input=uint8 ... done (12.1s)
    [osimulator] (1x1024x288) @ (288x64) input=uint8 ... done (4.4s)
    [osimulator] (1x1024x576) @ (576x64) input=uint8 ... done (6.4s)
    [osimulator] (1x256x576) @ (576x128) input=uint8 ... done (6.5s)
    [osimulator] (1x256x1152) @ (1152x128) input=uint8 ... done (8.6s)
    [osimulator] (1x1x8192) @ (8192x256) input=uint8 ... done (3.5s)
    [osimulator] (1x1x256) @ (256x10) input=uint8 ... done (0.0s)
  [Model 1 Phase4 v3 INT8 (变体 A) optic]  492/650 ( 75.7%) acc=97.76%  elapsed=22552s  ETA=7242s
    [osimulator] (1x4096x288) @ (288x32) input=uint8 ... done (14.2s)
    [osimulator] (1x1024x288) @ (288x64) input=uint8 ... done (4.3s)
    [osimulator] (1x1024x576) @ (576x64) input=uint8 ... done (6.4s)
    [osimulator] (1x256x576) @ (576x128) input=uint8 ... done (6.9s)
    [osimulator] (1x256x1152) @ (1152x128) input=uint8 ... done (8.6s)
    [osimulator] (1x1x8192) @ (8192x256) input=uint8 ... done (3.6s)
    [osimulator] (1x1x256) @ (256x10) input=uint8 ... done (0.0s)
  [Model 1 Phase4 v3 INT8 (变体 A) optic]  493/650 ( 75.8%) acc=97.77%  elapsed=22596s  ETA=7196s
    [osimulator] (1x4096x288) @ (288x32) input=uint8 ... done (12.3s)
    [osimulator] (1x1024x288) @ (288x64) input=uint8 ... done (4.3s)
    [osimulator] (1x1024x576) @ (576x64) input=uint8 ... done (6.4s)
    [osimulator] (1x256x576) @ (576x128) input=uint8 ... done (6.6s)
    [osimulator] (1x256x1152) @ (1152x128) input=uint8 ... done (8.5s)
    [osimulator] (1x1x8192) @ (8192x256) input=uint8 ... done (3.6s)
    [osimulator] (1x1x256) @ (256x10) input=uint8 ... done (0.0s)
  [Model 1 Phase4 v3 INT8 (变体 A) optic]  494/650 ( 76.0%) acc=97.77%  elapsed=22638s  ETA=7149s
    [osimulator] (1x4096x288) @ (288x32) input=uint8 ... done (12.8s)
    [osimulator] (1x1024x288) @ (288x64) input=uint8 ... done (4.3s)
    [osimulator] (1x1024x576) @ (576x64) input=uint8 ... done (6.3s)
    [osimulator] (1x256x576) @ (576x128) input=uint8 ... done (6.6s)
    [osimulator] (1x256x1152) @ (1152x128) input=uint8 ... done (8.6s)
    [osimulator] (1x1x8192) @ (8192x256) input=uint8 ... done (3.8s)
    [osimulator] (1x1x256) @ (256x10) input=uint8 ... done (0.0s)
  [Model 1 Phase4 v3 INT8 (变体 A) optic]  495/650 ( 76.2%) acc=97.78%  elapsed=22680s  ETA=7102s
    [osimulator] (1x4096x288) @ (288x32) input=uint8 ... done (14.8s)
    [osimulator] (1x1024x288) @ (288x64) input=uint8 ... done (4.3s)
    [osimulator] (1x1024x576) @ (576x64) input=uint8 ... done (6.3s)
    [osimulator] (1x256x576) @ (576x128) input=uint8 ... done (6.4s)
    [osimulator] (1x256x1152) @ (1152x128) input=uint8 ... done (8.4s)
    [osimulator] (1x1x8192) @ (8192x256) input=uint8 ... done (3.6s)
    [osimulator] (1x1x256) @ (256x10) input=uint8 ... done (0.0s)
  [Model 1 Phase4 v3 INT8 (变体 A) optic]  496/650 ( 76.3%) acc=97.78%  elapsed=22724s  ETA=7056s
    [osimulator] (1x4096x288) @ (288x32) input=uint8 ... done (16.1s)
    [osimulator] (1x1024x288) @ (288x64) input=uint8 ... done (4.3s)
    [osimulator] (1x1024x576) @ (576x64) input=uint8 ... done (6.2s)
    [osimulator] (1x256x576) @ (576x128) input=uint8 ... done (6.4s)
    [osimulator] (1x256x1152) @ (1152x128) input=uint8 ... done (8.9s)
    [osimulator] (1x1x8192) @ (8192x256) input=uint8 ... done (3.6s)
    [osimulator] (1x1x256) @ (256x10) input=uint8 ... done (0.0s)
  [Model 1 Phase4 v3 INT8 (变体 A) optic]  497/650 ( 76.5%) acc=97.79%  elapsed=22770s  ETA=7010s
    [osimulator] (1x4096x288) @ (288x32) input=uint8 ... done (15.8s)
    [osimulator] (1x1024x288) @ (288x64) input=uint8 ... done (4.3s)
    [osimulator] (1x1024x576) @ (576x64) input=uint8 ... done (6.2s)
    [osimulator] (1x256x576) @ (576x128) input=uint8 ... done (6.4s)
    [osimulator] (1x256x1152) @ (1152x128) input=uint8 ... done (8.6s)
    [osimulator] (1x1x8192) @ (8192x256) input=uint8 ... done (3.6s)
    [osimulator] (1x1x256) @ (256x10) input=uint8 ... done (0.0s)
  [Model 1 Phase4 v3 INT8 (变体 A) optic]  498/650 ( 76.6%) acc=97.79%  elapsed=22815s  ETA=6964s
    [osimulator] (1x4096x288) @ (288x32) input=uint8 ... done (13.9s)
    [osimulator] (1x1024x288) @ (288x64) input=uint8 ... done (4.3s)
    [osimulator] (1x1024x576) @ (576x64) input=uint8 ... done (6.4s)
    [osimulator] (1x256x576) @ (576x128) input=uint8 ... done (6.4s)
    [osimulator] (1x256x1152) @ (1152x128) input=uint8 ... done (8.4s)
    [osimulator] (1x1x8192) @ (8192x256) input=uint8 ... done (3.5s)
    [osimulator] (1x1x256) @ (256x10) input=uint8 ... done (0.0s)
  [Model 1 Phase4 v3 INT8 (变体 A) optic]  499/650 ( 76.8%) acc=97.80%  elapsed=22858s  ETA=6917s
    [osimulator] (1x4096x288) @ (288x32) input=uint8 ... done (17.9s)
    [osimulator] (1x1024x288) @ (288x64) input=uint8 ... done (4.3s)
    [osimulator] (1x1024x576) @ (576x64) input=uint8 ... done (6.3s)
    [osimulator] (1x256x576) @ (576x128) input=uint8 ... done (6.4s)
    [osimulator] (1x256x1152) @ (1152x128) input=uint8 ... done (8.5s)
    [osimulator] (1x1x8192) @ (8192x256) input=uint8 ... done (3.6s)
    [osimulator] (1x1x256) @ (256x10) input=uint8 ... done (0.0s)
  [Model 1 Phase4 v3 INT8 (变体 A) optic]  500/650 ( 76.9%) acc=97.80%  elapsed=22905s  ETA=6871s
    [osimulator] (1x4096x288) @ (288x32) input=uint8 ... done (16.4s)
    [osimulator] (1x1024x288) @ (288x64) input=uint8 ... done (4.4s)
    [osimulator] (1x1024x576) @ (576x64) input=uint8 ... done (6.2s)
    [osimulator] (1x256x576) @ (576x128) input=uint8 ... done (6.5s)
    [osimulator] (1x256x1152) @ (1152x128) input=uint8 ... done (8.7s)
    [osimulator] (1x1x8192) @ (8192x256) input=uint8 ... done (3.6s)
    [osimulator] (1x1x256) @ (256x10) input=uint8 ... done (0.0s)
  [Model 1 Phase4 v3 INT8 (变体 A) optic]  501/650 ( 77.1%) acc=97.80%  elapsed=22951s  ETA=6826s
    [osimulator] (1x4096x288) @ (288x32) input=uint8 ... done (15.9s)
    [osimulator] (1x1024x288) @ (288x64) input=uint8 ... done (4.3s)
    [osimulator] (1x1024x576) @ (576x64) input=uint8 ... done (6.3s)
    [osimulator] (1x256x576) @ (576x128) input=uint8 ... done (6.4s)
    [osimulator] (1x256x1152) @ (1152x128) input=uint8 ... done (8.5s)
    [osimulator] (1x1x8192) @ (8192x256) input=uint8 ... done (3.7s)
    [osimulator] (1x1x256) @ (256x10) input=uint8 ... done (0.0s)
  [Model 1 Phase4 v3 INT8 (变体 A) optic]  502/650 ( 77.2%) acc=97.81%  elapsed=22996s  ETA=6780s
    [osimulator] (1x4096x288) @ (288x32) input=uint8 ... done (13.5s)
    [osimulator] (1x1024x288) @ (288x64) input=uint8 ... done (4.3s)
    [osimulator] (1x1024x576) @ (576x64) input=uint8 ... done (8.2s)
    [osimulator] (1x256x576) @ (576x128) input=uint8 ... done (6.4s)
    [osimulator] (1x256x1152) @ (1152x128) input=uint8 ... done (8.5s)
    [osimulator] (1x1x8192) @ (8192x256) input=uint8 ... done (3.7s)
    [osimulator] (1x1x256) @ (256x10) input=uint8 ... done (0.0s)
  [Model 1 Phase4 v3 INT8 (变体 A) optic]  503/650 ( 77.4%) acc=97.81%  elapsed=23041s  ETA=6734s
    [osimulator] (1x4096x288) @ (288x32) input=uint8 ... done (18.1s)
    [osimulator] (1x1024x288) @ (288x64) input=uint8 ... done (4.3s)
    [osimulator] (1x1024x576) @ (576x64) input=uint8 ... done (6.3s)
    [osimulator] (1x256x576) @ (576x128) input=uint8 ... done (6.5s)
    [osimulator] (1x256x1152) @ (1152x128) input=uint8 ... done (8.6s)
    [osimulator] (1x1x8192) @ (8192x256) input=uint8 ... done (3.8s)
    [osimulator] (1x1x256) @ (256x10) input=uint8 ... done (0.0s)
  [Model 1 Phase4 v3 INT8 (变体 A) optic]  504/650 ( 77.5%) acc=97.82%  elapsed=23088s  ETA=6688s
    [osimulator] (1x4096x288) @ (288x32) input=uint8 ... done (19.0s)
    [osimulator] (1x1024x288) @ (288x64) input=uint8 ... done (4.4s)
    [osimulator] (1x1024x576) @ (576x64) input=uint8 ... done (6.3s)
    [osimulator] (1x256x576) @ (576x128) input=uint8 ... done (6.5s)
    [osimulator] (1x256x1152) @ (1152x128) input=uint8 ... done (8.6s)
    [osimulator] (1x1x8192) @ (8192x256) input=uint8 ... done (3.8s)
    [osimulator] (1x1x256) @ (256x10) input=uint8 ... done (0.0s)
  [Model 1 Phase4 v3 INT8 (变体 A) optic]  505/650 ( 77.7%) acc=97.82%  elapsed=23137s  ETA=6643s
    [osimulator] (1x4096x288) @ (288x32) input=uint8 ... done (16.9s)
    [osimulator] (1x1024x288) @ (288x64) input=uint8 ... done (4.3s)
    [osimulator] (1x1024x576) @ (576x64) input=uint8 ... done (6.4s)
    [osimulator] (1x256x576) @ (576x128) input=uint8 ... done (6.5s)
    [osimulator] (1x256x1152) @ (1152x128) input=uint8 ... done (8.4s)
    [osimulator] (1x1x8192) @ (8192x256) input=uint8 ... done (3.4s)
    [osimulator] (1x1x256) @ (256x10) input=uint8 ... done (0.0s)
  [Model 1 Phase4 v3 INT8 (变体 A) optic]  506/650 ( 77.8%) acc=97.83%  elapsed=23183s  ETA=6597s
    [osimulator] (1x4096x288) @ (288x32) input=uint8 ... done (15.6s)
    [osimulator] (1x1024x288) @ (288x64) input=uint8 ... done (4.3s)
    [osimulator] (1x1024x576) @ (576x64) input=uint8 ... done (6.4s)
    [osimulator] (1x256x576) @ (576x128) input=uint8 ... done (6.5s)
    [osimulator] (1x256x1152) @ (1152x128) input=uint8 ... done (8.5s)
    [osimulator] (1x1x8192) @ (8192x256) input=uint8 ... done (3.6s)
    [osimulator] (1x1x256) @ (256x10) input=uint8 ... done (0.0s)
  [Model 1 Phase4 v3 INT8 (变体 A) optic]  507/650 ( 78.0%) acc=97.83%  elapsed=23228s  ETA=6551s
    [osimulator] (1x4096x288) @ (288x32) input=uint8 ... done (15.2s)
    [osimulator] (1x1024x288) @ (288x64) input=uint8 ... done (4.3s)
    [osimulator] (1x1024x576) @ (576x64) input=uint8 ... done (6.5s)
    [osimulator] (1x256x576) @ (576x128) input=uint8 ... done (6.4s)
    [osimulator] (1x256x1152) @ (1152x128) input=uint8 ... done (8.6s)
    [osimulator] (1x1x8192) @ (8192x256) input=uint8 ... done (3.6s)
    [osimulator] (1x1x256) @ (256x10) input=uint8 ... done (0.0s)
  [Model 1 Phase4 v3 INT8 (变体 A) optic]  508/650 ( 78.2%) acc=97.83%  elapsed=23272s  ETA=6505s
    [osimulator] (1x4096x288) @ (288x32) input=uint8 ... done (15.3s)
    [osimulator] (1x1024x288) @ (288x64) input=uint8 ... done (4.5s)
    [osimulator] (1x1024x576) @ (576x64) input=uint8 ... done (6.8s)
    [osimulator] (1x256x576) @ (576x128) input=uint8 ... done (6.6s)
    [osimulator] (1x256x1152) @ (1152x128) input=uint8 ... done (8.7s)
    [osimulator] (1x1x8192) @ (8192x256) input=uint8 ... done (3.6s)
    [osimulator] (1x1x256) @ (256x10) input=uint8 ... done (0.0s)
  [Model 1 Phase4 v3 INT8 (变体 A) optic]  509/650 ( 78.3%) acc=97.84%  elapsed=23318s  ETA=6459s
    [osimulator] (1x4096x288) @ (288x32) input=uint8 ... done (16.1s)
    [osimulator] (1x1024x288) @ (288x64) input=uint8 ... done (4.3s)
    [osimulator] (1x1024x576) @ (576x64) input=uint8 ... done (6.4s)
    [osimulator] (1x256x576) @ (576x128) input=uint8 ... done (6.6s)
    [osimulator] (1x256x1152) @ (1152x128) input=uint8 ... done (8.6s)
    [osimulator] (1x1x8192) @ (8192x256) input=uint8 ... done (3.5s)
    [osimulator] (1x1x256) @ (256x10) input=uint8 ... done (0.0s)
  [Model 1 Phase4 v3 INT8 (变体 A) optic]  510/650 ( 78.5%) acc=97.84%  elapsed=23363s  ETA=6413s
    [osimulator] (1x4096x288) @ (288x32) input=uint8 ... done (13.0s)
    [osimulator] (1x1024x288) @ (288x64) input=uint8 ... done (4.3s)
    [osimulator] (1x1024x576) @ (576x64) input=uint8 ... done (6.3s)
    [osimulator] (1x256x576) @ (576x128) input=uint8 ... done (6.4s)
    [osimulator] (1x256x1152) @ (1152x128) input=uint8 ... done (8.7s)
    [osimulator] (1x1x8192) @ (8192x256) input=uint8 ... done (3.7s)
    [osimulator] (1x1x256) @ (256x10) input=uint8 ... done (0.0s)
  [Model 1 Phase4 v3 INT8 (变体 A) optic]  511/650 ( 78.6%) acc=97.85%  elapsed=23406s  ETA=6367s
    [osimulator] (1x4096x288) @ (288x32) input=uint8 ... done (14.9s)
    [osimulator] (1x1024x288) @ (288x64) input=uint8 ... done (4.4s)
    [osimulator] (1x1024x576) @ (576x64) input=uint8 ... done (6.3s)
    [osimulator] (1x256x576) @ (576x128) input=uint8 ... done (6.4s)
    [osimulator] (1x256x1152) @ (1152x128) input=uint8 ... done (8.4s)
    [osimulator] (1x1x8192) @ (8192x256) input=uint8 ... done (3.4s)
    [osimulator] (1x1x256) @ (256x10) input=uint8 ... done (0.0s)
  [Model 1 Phase4 v3 INT8 (变体 A) optic]  512/650 ( 78.8%) acc=97.85%  elapsed=23450s  ETA=6320s
    [osimulator] (1x4096x288) @ (288x32) input=uint8 ... done (12.6s)
    [osimulator] (1x1024x288) @ (288x64) input=uint8 ... done (4.4s)
    [osimulator] (1x1024x576) @ (576x64) input=uint8 ... done (6.3s)
    [osimulator] (1x256x576) @ (576x128) input=uint8 ... done (6.5s)
    [osimulator] (1x256x1152) @ (1152x128) input=uint8 ... done (8.6s)
    [osimulator] (1x1x8192) @ (8192x256) input=uint8 ... done (3.8s)
    [osimulator] (1x1x256) @ (256x10) input=uint8 ... done (0.0s)
  [Model 1 Phase4 v3 INT8 (变体 A) optic]  513/650 ( 78.9%) acc=97.86%  elapsed=23492s  ETA=6274s
    [osimulator] (1x4096x288) @ (288x32) input=uint8 ... done (11.7s)
    [osimulator] (1x1024x288) @ (288x64) input=uint8 ... done (4.3s)
    [osimulator] (1x1024x576) @ (576x64) input=uint8 ... done (6.2s)
    [osimulator] (1x256x576) @ (576x128) input=uint8 ... done (6.5s)
    [osimulator] (1x256x1152) @ (1152x128) input=uint8 ... done (8.6s)
    [osimulator] (1x1x8192) @ (8192x256) input=uint8 ... done (3.8s)
    [osimulator] (1x1x256) @ (256x10) input=uint8 ... done (0.0s)
  [Model 1 Phase4 v3 INT8 (变体 A) optic]  514/650 ( 79.1%) acc=97.86%  elapsed=23533s  ETA=6227s
    [osimulator] (1x4096x288) @ (288x32) input=uint8 ... done (9.7s)
    [osimulator] (1x1024x288) @ (288x64) input=uint8 ... done (4.3s)
    [osimulator] (1x1024x576) @ (576x64) input=uint8 ... done (6.3s)
    [osimulator] (1x256x576) @ (576x128) input=uint8 ... done (6.6s)
    [osimulator] (1x256x1152) @ (1152x128) input=uint8 ... done (8.6s)
    [osimulator] (1x1x8192) @ (8192x256) input=uint8 ... done (3.6s)
    [osimulator] (1x1x256) @ (256x10) input=uint8 ... done (0.0s)
  [Model 1 Phase4 v3 INT8 (变体 A) optic]  515/650 ( 79.2%) acc=97.86%  elapsed=23572s  ETA=6179s
    [osimulator] (1x4096x288) @ (288x32) input=uint8 ... done (14.9s)
    [osimulator] (1x1024x288) @ (288x64) input=uint8 ... done (4.3s)
    [osimulator] (1x1024x576) @ (576x64) input=uint8 ... done (6.3s)
    [osimulator] (1x256x576) @ (576x128) input=uint8 ... done (6.5s)
    [osimulator] (1x256x1152) @ (1152x128) input=uint8 ... done (8.6s)
    [osimulator] (1x1x8192) @ (8192x256) input=uint8 ... done (3.8s)
    [osimulator] (1x1x256) @ (256x10) input=uint8 ... done (0.0s)
  [Model 1 Phase4 v3 INT8 (变体 A) optic]  516/650 ( 79.4%) acc=97.87%  elapsed=23617s  ETA=6133s
    [osimulator] (1x4096x288) @ (288x32) input=uint8 ... done (14.6s)
    [osimulator] (1x1024x288) @ (288x64) input=uint8 ... done (4.3s)
    [osimulator] (1x1024x576) @ (576x64) input=uint8 ... done (6.2s)
    [osimulator] (1x256x576) @ (576x128) input=uint8 ... done (6.4s)
    [osimulator] (1x256x1152) @ (1152x128) input=uint8 ... done (8.5s)
    [osimulator] (1x1x8192) @ (8192x256) input=uint8 ... done (3.4s)
    [osimulator] (1x1x256) @ (256x10) input=uint8 ... done (0.0s)
  [Model 1 Phase4 v3 INT8 (变体 A) optic]  517/650 ( 79.5%) acc=97.87%  elapsed=23660s  ETA=6087s
    [osimulator] (1x4096x288) @ (288x32) input=uint8 ... done (15.0s)
    [osimulator] (1x1024x288) @ (288x64) input=uint8 ... done (4.3s)
    [osimulator] (1x1024x576) @ (576x64) input=uint8 ... done (6.2s)
    [osimulator] (1x256x576) @ (576x128) input=uint8 ... done (6.4s)
    [osimulator] (1x256x1152) @ (1152x128) input=uint8 ... done (8.6s)
    [osimulator] (1x1x8192) @ (8192x256) input=uint8 ... done (3.5s)
    [osimulator] (1x1x256) @ (256x10) input=uint8 ... done (0.0s)
  [Model 1 Phase4 v3 INT8 (变体 A) optic]  518/650 ( 79.7%) acc=97.88%  elapsed=23704s  ETA=6040s
    [osimulator] (1x4096x288) @ (288x32) input=uint8 ... done (18.7s)
    [osimulator] (1x1024x288) @ (288x64) input=uint8 ... done (4.3s)
    [osimulator] (1x1024x576) @ (576x64) input=uint8 ... done (6.2s)
    [osimulator] (1x256x576) @ (576x128) input=uint8 ... done (6.4s)
    [osimulator] (1x256x1152) @ (1152x128) input=uint8 ... done (8.6s)
    [osimulator] (1x1x8192) @ (8192x256) input=uint8 ... done (3.4s)
    [osimulator] (1x1x256) @ (256x10) input=uint8 ... done (0.0s)
  [Model 1 Phase4 v3 INT8 (变体 A) optic]  519/650 ( 79.8%) acc=97.88%  elapsed=23752s  ETA=5995s
    [osimulator] (1x4096x288) @ (288x32) input=uint8 ... done (15.4s)
    [osimulator] (1x1024x288) @ (288x64) input=uint8 ... done (4.3s)
    [osimulator] (1x1024x576) @ (576x64) input=uint8 ... done (6.4s)
    [osimulator] (1x256x576) @ (576x128) input=uint8 ... done (7.0s)
    [osimulator] (1x256x1152) @ (1152x128) input=uint8 ... done (8.5s)
    [osimulator] (1x1x8192) @ (8192x256) input=uint8 ... done (3.7s)
    [osimulator] (1x1x256) @ (256x10) input=uint8 ... done (0.0s)
  [Model 1 Phase4 v3 INT8 (变体 A) optic]  520/650 ( 80.0%) acc=97.88%  elapsed=23797s  ETA=5949s
    [osimulator] (1x4096x288) @ (288x32) input=uint8 ... done (17.3s)
    [osimulator] (1x1024x288) @ (288x64) input=uint8 ... done (4.3s)
    [osimulator] (1x1024x576) @ (576x64) input=uint8 ... done (6.5s)
    [osimulator] (1x256x576) @ (576x128) input=uint8 ... done (6.5s)
    [osimulator] (1x256x1152) @ (1152x128) input=uint8 ... done (8.6s)
    [osimulator] (1x1x8192) @ (8192x256) input=uint8 ... done (3.6s)
    [osimulator] (1x1x256) @ (256x10) input=uint8 ... done (0.0s)
  [Model 1 Phase4 v3 INT8 (变体 A) optic]  521/650 ( 80.2%) acc=97.89%  elapsed=23844s  ETA=5904s
    [osimulator] (1x4096x288) @ (288x32) input=uint8 ... done (13.6s)
    [osimulator] (1x1024x288) @ (288x64) input=uint8 ... done (4.3s)
    [osimulator] (1x1024x576) @ (576x64) input=uint8 ... done (6.2s)
    [osimulator] (1x256x576) @ (576x128) input=uint8 ... done (6.5s)
    [osimulator] (1x256x1152) @ (1152x128) input=uint8 ... done (8.5s)
    [osimulator] (1x1x8192) @ (8192x256) input=uint8 ... done (3.7s)
    [osimulator] (1x1x256) @ (256x10) input=uint8 ... done (0.0s)
  [Model 1 Phase4 v3 INT8 (变体 A) optic]  522/650 ( 80.3%) acc=97.89%  elapsed=23887s  ETA=5857s
    [osimulator] (1x4096x288) @ (288x32) input=uint8 ... done (13.4s)
    [osimulator] (1x1024x288) @ (288x64) input=uint8 ... done (4.3s)
    [osimulator] (1x1024x576) @ (576x64) input=uint8 ... done (6.5s)
    [osimulator] (1x256x576) @ (576x128) input=uint8 ... done (6.5s)
    [osimulator] (1x256x1152) @ (1152x128) input=uint8 ... done (8.7s)
    [osimulator] (1x1x8192) @ (8192x256) input=uint8 ... done (3.6s)
    [osimulator] (1x1x256) @ (256x10) input=uint8 ... done (0.0s)
  [Model 1 Phase4 v3 INT8 (变体 A) optic]  523/650 ( 80.5%) acc=97.90%  elapsed=23930s  ETA=5811s
    [osimulator] (1x4096x288) @ (288x32) input=uint8 ... done (17.5s)
    [osimulator] (1x1024x288) @ (288x64) input=uint8 ... done (4.3s)
    [osimulator] (1x1024x576) @ (576x64) input=uint8 ... done (6.4s)
    [osimulator] (1x256x576) @ (576x128) input=uint8 ... done (6.5s)
    [osimulator] (1x256x1152) @ (1152x128) input=uint8 ... done (8.6s)
    [osimulator] (1x1x8192) @ (8192x256) input=uint8 ... done (3.8s)
    [osimulator] (1x1x256) @ (256x10) input=uint8 ... done (0.0s)
  [Model 1 Phase4 v3 INT8 (变体 A) optic]  524/650 ( 80.6%) acc=97.90%  elapsed=23977s  ETA=5766s
    [osimulator] (1x4096x288) @ (288x32) input=uint8 ... done (13.9s)
    [osimulator] (1x1024x288) @ (288x64) input=uint8 ... done (4.3s)
    [osimulator] (1x1024x576) @ (576x64) input=uint8 ... done (6.5s)
    [osimulator] (1x256x576) @ (576x128) input=uint8 ... done (6.4s)
    [osimulator] (1x256x1152) @ (1152x128) input=uint8 ... done (8.7s)
    [osimulator] (1x1x8192) @ (8192x256) input=uint8 ... done (3.6s)
    [osimulator] (1x1x256) @ (256x10) input=uint8 ... done (0.0s)
  [Model 1 Phase4 v3 INT8 (变体 A) optic]  525/650 ( 80.8%) acc=97.90%  elapsed=24021s  ETA=5719s
    [osimulator] (1x4096x288) @ (288x32) input=uint8 ... done (14.2s)
    [osimulator] (1x1024x288) @ (288x64) input=uint8 ... done (4.3s)
    [osimulator] (1x1024x576) @ (576x64) input=uint8 ... done (8.0s)
    [osimulator] (1x256x576) @ (576x128) input=uint8 ... done (6.5s)
    [osimulator] (1x256x1152) @ (1152x128) input=uint8 ... done (8.5s)
    [osimulator] (1x1x8192) @ (8192x256) input=uint8 ... done (3.7s)
    [osimulator] (1x1x256) @ (256x10) input=uint8 ... done (0.0s)
  [Model 1 Phase4 v3 INT8 (变体 A) optic]  526/650 ( 80.9%) acc=97.91%  elapsed=24066s  ETA=5673s
    [osimulator] (1x4096x288) @ (288x32) input=uint8 ... done (14.6s)
    [osimulator] (1x1024x288) @ (288x64) input=uint8 ... done (4.3s)
    [osimulator] (1x1024x576) @ (576x64) input=uint8 ... done (6.4s)
    [osimulator] (1x256x576) @ (576x128) input=uint8 ... done (6.5s)
    [osimulator] (1x256x1152) @ (1152x128) input=uint8 ... done (8.7s)
    [osimulator] (1x1x8192) @ (8192x256) input=uint8 ... done (3.7s)
    [osimulator] (1x1x256) @ (256x10) input=uint8 ... done (0.0s)
  [Model 1 Phase4 v3 INT8 (变体 A) optic]  527/650 ( 81.1%) acc=97.91%  elapsed=24110s  ETA=5627s
    [osimulator] (1x4096x288) @ (288x32) input=uint8 ... done (14.1s)
    [osimulator] (1x1024x288) @ (288x64) input=uint8 ... done (4.3s)
    [osimulator] (1x1024x576) @ (576x64) input=uint8 ... done (6.5s)
    [osimulator] (1x256x576) @ (576x128) input=uint8 ... done (6.6s)
    [osimulator] (1x256x1152) @ (1152x128) input=uint8 ... done (8.7s)
    [osimulator] (1x1x8192) @ (8192x256) input=uint8 ... done (3.6s)
    [osimulator] (1x1x256) @ (256x10) input=uint8 ... done (0.0s)
  [Model 1 Phase4 v3 INT8 (变体 A) optic]  528/650 ( 81.2%) acc=97.92%  elapsed=24154s  ETA=5581s
    [osimulator] (1x4096x288) @ (288x32) input=uint8 ... done (18.5s)
    [osimulator] (1x1024x288) @ (288x64) input=uint8 ... done (4.3s)
    [osimulator] (1x1024x576) @ (576x64) input=uint8 ... done (6.4s)
    [osimulator] (1x256x576) @ (576x128) input=uint8 ... done (6.5s)
    [osimulator] (1x256x1152) @ (1152x128) input=uint8 ... done (8.5s)
    [osimulator] (1x1x8192) @ (8192x256) input=uint8 ... done (3.6s)
    [osimulator] (1x1x256) @ (256x10) input=uint8 ... done (0.0s)
  [Model 1 Phase4 v3 INT8 (变体 A) optic]  529/650 ( 81.4%) acc=97.92%  elapsed=24202s  ETA=5536s
    [osimulator] (1x4096x288) @ (288x32) input=uint8 ... done (14.3s)
    [osimulator] (1x1024x288) @ (288x64) input=uint8 ... done (4.3s)
    [osimulator] (1x1024x576) @ (576x64) input=uint8 ... done (6.5s)
    [osimulator] (1x256x576) @ (576x128) input=uint8 ... done (6.6s)
    [osimulator] (1x256x1152) @ (1152x128) input=uint8 ... done (8.6s)
    [osimulator] (1x1x8192) @ (8192x256) input=uint8 ... done (3.7s)
    [osimulator] (1x1x256) @ (256x10) input=uint8 ... done (0.0s)
  [Model 1 Phase4 v3 INT8 (变体 A) optic]  530/650 ( 81.5%) acc=97.92%  elapsed=24246s  ETA=5490s
    [osimulator] (1x4096x288) @ (288x32) input=uint8 ... done (16.5s)
    [osimulator] (1x1024x288) @ (288x64) input=uint8 ... done (4.3s)
    [osimulator] (1x1024x576) @ (576x64) input=uint8 ... done (6.2s)
    [osimulator] (1x256x576) @ (576x128) input=uint8 ... done (6.6s)
    [osimulator] (1x256x1152) @ (1152x128) input=uint8 ... done (8.6s)
    [osimulator] (1x1x8192) @ (8192x256) input=uint8 ... done (3.7s)
    [osimulator] (1x1x256) @ (256x10) input=uint8 ... done (0.0s)
  [Model 1 Phase4 v3 INT8 (变体 A) optic]  531/650 ( 81.7%) acc=97.93%  elapsed=24292s  ETA=5444s
    [osimulator] (1x4096x288) @ (288x32) input=uint8 ... done (17.2s)
    [osimulator] (1x1024x288) @ (288x64) input=uint8 ... done (4.4s)
    [osimulator] (1x1024x576) @ (576x64) input=uint8 ... done (6.3s)
    [osimulator] (1x256x576) @ (576x128) input=uint8 ... done (6.7s)
    [osimulator] (1x256x1152) @ (1152x128) input=uint8 ... done (8.6s)
    [osimulator] (1x1x8192) @ (8192x256) input=uint8 ... done (3.6s)
    [osimulator] (1x1x256) @ (256x10) input=uint8 ... done (0.0s)
  [Model 1 Phase4 v3 INT8 (变体 A) optic]  532/650 ( 81.8%) acc=97.93%  elapsed=24339s  ETA=5398s
    [osimulator] (1x4096x288) @ (288x32) input=uint8 ... done (16.6s)
    [osimulator] (1x1024x288) @ (288x64) input=uint8 ... done (4.3s)
    [osimulator] (1x1024x576) @ (576x64) input=uint8 ... done (6.3s)
    [osimulator] (1x256x576) @ (576x128) input=uint8 ... done (6.6s)
    [osimulator] (1x256x1152) @ (1152x128) input=uint8 ... done (8.6s)
    [osimulator] (1x1x8192) @ (8192x256) input=uint8 ... done (3.7s)
    [osimulator] (1x1x256) @ (256x10) input=uint8 ... done (0.0s)
  [Model 1 Phase4 v3 INT8 (变体 A) optic]  533/650 ( 82.0%) acc=97.94%  elapsed=24385s  ETA=5353s
    [osimulator] (1x4096x288) @ (288x32) input=uint8 ... done (17.5s)
    [osimulator] (1x1024x288) @ (288x64) input=uint8 ... done (4.3s)
    [osimulator] (1x1024x576) @ (576x64) input=uint8 ... done (6.2s)
    [osimulator] (1x256x576) @ (576x128) input=uint8 ... done (6.6s)
    [osimulator] (1x256x1152) @ (1152x128) input=uint8 ... done (8.6s)
    [osimulator] (1x1x8192) @ (8192x256) input=uint8 ... done (3.5s)
    [osimulator] (1x1x256) @ (256x10) input=uint8 ... done (0.0s)
  [Model 1 Phase4 v3 INT8 (变体 A) optic]  534/650 ( 82.2%) acc=97.94%  elapsed=24432s  ETA=5307s
    [osimulator] (1x4096x288) @ (288x32) input=uint8 ... done (12.6s)
    [osimulator] (1x1024x288) @ (288x64) input=uint8 ... done (4.4s)
    [osimulator] (1x1024x576) @ (576x64) input=uint8 ... done (6.3s)
    [osimulator] (1x256x576) @ (576x128) input=uint8 ... done (6.5s)
    [osimulator] (1x256x1152) @ (1152x128) input=uint8 ... done (8.6s)
    [osimulator] (1x1x8192) @ (8192x256) input=uint8 ... done (3.6s)
    [osimulator] (1x1x256) @ (256x10) input=uint8 ... done (0.0s)
  [Model 1 Phase4 v3 INT8 (变体 A) optic]  535/650 ( 82.3%) acc=97.94%  elapsed=24474s  ETA=5261s
    [osimulator] (1x4096x288) @ (288x32) input=uint8 ... done (13.8s)
    [osimulator] (1x1024x288) @ (288x64) input=uint8 ... done (4.3s)
    [osimulator] (1x1024x576) @ (576x64) input=uint8 ... done (6.3s)
    [osimulator] (1x256x576) @ (576x128) input=uint8 ... done (6.4s)
    [osimulator] (1x256x1152) @ (1152x128) input=uint8 ... done (8.5s)
    [osimulator] (1x1x8192) @ (8192x256) input=uint8 ... done (3.4s)
    [osimulator] (1x1x256) @ (256x10) input=uint8 ... done (0.0s)
  [Model 1 Phase4 v3 INT8 (变体 A) optic]  536/650 ( 82.5%) acc=97.95%  elapsed=24517s  ETA=5214s
    [osimulator] (1x4096x288) @ (288x32) input=uint8 ... done (16.6s)
    [osimulator] (1x1024x288) @ (288x64) input=uint8 ... done (4.2s)
    [osimulator] (1x1024x576) @ (576x64) input=uint8 ... done (6.3s)
    [osimulator] (1x256x576) @ (576x128) input=uint8 ... done (7.0s)
    [osimulator] (1x256x1152) @ (1152x128) input=uint8 ... done (8.6s)
    [osimulator] (1x1x8192) @ (8192x256) input=uint8 ... done (3.7s)
    [osimulator] (1x1x256) @ (256x10) input=uint8 ... done (0.0s)
  [Model 1 Phase4 v3 INT8 (变体 A) optic]  537/650 ( 82.6%) acc=97.95%  elapsed=24563s  ETA=5169s
    [osimulator] (1x4096x288) @ (288x32) input=uint8 ... done (13.1s)
    [osimulator] (1x1024x288) @ (288x64) input=uint8 ... done (4.3s)
    [osimulator] (1x1024x576) @ (576x64) input=uint8 ... done (6.2s)
    [osimulator] (1x256x576) @ (576x128) input=uint8 ... done (6.4s)
    [osimulator] (1x256x1152) @ (1152x128) input=uint8 ... done (8.4s)
    [osimulator] (1x1x8192) @ (8192x256) input=uint8 ... done (3.6s)
    [osimulator] (1x1x256) @ (256x10) input=uint8 ... done (0.0s)
  [Model 1 Phase4 v3 INT8 (变体 A) optic]  538/650 ( 82.8%) acc=97.96%  elapsed=24605s  ETA=5122s
    [osimulator] (1x4096x288) @ (288x32) input=uint8 ... done (19.0s)
    [osimulator] (1x1024x288) @ (288x64) input=uint8 ... done (4.3s)
    [osimulator] (1x1024x576) @ (576x64) input=uint8 ... done (6.2s)
    [osimulator] (1x256x576) @ (576x128) input=uint8 ... done (6.5s)
    [osimulator] (1x256x1152) @ (1152x128) input=uint8 ... done (8.5s)
    [osimulator] (1x1x8192) @ (8192x256) input=uint8 ... done (3.6s)
    [osimulator] (1x1x256) @ (256x10) input=uint8 ... done (0.0s)
  [Model 1 Phase4 v3 INT8 (变体 A) optic]  539/650 ( 82.9%) acc=97.96%  elapsed=24653s  ETA=5077s
    [osimulator] (1x4096x288) @ (288x32) input=uint8 ... done (15.1s)
    [osimulator] (1x1024x288) @ (288x64) input=uint8 ... done (4.2s)
    [osimulator] (1x1024x576) @ (576x64) input=uint8 ... done (6.4s)
    [osimulator] (1x256x576) @ (576x128) input=uint8 ... done (6.7s)
    [osimulator] (1x256x1152) @ (1152x128) input=uint8 ... done (8.4s)
    [osimulator] (1x1x8192) @ (8192x256) input=uint8 ... done (3.7s)
    [osimulator] (1x1x256) @ (256x10) input=uint8 ... done (0.0s)
  [Model 1 Phase4 v3 INT8 (变体 A) optic]  540/650 ( 83.1%) acc=97.96%  elapsed=24698s  ETA=5031s
    [osimulator] (1x4096x288) @ (288x32) input=uint8 ... done (18.9s)
    [osimulator] (1x1024x288) @ (288x64) input=uint8 ... done (4.4s)
    [osimulator] (1x1024x576) @ (576x64) input=uint8 ... done (6.3s)
    [osimulator] (1x256x576) @ (576x128) input=uint8 ... done (6.4s)
    [osimulator] (1x256x1152) @ (1152x128) input=uint8 ... done (8.6s)
    [osimulator] (1x1x8192) @ (8192x256) input=uint8 ... done (3.7s)
    [osimulator] (1x1x256) @ (256x10) input=uint8 ... done (0.0s)
  [Model 1 Phase4 v3 INT8 (变体 A) optic]  541/650 ( 83.2%) acc=97.97%  elapsed=24746s  ETA=4986s
    [osimulator] (1x4096x288) @ (288x32) input=uint8 ... done (13.9s)
    [osimulator] (1x1024x288) @ (288x64) input=uint8 ... done (4.3s)
    [osimulator] (1x1024x576) @ (576x64) input=uint8 ... done (6.2s)
    [osimulator] (1x256x576) @ (576x128) input=uint8 ... done (6.6s)
    [osimulator] (1x256x1152) @ (1152x128) input=uint8 ... done (8.6s)
    [osimulator] (1x1x8192) @ (8192x256) input=uint8 ... done (3.7s)
    [osimulator] (1x1x256) @ (256x10) input=uint8 ... done (0.0s)
  [Model 1 Phase4 v3 INT8 (变体 A) optic]  542/650 ( 83.4%) acc=97.97%  elapsed=24790s  ETA=4940s
    [osimulator] (1x4096x288) @ (288x32) input=uint8 ... done (13.8s)
    [osimulator] (1x1024x288) @ (288x64) input=uint8 ... done (4.3s)
    [osimulator] (1x1024x576) @ (576x64) input=uint8 ... done (6.3s)
    [osimulator] (1x256x576) @ (576x128) input=uint8 ... done (6.5s)
    [osimulator] (1x256x1152) @ (1152x128) input=uint8 ... done (8.7s)
    [osimulator] (1x1x8192) @ (8192x256) input=uint8 ... done (3.7s)
    [osimulator] (1x1x256) @ (256x10) input=uint8 ... done (0.0s)
  [Model 1 Phase4 v3 INT8 (变体 A) optic]  543/650 ( 83.5%) acc=97.97%  elapsed=24833s  ETA=4893s
    [osimulator] (1x4096x288) @ (288x32) input=uint8 ... done (18.8s)
    [osimulator] (1x1024x288) @ (288x64) input=uint8 ... done (4.2s)
    [osimulator] (1x1024x576) @ (576x64) input=uint8 ... done (6.3s)
    [osimulator] (1x256x576) @ (576x128) input=uint8 ... done (6.6s)
    [osimulator] (1x256x1152) @ (1152x128) input=uint8 ... done (8.7s)
    [osimulator] (1x1x8192) @ (8192x256) input=uint8 ... done (3.7s)
    [osimulator] (1x1x256) @ (256x10) input=uint8 ... done (0.0s)
  [Model 1 Phase4 v3 INT8 (变体 A) optic]  544/650 ( 83.7%) acc=97.98%  elapsed=24881s  ETA=4848s
    [osimulator] (1x4096x288) @ (288x32) input=uint8 ... done (15.1s)
    [osimulator] (1x1024x288) @ (288x64) input=uint8 ... done (4.3s)
    [osimulator] (1x1024x576) @ (576x64) input=uint8 ... done (6.3s)
    [osimulator] (1x256x576) @ (576x128) input=uint8 ... done (6.6s)
    [osimulator] (1x256x1152) @ (1152x128) input=uint8 ... done (8.7s)
    [osimulator] (1x1x8192) @ (8192x256) input=uint8 ... done (3.8s)
    [osimulator] (1x1x256) @ (256x10) input=uint8 ... done (0.0s)
  [Model 1 Phase4 v3 INT8 (变体 A) optic]  545/650 ( 83.8%) acc=97.98%  elapsed=24926s  ETA=4802s
    [osimulator] (1x4096x288) @ (288x32) input=uint8 ... done (15.8s)
    [osimulator] (1x1024x288) @ (288x64) input=uint8 ... done (4.3s)
    [osimulator] (1x1024x576) @ (576x64) input=uint8 ... done (6.3s)
    [osimulator] (1x256x576) @ (576x128) input=uint8 ... done (6.5s)
    [osimulator] (1x256x1152) @ (1152x128) input=uint8 ... done (8.5s)
    [osimulator] (1x1x8192) @ (8192x256) input=uint8 ... done (3.6s)
    [osimulator] (1x1x256) @ (256x10) input=uint8 ... done (0.0s)
  [Model 1 Phase4 v3 INT8 (变体 A) optic]  546/650 ( 84.0%) acc=97.99%  elapsed=24971s  ETA=4756s
    [osimulator] (1x4096x288) @ (288x32) input=uint8 ... done (17.9s)
    [osimulator] (1x1024x288) @ (288x64) input=uint8 ... done (4.4s)
    [osimulator] (1x1024x576) @ (576x64) input=uint8 ... done (6.3s)
    [osimulator] (1x256x576) @ (576x128) input=uint8 ... done (6.5s)
    [osimulator] (1x256x1152) @ (1152x128) input=uint8 ... done (8.6s)
    [osimulator] (1x1x8192) @ (8192x256) input=uint8 ... done (3.7s)
    [osimulator] (1x1x256) @ (256x10) input=uint8 ... done (0.0s)
  [Model 1 Phase4 v3 INT8 (变体 A) optic]  547/650 ( 84.2%) acc=97.99%  elapsed=25019s  ETA=4711s
    [osimulator] (1x4096x288) @ (288x32) input=uint8 ... done (15.5s)
    [osimulator] (1x1024x288) @ (288x64) input=uint8 ... done (4.4s)
    [osimulator] (1x1024x576) @ (576x64) input=uint8 ... done (6.3s)
    [osimulator] (1x256x576) @ (576x128) input=uint8 ... done (6.6s)
    [osimulator] (1x256x1152) @ (1152x128) input=uint8 ... done (8.7s)
    [osimulator] (1x1x8192) @ (8192x256) input=uint8 ... done (3.6s)
    [osimulator] (1x1x256) @ (256x10) input=uint8 ... done (0.0s)
  [Model 1 Phase4 v3 INT8 (变体 A) optic]  548/650 ( 84.3%) acc=97.99%  elapsed=25064s  ETA=4665s
    [osimulator] (1x4096x288) @ (288x32) input=uint8 ... done (14.5s)
    [osimulator] (1x1024x288) @ (288x64) input=uint8 ... done (4.4s)
    [osimulator] (1x1024x576) @ (576x64) input=uint8 ... done (6.6s)
    [osimulator] (1x256x576) @ (576x128) input=uint8 ... done (6.5s)
    [osimulator] (1x256x1152) @ (1152x128) input=uint8 ... done (8.6s)
    [osimulator] (1x1x8192) @ (8192x256) input=uint8 ... done (3.7s)
    [osimulator] (1x1x256) @ (256x10) input=uint8 ... done (0.0s)
  [Model 1 Phase4 v3 INT8 (变体 A) optic]  549/650 ( 84.5%) acc=98.00%  elapsed=25108s  ETA=4619s
    [osimulator] (1x4096x288) @ (288x32) input=uint8 ... done (15.0s)
    [osimulator] (1x1024x288) @ (288x64) input=uint8 ... done (4.3s)
    [osimulator] (1x1024x576) @ (576x64) input=uint8 ... done (6.5s)
    [osimulator] (1x256x576) @ (576x128) input=uint8 ... done (6.5s)
    [osimulator] (1x256x1152) @ (1152x128) input=uint8 ... done (8.5s)
    [osimulator] (1x1x8192) @ (8192x256) input=uint8 ... done (3.4s)
    [osimulator] (1x1x256) @ (256x10) input=uint8 ... done (0.0s)
  [Model 1 Phase4 v3 INT8 (变体 A) optic]  550/650 ( 84.6%) acc=98.00%  elapsed=25152s  ETA=4573s
    [osimulator] (1x4096x288) @ (288x32) input=uint8 ... done (17.7s)
    [osimulator] (1x1024x288) @ (288x64) input=uint8 ... done (4.3s)
    [osimulator] (1x1024x576) @ (576x64) input=uint8 ... done (6.4s)
    [osimulator] (1x256x576) @ (576x128) input=uint8 ... done (6.5s)
    [osimulator] (1x256x1152) @ (1152x128) input=uint8 ... done (8.5s)
    [osimulator] (1x1x8192) @ (8192x256) input=uint8 ... done (3.6s)
    [osimulator] (1x1x256) @ (256x10) input=uint8 ... done (0.0s)
  [Model 1 Phase4 v3 INT8 (变体 A) optic]  551/650 ( 84.8%) acc=98.00%  elapsed=25199s  ETA=4528s
    [osimulator] (1x4096x288) @ (288x32) input=uint8 ... done (15.0s)
    [osimulator] (1x1024x288) @ (288x64) input=uint8 ... done (4.3s)
    [osimulator] (1x1024x576) @ (576x64) input=uint8 ... done (6.3s)
    [osimulator] (1x256x576) @ (576x128) input=uint8 ... done (6.4s)
    [osimulator] (1x256x1152) @ (1152x128) input=uint8 ... done (8.5s)
    [osimulator] (1x1x8192) @ (8192x256) input=uint8 ... done (3.6s)
    [osimulator] (1x1x256) @ (256x10) input=uint8 ... done (0.0s)
  [Model 1 Phase4 v3 INT8 (变体 A) optic]  552/650 ( 84.9%) acc=98.01%  elapsed=25244s  ETA=4482s
    [osimulator] (1x4096x288) @ (288x32) input=uint8 ... done (17.0s)
    [osimulator] (1x1024x288) @ (288x64) input=uint8 ... done (4.3s)
    [osimulator] (1x1024x576) @ (576x64) input=uint8 ... done (6.2s)
    [osimulator] (1x256x576) @ (576x128) input=uint8 ... done (6.6s)
    [osimulator] (1x256x1152) @ (1152x128) input=uint8 ... done (8.6s)
    [osimulator] (1x1x8192) @ (8192x256) input=uint8 ... done (3.6s)
    [osimulator] (1x1x256) @ (256x10) input=uint8 ... done (0.0s)
  [Model 1 Phase4 v3 INT8 (变体 A) optic]  553/650 ( 85.1%) acc=98.01%  elapsed=25290s  ETA=4436s
    [osimulator] (1x4096x288) @ (288x32) input=uint8 ... done (14.1s)
    [osimulator] (1x1024x288) @ (288x64) input=uint8 ... done (4.3s)
    [osimulator] (1x1024x576) @ (576x64) input=uint8 ... done (6.2s)
    [osimulator] (1x256x576) @ (576x128) input=uint8 ... done (6.5s)
    [osimulator] (1x256x1152) @ (1152x128) input=uint8 ... done (8.5s)
    [osimulator] (1x1x8192) @ (8192x256) input=uint8 ... done (3.7s)
    [osimulator] (1x1x256) @ (256x10) input=uint8 ... done (0.0s)
  [Model 1 Phase4 v3 INT8 (变体 A) optic]  554/650 ( 85.2%) acc=98.01%  elapsed=25333s  ETA=4390s
    [osimulator] (1x4096x288) @ (288x32) input=uint8 ... done (17.7s)
    [osimulator] (1x1024x288) @ (288x64) input=uint8 ... done (4.3s)
    [osimulator] (1x1024x576) @ (576x64) input=uint8 ... done (6.3s)
    [osimulator] (1x256x576) @ (576x128) input=uint8 ... done (6.6s)
    [osimulator] (1x256x1152) @ (1152x128) input=uint8 ... done (8.6s)
    [osimulator] (1x1x8192) @ (8192x256) input=uint8 ... done (3.7s)
    [osimulator] (1x1x256) @ (256x10) input=uint8 ... done (0.0s)
  [Model 1 Phase4 v3 INT8 (变体 A) optic]  555/650 ( 85.4%) acc=98.02%  elapsed=25381s  ETA=4344s
    [osimulator] (1x4096x288) @ (288x32) input=uint8 ... done (15.5s)
    [osimulator] (1x1024x288) @ (288x64) input=uint8 ... done (4.3s)
    [osimulator] (1x1024x576) @ (576x64) input=uint8 ... done (6.3s)
    [osimulator] (1x256x576) @ (576x128) input=uint8 ... done (6.5s)
    [osimulator] (1x256x1152) @ (1152x128) input=uint8 ... done (8.5s)
    [osimulator] (1x1x8192) @ (8192x256) input=uint8 ... done (3.7s)
    [osimulator] (1x1x256) @ (256x10) input=uint8 ... done (0.0s)
  [Model 1 Phase4 v3 INT8 (变体 A) optic]  556/650 ( 85.5%) acc=98.02%  elapsed=25425s  ETA=4299s
    [osimulator] (1x4096x288) @ (288x32) input=uint8 ... done (17.5s)
    [osimulator] (1x1024x288) @ (288x64) input=uint8 ... done (4.3s)
    [osimulator] (1x1024x576) @ (576x64) input=uint8 ... done (6.3s)
    [osimulator] (1x256x576) @ (576x128) input=uint8 ... done (6.9s)
    [osimulator] (1x256x1152) @ (1152x128) input=uint8 ... done (8.6s)
    [osimulator] (1x1x8192) @ (8192x256) input=uint8 ... done (3.6s)
    [osimulator] (1x1x256) @ (256x10) input=uint8 ... done (0.0s)
  [Model 1 Phase4 v3 INT8 (变体 A) optic]  557/650 ( 85.7%) acc=98.03%  elapsed=25473s  ETA=4253s
    [osimulator] (1x4096x288) @ (288x32) input=uint8 ... done (14.8s)
    [osimulator] (1x1024x288) @ (288x64) input=uint8 ... done (4.4s)
    [osimulator] (1x1024x576) @ (576x64) input=uint8 ... done (6.6s)
    [osimulator] (1x256x576) @ (576x128) input=uint8 ... done (6.5s)
    [osimulator] (1x256x1152) @ (1152x128) input=uint8 ... done (8.5s)
    [osimulator] (1x1x8192) @ (8192x256) input=uint8 ... done (3.6s)
    [osimulator] (1x1x256) @ (256x10) input=uint8 ... done (0.0s)
  [Model 1 Phase4 v3 INT8 (变体 A) optic]  558/650 ( 85.8%) acc=98.03%  elapsed=25517s  ETA=4207s
    [osimulator] (1x4096x288) @ (288x32) input=uint8 ... done (16.1s)
    [osimulator] (1x1024x288) @ (288x64) input=uint8 ... done (4.3s)
    [osimulator] (1x1024x576) @ (576x64) input=uint8 ... done (6.4s)
    [osimulator] (1x256x576) @ (576x128) input=uint8 ... done (6.5s)
    [osimulator] (1x256x1152) @ (1152x128) input=uint8 ... done (8.6s)
    [osimulator] (1x1x8192) @ (8192x256) input=uint8 ... done (3.6s)
    [osimulator] (1x1x256) @ (256x10) input=uint8 ... done (0.0s)
  [Model 1 Phase4 v3 INT8 (变体 A) optic]  559/650 ( 86.0%) acc=98.03%  elapsed=25562s  ETA=4161s
    [osimulator] (1x4096x288) @ (288x32) input=uint8 ... done (12.0s)
    [osimulator] (1x1024x288) @ (288x64) input=uint8 ... done (4.3s)
    [osimulator] (1x1024x576) @ (576x64) input=uint8 ... done (6.5s)
    [osimulator] (1x256x576) @ (576x128) input=uint8 ... done (6.6s)
    [osimulator] (1x256x1152) @ (1152x128) input=uint8 ... done (8.6s)
    [osimulator] (1x1x8192) @ (8192x256) input=uint8 ... done (3.9s)
    [osimulator] (1x1x256) @ (256x10) input=uint8 ... done (0.0s)
  [Model 1 Phase4 v3 INT8 (变体 A) optic]  560/650 ( 86.2%) acc=98.04%  elapsed=25604s  ETA=4115s
    [osimulator] (1x4096x288) @ (288x32) input=uint8 ... done (12.9s)
    [osimulator] (1x1024x288) @ (288x64) input=uint8 ... done (4.3s)
    [osimulator] (1x1024x576) @ (576x64) input=uint8 ... done (6.4s)
    [osimulator] (1x256x576) @ (576x128) input=uint8 ... done (6.6s)
    [osimulator] (1x256x1152) @ (1152x128) input=uint8 ... done (8.6s)
    [osimulator] (1x1x8192) @ (8192x256) input=uint8 ... done (3.8s)
    [osimulator] (1x1x256) @ (256x10) input=uint8 ... done (0.0s)
  [Model 1 Phase4 v3 INT8 (变体 A) optic]  561/650 ( 86.3%) acc=98.04%  elapsed=25647s  ETA=4069s
    [osimulator] (1x4096x288) @ (288x32) input=uint8 ... done (15.3s)
    [osimulator] (1x1024x288) @ (288x64) input=uint8 ... done (4.4s)
    [osimulator] (1x1024x576) @ (576x64) input=uint8 ... done (6.5s)
    [osimulator] (1x256x576) @ (576x128) input=uint8 ... done (6.7s)
    [osimulator] (1x256x1152) @ (1152x128) input=uint8 ... done (8.6s)
    [osimulator] (1x1x8192) @ (8192x256) input=uint8 ... done (3.8s)
    [osimulator] (1x1x256) @ (256x10) input=uint8 ... done (0.0s)
  [Model 1 Phase4 v3 INT8 (变体 A) optic]  562/650 ( 86.5%) acc=98.04%  elapsed=25692s  ETA=4023s
    [osimulator] (1x4096x288) @ (288x32) input=uint8 ... done (13.9s)
    [osimulator] (1x1024x288) @ (288x64) input=uint8 ... done (4.3s)
    [osimulator] (1x1024x576) @ (576x64) input=uint8 ... done (6.2s)
    [osimulator] (1x256x576) @ (576x128) input=uint8 ... done (6.6s)
    [osimulator] (1x256x1152) @ (1152x128) input=uint8 ... done (8.9s)
    [osimulator] (1x1x8192) @ (8192x256) input=uint8 ... done (3.8s)
    [osimulator] (1x1x256) @ (256x10) input=uint8 ... done (0.0s)
  [Model 1 Phase4 v3 INT8 (变体 A) optic]  563/650 ( 86.6%) acc=98.05%  elapsed=25736s  ETA=3977s
    [osimulator] (1x4096x288) @ (288x32) input=uint8 ... done (17.8s)
    [osimulator] (1x1024x288) @ (288x64) input=uint8 ... done (4.4s)
    [osimulator] (1x1024x576) @ (576x64) input=uint8 ... done (6.3s)
    [osimulator] (1x256x576) @ (576x128) input=uint8 ... done (6.5s)
    [osimulator] (1x256x1152) @ (1152x128) input=uint8 ... done (8.6s)
    [osimulator] (1x1x8192) @ (8192x256) input=uint8 ... done (3.6s)
    [osimulator] (1x1x256) @ (256x10) input=uint8 ... done (0.0s)
  [Model 1 Phase4 v3 INT8 (变体 A) optic]  564/650 ( 86.8%) acc=98.05%  elapsed=25783s  ETA=3932s
    [osimulator] (1x4096x288) @ (288x32) input=uint8 ... done (15.0s)
    [osimulator] (1x1024x288) @ (288x64) input=uint8 ... done (4.4s)
    [osimulator] (1x1024x576) @ (576x64) input=uint8 ... done (6.3s)
    [osimulator] (1x256x576) @ (576x128) input=uint8 ... done (6.5s)
    [osimulator] (1x256x1152) @ (1152x128) input=uint8 ... done (8.7s)
    [osimulator] (1x1x8192) @ (8192x256) input=uint8 ... done (3.8s)
    [osimulator] (1x1x256) @ (256x10) input=uint8 ... done (0.0s)
  [Model 1 Phase4 v3 INT8 (变体 A) optic]  565/650 ( 86.9%) acc=98.05%  elapsed=25828s  ETA=3886s
    [osimulator] (1x4096x288) @ (288x32) input=uint8 ... done (13.5s)
    [osimulator] (1x1024x288) @ (288x64) input=uint8 ... done (4.3s)
    [osimulator] (1x1024x576) @ (576x64) input=uint8 ... done (6.3s)
    [osimulator] (1x256x576) @ (576x128) input=uint8 ... done (6.6s)
    [osimulator] (1x256x1152) @ (1152x128) input=uint8 ... done (8.5s)
    [osimulator] (1x1x8192) @ (8192x256) input=uint8 ... done (3.5s)
    [osimulator] (1x1x256) @ (256x10) input=uint8 ... done (0.0s)
  [Model 1 Phase4 v3 INT8 (变体 A) optic]  566/650 ( 87.1%) acc=98.06%  elapsed=25871s  ETA=3839s
    [osimulator] (1x4096x288) @ (288x32) input=uint8 ... done (15.1s)
    [osimulator] (1x1024x288) @ (288x64) input=uint8 ... done (4.3s)
    [osimulator] (1x1024x576) @ (576x64) input=uint8 ... done (6.3s)
    [osimulator] (1x256x576) @ (576x128) input=uint8 ... done (6.5s)
    [osimulator] (1x256x1152) @ (1152x128) input=uint8 ... done (8.6s)
    [osimulator] (1x1x8192) @ (8192x256) input=uint8 ... done (3.6s)
    [osimulator] (1x1x256) @ (256x10) input=uint8 ... done (0.0s)
  [Model 1 Phase4 v3 INT8 (变体 A) optic]  567/650 ( 87.2%) acc=98.06%  elapsed=25915s  ETA=3794s
    [osimulator] (1x4096x288) @ (288x32) input=uint8 ... done (14.8s)
    [osimulator] (1x1024x288) @ (288x64) input=uint8 ... done (4.3s)
    [osimulator] (1x1024x576) @ (576x64) input=uint8 ... done (6.4s)
    [osimulator] (1x256x576) @ (576x128) input=uint8 ... done (6.6s)
    [osimulator] (1x256x1152) @ (1152x128) input=uint8 ... done (8.4s)
    [osimulator] (1x1x8192) @ (8192x256) input=uint8 ... done (3.7s)
    [osimulator] (1x1x256) @ (256x10) input=uint8 ... done (0.0s)
  [Model 1 Phase4 v3 INT8 (变体 A) optic]  568/650 ( 87.4%) acc=98.06%  elapsed=25960s  ETA=3748s
    [osimulator] (1x4096x288) @ (288x32) input=uint8 ... done (16.4s)
    [osimulator] (1x1024x288) @ (288x64) input=uint8 ... done (4.4s)
    [osimulator] (1x1024x576) @ (576x64) input=uint8 ... done (6.3s)
    [osimulator] (1x256x576) @ (576x128) input=uint8 ... done (6.6s)
    [osimulator] (1x256x1152) @ (1152x128) input=uint8 ... done (8.6s)
    [osimulator] (1x1x8192) @ (8192x256) input=uint8 ... done (3.7s)
    [osimulator] (1x1x256) @ (256x10) input=uint8 ... done (0.0s)
  [Model 1 Phase4 v3 INT8 (变体 A) optic]  569/650 ( 87.5%) acc=98.07%  elapsed=26006s  ETA=3702s
    [osimulator] (1x4096x288) @ (288x32) input=uint8 ... done (13.5s)
    [osimulator] (1x1024x288) @ (288x64) input=uint8 ... done (4.3s)
    [osimulator] (1x1024x576) @ (576x64) input=uint8 ... done (6.5s)
    [osimulator] (1x256x576) @ (576x128) input=uint8 ... done (6.4s)
    [osimulator] (1x256x1152) @ (1152x128) input=uint8 ... done (8.6s)
    [osimulator] (1x1x8192) @ (8192x256) input=uint8 ... done (3.4s)
    [osimulator] (1x1x256) @ (256x10) input=uint8 ... done (0.0s)
  [Model 1 Phase4 v3 INT8 (变体 A) optic]  570/650 ( 87.7%) acc=98.07%  elapsed=26048s  ETA=3656s
    [osimulator] (1x4096x288) @ (288x32) input=uint8 ... done (15.4s)
    [osimulator] (1x1024x288) @ (288x64) input=uint8 ... done (4.3s)
    [osimulator] (1x1024x576) @ (576x64) input=uint8 ... done (6.4s)
    [osimulator] (1x256x576) @ (576x128) input=uint8 ... done (6.6s)
    [osimulator] (1x256x1152) @ (1152x128) input=uint8 ... done (8.5s)
    [osimulator] (1x1x8192) @ (8192x256) input=uint8 ... done (3.6s)
    [osimulator] (1x1x256) @ (256x10) input=uint8 ... done (0.0s)
  [Model 1 Phase4 v3 INT8 (变体 A) optic]  571/650 ( 87.8%) acc=98.07%  elapsed=26093s  ETA=3610s
    [osimulator] (1x4096x288) @ (288x32) input=uint8 ... done (18.9s)
    [osimulator] (1x1024x288) @ (288x64) input=uint8 ... done (4.3s)
    [osimulator] (1x1024x576) @ (576x64) input=uint8 ... done (6.3s)
    [osimulator] (1x256x576) @ (576x128) input=uint8 ... done (6.4s)
    [osimulator] (1x256x1152) @ (1152x128) input=uint8 ... done (8.7s)
    [osimulator] (1x1x8192) @ (8192x256) input=uint8 ... done (3.4s)
    [osimulator] (1x1x256) @ (256x10) input=uint8 ... done (0.0s)
  [Model 1 Phase4 v3 INT8 (变体 A) optic]  572/650 ( 88.0%) acc=98.08%  elapsed=26141s  ETA=3565s
    [osimulator] (1x4096x288) @ (288x32) input=uint8 ... done (14.9s)
    [osimulator] (1x1024x288) @ (288x64) input=uint8 ... done (4.3s)
    [osimulator] (1x1024x576) @ (576x64) input=uint8 ... done (6.3s)
    [osimulator] (1x256x576) @ (576x128) input=uint8 ... done (6.6s)
    [osimulator] (1x256x1152) @ (1152x128) input=uint8 ... done (8.6s)
    [osimulator] (1x1x8192) @ (8192x256) input=uint8 ... done (3.7s)
    [osimulator] (1x1x256) @ (256x10) input=uint8 ... done (0.0s)
  [Model 1 Phase4 v3 INT8 (变体 A) optic]  573/650 ( 88.2%) acc=98.08%  elapsed=26186s  ETA=3519s
    [osimulator] (1x4096x288) @ (288x32) input=uint8 ... done (14.9s)
    [osimulator] (1x1024x288) @ (288x64) input=uint8 ... done (4.3s)
    [osimulator] (1x1024x576) @ (576x64) input=uint8 ... done (6.3s)
    [osimulator] (1x256x576) @ (576x128) input=uint8 ... done (6.5s)
    [osimulator] (1x256x1152) @ (1152x128) input=uint8 ... done (8.7s)
    [osimulator] (1x1x8192) @ (8192x256) input=uint8 ... done (3.7s)
    [osimulator] (1x1x256) @ (256x10) input=uint8 ... done (0.0s)
  [Model 1 Phase4 v3 INT8 (变体 A) optic]  574/650 ( 88.3%) acc=98.08%  elapsed=26230s  ETA=3473s
    [osimulator] (1x4096x288) @ (288x32) input=uint8 ... done (14.8s)
    [osimulator] (1x1024x288) @ (288x64) input=uint8 ... done (4.3s)
    [osimulator] (1x1024x576) @ (576x64) input=uint8 ... done (6.3s)
    [osimulator] (1x256x576) @ (576x128) input=uint8 ... done (6.9s)
    [osimulator] (1x256x1152) @ (1152x128) input=uint8 ... done (8.7s)
    [osimulator] (1x1x8192) @ (8192x256) input=uint8 ... done (3.6s)
    [osimulator] (1x1x256) @ (256x10) input=uint8 ... done (0.0s)
  [Model 1 Phase4 v3 INT8 (变体 A) optic]  575/650 ( 88.5%) acc=98.09%  elapsed=26275s  ETA=3427s
    [osimulator] (1x4096x288) @ (288x32) input=uint8 ... done (17.0s)
    [osimulator] (1x1024x288) @ (288x64) input=uint8 ... done (4.3s)
    [osimulator] (1x1024x576) @ (576x64) input=uint8 ... done (6.2s)
    [osimulator] (1x256x576) @ (576x128) input=uint8 ... done (6.5s)
    [osimulator] (1x256x1152) @ (1152x128) input=uint8 ... done (8.6s)
    [osimulator] (1x1x8192) @ (8192x256) input=uint8 ... done (3.6s)
    [osimulator] (1x1x256) @ (256x10) input=uint8 ... done (0.0s)
  [Model 1 Phase4 v3 INT8 (变体 A) optic]  576/650 ( 88.6%) acc=98.09%  elapsed=26321s  ETA=3381s
    [osimulator] (1x4096x288) @ (288x32) input=uint8 ... done (15.8s)
    [osimulator] (1x1024x288) @ (288x64) input=uint8 ... done (4.3s)
    [osimulator] (1x1024x576) @ (576x64) input=uint8 ... done (6.3s)
    [osimulator] (1x256x576) @ (576x128) input=uint8 ... done (6.4s)
    [osimulator] (1x256x1152) @ (1152x128) input=uint8 ... done (8.6s)
    [osimulator] (1x1x8192) @ (8192x256) input=uint8 ... done (3.7s)
    [osimulator] (1x1x256) @ (256x10) input=uint8 ... done (0.0s)
  [Model 1 Phase4 v3 INT8 (变体 A) optic]  577/650 ( 88.8%) acc=98.09%  elapsed=26366s  ETA=3336s
    [osimulator] (1x4096x288) @ (288x32) input=uint8 ... done (8.2s)
    [osimulator] (1x1024x288) @ (288x64) input=uint8 ... done (4.4s)
    [osimulator] (1x1024x576) @ (576x64) input=uint8 ... done (6.6s)
    [osimulator] (1x256x576) @ (576x128) input=uint8 ... done (6.5s)
    [osimulator] (1x256x1152) @ (1152x128) input=uint8 ... done (8.6s)
    [osimulator] (1x1x8192) @ (8192x256) input=uint8 ... done (3.7s)
    [osimulator] (1x1x256) @ (256x10) input=uint8 ... done (0.0s)
  [Model 1 Phase4 v3 INT8 (变体 A) optic]  578/650 ( 88.9%) acc=98.10%  elapsed=26404s  ETA=3289s
    [osimulator] (1x4096x288) @ (288x32) input=uint8 ... done (15.2s)
    [osimulator] (1x1024x288) @ (288x64) input=uint8 ... done (4.3s)
    [osimulator] (1x1024x576) @ (576x64) input=uint8 ... done (6.2s)
    [osimulator] (1x256x576) @ (576x128) input=uint8 ... done (6.6s)
    [osimulator] (1x256x1152) @ (1152x128) input=uint8 ... done (8.7s)
    [osimulator] (1x1x8192) @ (8192x256) input=uint8 ... done (3.5s)
    [osimulator] (1x1x256) @ (256x10) input=uint8 ... done (0.0s)
  [Model 1 Phase4 v3 INT8 (变体 A) optic]  579/650 ( 89.1%) acc=98.10%  elapsed=26449s  ETA=3243s
    [osimulator] (1x4096x288) @ (288x32) input=uint8 ... done (18.8s)
    [osimulator] (1x1024x288) @ (288x64) input=uint8 ... done (4.3s)
    [osimulator] (1x1024x576) @ (576x64) input=uint8 ... done (6.4s)
    [osimulator] (1x256x576) @ (576x128) input=uint8 ... done (6.7s)
    [osimulator] (1x256x1152) @ (1152x128) input=uint8 ... done (8.6s)
    [osimulator] (1x1x8192) @ (8192x256) input=uint8 ... done (3.7s)
    [osimulator] (1x1x256) @ (256x10) input=uint8 ... done (0.0s)
  [Model 1 Phase4 v3 INT8 (变体 A) optic]  580/650 ( 89.2%) acc=98.10%  elapsed=26497s  ETA=3198s
    [osimulator] (1x4096x288) @ (288x32) input=uint8 ... done (18.6s)
    [osimulator] (1x1024x288) @ (288x64) input=uint8 ... done (4.4s)
    [osimulator] (1x1024x576) @ (576x64) input=uint8 ... done (6.3s)
    [osimulator] (1x256x576) @ (576x128) input=uint8 ... done (6.7s)
    [osimulator] (1x256x1152) @ (1152x128) input=uint8 ... done (8.8s)
    [osimulator] (1x1x8192) @ (8192x256) input=uint8 ... done (3.6s)
    [osimulator] (1x1x256) @ (256x10) input=uint8 ... done (0.0s)
  [Model 1 Phase4 v3 INT8 (变体 A) optic]  581/650 ( 89.4%) acc=98.11%  elapsed=26546s  ETA=3153s
    [osimulator] (1x4096x288) @ (288x32) input=uint8 ... done (16.4s)
    [osimulator] (1x1024x288) @ (288x64) input=uint8 ... done (4.4s)
    [osimulator] (1x1024x576) @ (576x64) input=uint8 ... done (6.3s)
    [osimulator] (1x256x576) @ (576x128) input=uint8 ... done (6.5s)
    [osimulator] (1x256x1152) @ (1152x128) input=uint8 ... done (8.6s)
    [osimulator] (1x1x8192) @ (8192x256) input=uint8 ... done (3.7s)
    [osimulator] (1x1x256) @ (256x10) input=uint8 ... done (0.0s)
  [Model 1 Phase4 v3 INT8 (变体 A) optic]  582/650 ( 89.5%) acc=98.11%  elapsed=26591s  ETA=3107s
    [osimulator] (1x4096x288) @ (288x32) input=uint8 ... done (18.5s)
    [osimulator] (1x1024x288) @ (288x64) input=uint8 ... done (4.3s)
    [osimulator] (1x1024x576) @ (576x64) input=uint8 ... done (6.5s)
    [osimulator] (1x256x576) @ (576x128) input=uint8 ... done (6.5s)
    [osimulator] (1x256x1152) @ (1152x128) input=uint8 ... done (8.5s)
    [osimulator] (1x1x8192) @ (8192x256) input=uint8 ... done (3.5s)
    [osimulator] (1x1x256) @ (256x10) input=uint8 ... done (0.0s)
  [Model 1 Phase4 v3 INT8 (变体 A) optic]  583/650 ( 89.7%) acc=98.11%  elapsed=26639s  ETA=3061s
    [osimulator] (1x4096x288) @ (288x32) input=uint8 ... done (19.0s)
    [osimulator] (1x1024x288) @ (288x64) input=uint8 ... done (4.3s)
    [osimulator] (1x1024x576) @ (576x64) input=uint8 ... done (6.3s)
    [osimulator] (1x256x576) @ (576x128) input=uint8 ... done (6.5s)
    [osimulator] (1x256x1152) @ (1152x128) input=uint8 ... done (8.6s)
    [osimulator] (1x1x8192) @ (8192x256) input=uint8 ... done (3.7s)
    [osimulator] (1x1x256) @ (256x10) input=uint8 ... done (0.0s)
  [Model 1 Phase4 v3 INT8 (变体 A) optic]  584/650 ( 89.8%) acc=98.12%  elapsed=26688s  ETA=3016s
    [osimulator] (1x4096x288) @ (288x32) input=uint8 ... done (15.2s)
    [osimulator] (1x1024x288) @ (288x64) input=uint8 ... done (4.3s)
    [osimulator] (1x1024x576) @ (576x64) input=uint8 ... done (6.3s)
    [osimulator] (1x256x576) @ (576x128) input=uint8 ... done (6.7s)
    [osimulator] (1x256x1152) @ (1152x128) input=uint8 ... done (8.5s)
    [osimulator] (1x1x8192) @ (8192x256) input=uint8 ... done (3.6s)
    [osimulator] (1x1x256) @ (256x10) input=uint8 ... done (0.0s)
  [Model 1 Phase4 v3 INT8 (变体 A) optic]  585/650 ( 90.0%) acc=98.12%  elapsed=26732s  ETA=2970s
    [osimulator] (1x4096x288) @ (288x32) input=uint8 ... done (15.9s)
    [osimulator] (1x1024x288) @ (288x64) input=uint8 ... done (4.4s)
    [osimulator] (1x1024x576) @ (576x64) input=uint8 ... done (6.3s)
    [osimulator] (1x256x576) @ (576x128) input=uint8 ... done (6.5s)
    [osimulator] (1x256x1152) @ (1152x128) input=uint8 ... done (8.8s)
    [osimulator] (1x1x8192) @ (8192x256) input=uint8 ... done (3.6s)
    [osimulator] (1x1x256) @ (256x10) input=uint8 ... done (0.0s)
  [Model 1 Phase4 v3 INT8 (变体 A) optic]  586/650 ( 90.2%) acc=98.12%  elapsed=26778s  ETA=2925s
    [osimulator] (1x4096x288) @ (288x32) input=uint8 ... done (16.5s)
    [osimulator] (1x1024x288) @ (288x64) input=uint8 ... done (4.3s)
    [osimulator] (1x1024x576) @ (576x64) input=uint8 ... done (6.5s)
    [osimulator] (1x256x576) @ (576x128) input=uint8 ... done (6.6s)
    [osimulator] (1x256x1152) @ (1152x128) input=uint8 ... done (8.7s)
    [osimulator] (1x1x8192) @ (8192x256) input=uint8 ... done (3.7s)
    [osimulator] (1x1x256) @ (256x10) input=uint8 ... done (0.0s)
  [Model 1 Phase4 v3 INT8 (变体 A) optic]  587/650 ( 90.3%) acc=98.13%  elapsed=26824s  ETA=2879s
    [osimulator] (1x4096x288) @ (288x32) input=uint8 ... done (17.8s)
    [osimulator] (1x1024x288) @ (288x64) input=uint8 ... done (4.3s)
    [osimulator] (1x1024x576) @ (576x64) input=uint8 ... done (6.5s)
    [osimulator] (1x256x576) @ (576x128) input=uint8 ... done (6.7s)
    [osimulator] (1x256x1152) @ (1152x128) input=uint8 ... done (8.7s)
    [osimulator] (1x1x8192) @ (8192x256) input=uint8 ... done (3.6s)
    [osimulator] (1x1x256) @ (256x10) input=uint8 ... done (0.0s)
  [Model 1 Phase4 v3 INT8 (变体 A) optic]  588/650 ( 90.5%) acc=98.13%  elapsed=26872s  ETA=2833s
    [osimulator] (1x4096x288) @ (288x32) input=uint8 ... done (18.8s)
    [osimulator] (1x1024x288) @ (288x64) input=uint8 ... done (4.3s)
    [osimulator] (1x1024x576) @ (576x64) input=uint8 ... done (6.3s)
    [osimulator] (1x256x576) @ (576x128) input=uint8 ... done (6.5s)
    [osimulator] (1x256x1152) @ (1152x128) input=uint8 ... done (8.6s)
    [osimulator] (1x1x8192) @ (8192x256) input=uint8 ... done (3.6s)
    [osimulator] (1x1x256) @ (256x10) input=uint8 ... done (0.0s)
  [Model 1 Phase4 v3 INT8 (变体 A) optic]  589/650 ( 90.6%) acc=97.96%  elapsed=26920s  ETA=2788s
    [osimulator] (1x4096x288) @ (288x32) input=uint8 ... done (15.4s)
    [osimulator] (1x1024x288) @ (288x64) input=uint8 ... done (4.3s)
    [osimulator] (1x1024x576) @ (576x64) input=uint8 ... done (6.6s)
    [osimulator] (1x256x576) @ (576x128) input=uint8 ... done (6.6s)
    [osimulator] (1x256x1152) @ (1152x128) input=uint8 ... done (8.5s)
    [osimulator] (1x1x8192) @ (8192x256) input=uint8 ... done (3.8s)
    [osimulator] (1x1x256) @ (256x10) input=uint8 ... done (0.0s)
  [Model 1 Phase4 v3 INT8 (变体 A) optic]  590/650 ( 90.8%) acc=97.97%  elapsed=26965s  ETA=2742s
    [osimulator] (1x4096x288) @ (288x32) input=uint8 ... done (15.2s)
    [osimulator] (1x1024x288) @ (288x64) input=uint8 ... done (4.3s)
    [osimulator] (1x1024x576) @ (576x64) input=uint8 ... done (6.2s)
    [osimulator] (1x256x576) @ (576x128) input=uint8 ... done (6.5s)
    [osimulator] (1x256x1152) @ (1152x128) input=uint8 ... done (8.6s)
    [osimulator] (1x1x8192) @ (8192x256) input=uint8 ... done (3.7s)
    [osimulator] (1x1x256) @ (256x10) input=uint8 ... done (0.0s)
  [Model 1 Phase4 v3 INT8 (变体 A) optic]  591/650 ( 90.9%) acc=97.97%  elapsed=27010s  ETA=2696s
    [osimulator] (1x4096x288) @ (288x32) input=uint8 ... done (12.9s)
    [osimulator] (1x1024x288) @ (288x64) input=uint8 ... done (4.3s)
    [osimulator] (1x1024x576) @ (576x64) input=uint8 ... done (6.2s)
    [osimulator] (1x256x576) @ (576x128) input=uint8 ... done (6.5s)
    [osimulator] (1x256x1152) @ (1152x128) input=uint8 ... done (8.6s)
    [osimulator] (1x1x8192) @ (8192x256) input=uint8 ... done (3.4s)
    [osimulator] (1x1x256) @ (256x10) input=uint8 ... done (0.0s)
  [Model 1 Phase4 v3 INT8 (变体 A) optic]  592/650 ( 91.1%) acc=97.97%  elapsed=27052s  ETA=2650s
    [osimulator] (1x4096x288) @ (288x32) input=uint8 ... done (18.9s)
    [osimulator] (1x1024x288) @ (288x64) input=uint8 ... done (4.4s)
    [osimulator] (1x1024x576) @ (576x64) input=uint8 ... done (6.4s)
    [osimulator] (1x256x576) @ (576x128) input=uint8 ... done (6.4s)
    [osimulator] (1x256x1152) @ (1152x128) input=uint8 ... done (8.7s)
    [osimulator] (1x1x8192) @ (8192x256) input=uint8 ... done (3.7s)
    [osimulator] (1x1x256) @ (256x10) input=uint8 ... done (0.0s)
  [Model 1 Phase4 v3 INT8 (变体 A) optic]  593/650 ( 91.2%) acc=97.98%  elapsed=27101s  ETA=2605s
    [osimulator] (1x4096x288) @ (288x32) input=uint8 ... done (15.9s)
    [osimulator] (1x1024x288) @ (288x64) input=uint8 ... done (4.3s)
    [osimulator] (1x1024x576) @ (576x64) input=uint8 ... done (6.3s)
    [osimulator] (1x256x576) @ (576x128) input=uint8 ... done (6.5s)
    [osimulator] (1x256x1152) @ (1152x128) input=uint8 ... done (8.5s)
    [osimulator] (1x1x8192) @ (8192x256) input=uint8 ... done (3.5s)
    [osimulator] (1x1x256) @ (256x10) input=uint8 ... done (0.0s)
  [Model 1 Phase4 v3 INT8 (变体 A) optic]  594/650 ( 91.4%) acc=97.98%  elapsed=27146s  ETA=2559s
    [osimulator] (1x4096x288) @ (288x32) input=uint8 ... done (17.7s)
    [osimulator] (1x1024x288) @ (288x64) input=uint8 ... done (4.3s)
    [osimulator] (1x1024x576) @ (576x64) input=uint8 ... done (6.2s)
    [osimulator] (1x256x576) @ (576x128) input=uint8 ... done (6.8s)
    [osimulator] (1x256x1152) @ (1152x128) input=uint8 ... done (8.5s)
    [osimulator] (1x1x8192) @ (8192x256) input=uint8 ... done (3.7s)
    [osimulator] (1x1x256) @ (256x10) input=uint8 ... done (0.0s)
  [Model 1 Phase4 v3 INT8 (变体 A) optic]  595/650 ( 91.5%) acc=97.98%  elapsed=27193s  ETA=2514s
    [osimulator] (1x4096x288) @ (288x32) input=uint8 ... done (10.8s)
    [osimulator] (1x1024x288) @ (288x64) input=uint8 ... done (4.4s)
    [osimulator] (1x1024x576) @ (576x64) input=uint8 ... done (6.3s)
    [osimulator] (1x256x576) @ (576x128) input=uint8 ... done (6.5s)
    [osimulator] (1x256x1152) @ (1152x128) input=uint8 ... done (8.5s)
    [osimulator] (1x1x8192) @ (8192x256) input=uint8 ... done (3.7s)
    [osimulator] (1x1x256) @ (256x10) input=uint8 ... done (0.0s)
  [Model 1 Phase4 v3 INT8 (变体 A) optic]  596/650 ( 91.7%) acc=97.99%  elapsed=27233s  ETA=2467s
    [osimulator] (1x4096x288) @ (288x32) input=uint8 ... done (16.8s)
    [osimulator] (1x1024x288) @ (288x64) input=uint8 ... done (4.3s)
    [osimulator] (1x1024x576) @ (576x64) input=uint8 ... done (6.3s)
    [osimulator] (1x256x576) @ (576x128) input=uint8 ... done (6.4s)
    [osimulator] (1x256x1152) @ (1152x128) input=uint8 ... done (8.7s)
    [osimulator] (1x1x8192) @ (8192x256) input=uint8 ... done (3.6s)
    [osimulator] (1x1x256) @ (256x10) input=uint8 ... done (0.0s)
  [Model 1 Phase4 v3 INT8 (变体 A) optic]  597/650 ( 91.8%) acc=97.99%  elapsed=27279s  ETA=2422s
    [osimulator] (1x4096x288) @ (288x32) input=uint8 ... done (19.0s)
    [osimulator] (1x1024x288) @ (288x64) input=uint8 ... done (4.3s)
    [osimulator] (1x1024x576) @ (576x64) input=uint8 ... done (6.3s)
    [osimulator] (1x256x576) @ (576x128) input=uint8 ... done (6.6s)
    [osimulator] (1x256x1152) @ (1152x128) input=uint8 ... done (8.5s)
    [osimulator] (1x1x8192) @ (8192x256) input=uint8 ... done (3.7s)
    [osimulator] (1x1x256) @ (256x10) input=uint8 ... done (0.0s)
  [Model 1 Phase4 v3 INT8 (变体 A) optic]  598/650 ( 92.0%) acc=97.99%  elapsed=27328s  ETA=2376s
    [osimulator] (1x4096x288) @ (288x32) input=uint8 ... done (18.2s)
    [osimulator] (1x1024x288) @ (288x64) input=uint8 ... done (4.4s)
    [osimulator] (1x1024x576) @ (576x64) input=uint8 ... done (6.3s)
    [osimulator] (1x256x576) @ (576x128) input=uint8 ... done (6.4s)
    [osimulator] (1x256x1152) @ (1152x128) input=uint8 ... done (8.7s)
    [osimulator] (1x1x8192) @ (8192x256) input=uint8 ... done (3.6s)
    [osimulator] (1x1x256) @ (256x10) input=uint8 ... done (0.0s)
  [Model 1 Phase4 v3 INT8 (变体 A) optic]  599/650 ( 92.2%) acc=98.00%  elapsed=27376s  ETA=2331s
    [osimulator] (1x4096x288) @ (288x32) input=uint8 ... done (18.8s)
    [osimulator] (1x1024x288) @ (288x64) input=uint8 ... done (4.3s)
    [osimulator] (1x1024x576) @ (576x64) input=uint8 ... done (6.5s)
    [osimulator] (1x256x576) @ (576x128) input=uint8 ... done (6.5s)
    [osimulator] (1x256x1152) @ (1152x128) input=uint8 ... done (8.6s)
    [osimulator] (1x1x8192) @ (8192x256) input=uint8 ... done (3.5s)
    [osimulator] (1x1x256) @ (256x10) input=uint8 ... done (0.0s)
  [Model 1 Phase4 v3 INT8 (变体 A) optic]  600/650 ( 92.3%) acc=98.00%  elapsed=27424s  ETA=2285s
    [osimulator] (1x4096x288) @ (288x32) input=uint8 ... done (19.4s)
    [osimulator] (1x1024x288) @ (288x64) input=uint8 ... done (4.3s)
    [osimulator] (1x1024x576) @ (576x64) input=uint8 ... done (6.5s)
    [osimulator] (1x256x576) @ (576x128) input=uint8 ... done (6.4s)
    [osimulator] (1x256x1152) @ (1152x128) input=uint8 ... done (8.5s)
    [osimulator] (1x1x8192) @ (8192x256) input=uint8 ... done (3.7s)
    [osimulator] (1x1x256) @ (256x10) input=uint8 ... done (0.0s)
  [Model 1 Phase4 v3 INT8 (变体 A) optic]  601/650 ( 92.5%) acc=98.00%  elapsed=27473s  ETA=2240s
    [osimulator] (1x4096x288) @ (288x32) input=uint8 ... done (17.9s)
    [osimulator] (1x1024x288) @ (288x64) input=uint8 ... done (4.3s)
    [osimulator] (1x1024x576) @ (576x64) input=uint8 ... done (6.2s)
    [osimulator] (1x256x576) @ (576x128) input=uint8 ... done (6.6s)
    [osimulator] (1x256x1152) @ (1152x128) input=uint8 ... done (8.6s)
    [osimulator] (1x1x8192) @ (8192x256) input=uint8 ... done (3.6s)
    [osimulator] (1x1x256) @ (256x10) input=uint8 ... done (0.0s)
  [Model 1 Phase4 v3 INT8 (变体 A) optic]  602/650 ( 92.6%) acc=98.01%  elapsed=27520s  ETA=2194s
    [osimulator] (1x4096x288) @ (288x32) input=uint8 ... done (14.4s)
    [osimulator] (1x1024x288) @ (288x64) input=uint8 ... done (4.3s)
    [osimulator] (1x1024x576) @ (576x64) input=uint8 ... done (6.4s)
    [osimulator] (1x256x576) @ (576x128) input=uint8 ... done (6.6s)
    [osimulator] (1x256x1152) @ (1152x128) input=uint8 ... done (8.7s)
    [osimulator] (1x1x8192) @ (8192x256) input=uint8 ... done (3.7s)
    [osimulator] (1x1x256) @ (256x10) input=uint8 ... done (0.0s)
  [Model 1 Phase4 v3 INT8 (变体 A) optic]  603/650 ( 92.8%) acc=98.01%  elapsed=27564s  ETA=2148s
    [osimulator] (1x4096x288) @ (288x32) input=uint8 ... done (16.4s)
    [osimulator] (1x1024x288) @ (288x64) input=uint8 ... done (4.3s)
    [osimulator] (1x1024x576) @ (576x64) input=uint8 ... done (6.3s)
    [osimulator] (1x256x576) @ (576x128) input=uint8 ... done (6.5s)
    [osimulator] (1x256x1152) @ (1152x128) input=uint8 ... done (8.6s)
    [osimulator] (1x1x8192) @ (8192x256) input=uint8 ... done (3.7s)
    [osimulator] (1x1x256) @ (256x10) input=uint8 ... done (0.0s)
  [Model 1 Phase4 v3 INT8 (变体 A) optic]  604/650 ( 92.9%) acc=98.01%  elapsed=27610s  ETA=2103s
    [osimulator] (1x4096x288) @ (288x32) input=uint8 ... done (13.3s)
    [osimulator] (1x1024x288) @ (288x64) input=uint8 ... done (4.3s)
    [osimulator] (1x1024x576) @ (576x64) input=uint8 ... done (6.4s)
    [osimulator] (1x256x576) @ (576x128) input=uint8 ... done (6.6s)
    [osimulator] (1x256x1152) @ (1152x128) input=uint8 ... done (8.7s)
    [osimulator] (1x1x8192) @ (8192x256) input=uint8 ... done (3.7s)
    [osimulator] (1x1x256) @ (256x10) input=uint8 ... done (0.0s)
  [Model 1 Phase4 v3 INT8 (变体 A) optic]  605/650 ( 93.1%) acc=98.02%  elapsed=27653s  ETA=2057s
    [osimulator] (1x4096x288) @ (288x32) input=uint8 ... done (13.6s)
    [osimulator] (1x1024x288) @ (288x64) input=uint8 ... done (4.3s)
    [osimulator] (1x1024x576) @ (576x64) input=uint8 ... done (6.4s)
    [osimulator] (1x256x576) @ (576x128) input=uint8 ... done (6.6s)
    [osimulator] (1x256x1152) @ (1152x128) input=uint8 ... done (8.6s)
    [osimulator] (1x1x8192) @ (8192x256) input=uint8 ... done (3.5s)
    [osimulator] (1x1x256) @ (256x10) input=uint8 ... done (0.0s)
  [Model 1 Phase4 v3 INT8 (变体 A) optic]  606/650 ( 93.2%) acc=98.02%  elapsed=27696s  ETA=2011s
    [osimulator] (1x4096x288) @ (288x32) input=uint8 ... done (17.8s)
    [osimulator] (1x1024x288) @ (288x64) input=uint8 ... done (4.3s)
    [osimulator] (1x1024x576) @ (576x64) input=uint8 ... done (6.2s)
    [osimulator] (1x256x576) @ (576x128) input=uint8 ... done (6.5s)
    [osimulator] (1x256x1152) @ (1152x128) input=uint8 ... done (8.6s)
    [osimulator] (1x1x8192) @ (8192x256) input=uint8 ... done (3.7s)
    [osimulator] (1x1x256) @ (256x10) input=uint8 ... done (0.0s)
  [Model 1 Phase4 v3 INT8 (变体 A) optic]  607/650 ( 93.4%) acc=98.02%  elapsed=27743s  ETA=1965s
    [osimulator] (1x4096x288) @ (288x32) input=uint8 ... done (18.7s)
    [osimulator] (1x1024x288) @ (288x64) input=uint8 ... done (4.3s)
    [osimulator] (1x1024x576) @ (576x64) input=uint8 ... done (6.2s)
    [osimulator] (1x256x576) @ (576x128) input=uint8 ... done (6.6s)
    [osimulator] (1x256x1152) @ (1152x128) input=uint8 ... done (8.7s)
    [osimulator] (1x1x8192) @ (8192x256) input=uint8 ... done (4.0s)
    [osimulator] (1x1x256) @ (256x10) input=uint8 ... done (0.0s)
  [Model 1 Phase4 v3 INT8 (变体 A) optic]  608/650 ( 93.5%) acc=98.03%  elapsed=27791s  ETA=1920s
    [osimulator] (1x4096x288) @ (288x32) input=uint8 ... done (18.7s)
    [osimulator] (1x1024x288) @ (288x64) input=uint8 ... done (4.4s)
    [osimulator] (1x1024x576) @ (576x64) input=uint8 ... done (6.2s)
    [osimulator] (1x256x576) @ (576x128) input=uint8 ... done (6.5s)
    [osimulator] (1x256x1152) @ (1152x128) input=uint8 ... done (8.5s)
    [osimulator] (1x1x8192) @ (8192x256) input=uint8 ... done (3.5s)
    [osimulator] (1x1x256) @ (256x10) input=uint8 ... done (0.0s)
  [Model 1 Phase4 v3 INT8 (变体 A) optic]  609/650 ( 93.7%) acc=98.03%  elapsed=27839s  ETA=1874s
    [osimulator] (1x4096x288) @ (288x32) input=uint8 ... done (14.5s)
    [osimulator] (1x1024x288) @ (288x64) input=uint8 ... done (4.3s)
    [osimulator] (1x1024x576) @ (576x64) input=uint8 ... done (6.4s)
    [osimulator] (1x256x576) @ (576x128) input=uint8 ... done (6.6s)
    [osimulator] (1x256x1152) @ (1152x128) input=uint8 ... done (8.5s)
    [osimulator] (1x1x8192) @ (8192x256) input=uint8 ... done (3.7s)
    [osimulator] (1x1x256) @ (256x10) input=uint8 ... done (0.0s)
  [Model 1 Phase4 v3 INT8 (变体 A) optic]  610/650 ( 93.8%) acc=98.03%  elapsed=27883s  ETA=1828s
    [osimulator] (1x4096x288) @ (288x32) input=uint8 ... done (14.2s)
    [osimulator] (1x1024x288) @ (288x64) input=uint8 ... done (4.3s)
    [osimulator] (1x1024x576) @ (576x64) input=uint8 ... done (6.2s)
    [osimulator] (1x256x576) @ (576x128) input=uint8 ... done (6.5s)
    [osimulator] (1x256x1152) @ (1152x128) input=uint8 ... done (8.5s)
    [osimulator] (1x1x8192) @ (8192x256) input=uint8 ... done (3.7s)
    [osimulator] (1x1x256) @ (256x10) input=uint8 ... done (0.0s)
  [Model 1 Phase4 v3 INT8 (变体 A) optic]  611/650 ( 94.0%) acc=98.04%  elapsed=27927s  ETA=1783s
    [osimulator] (1x4096x288) @ (288x32) input=uint8 ... done (15.0s)
    [osimulator] (1x1024x288) @ (288x64) input=uint8 ... done (4.4s)
    [osimulator] (1x1024x576) @ (576x64) input=uint8 ... done (6.2s)
    [osimulator] (1x256x576) @ (576x128) input=uint8 ... done (6.6s)
    [osimulator] (1x256x1152) @ (1152x128) input=uint8 ... done (8.6s)
    [osimulator] (1x1x8192) @ (8192x256) input=uint8 ... done (3.6s)
    [osimulator] (1x1x256) @ (256x10) input=uint8 ... done (0.0s)
  [Model 1 Phase4 v3 INT8 (变体 A) optic]  612/650 ( 94.2%) acc=98.04%  elapsed=27971s  ETA=1737s
    [osimulator] (1x4096x288) @ (288x32) input=uint8 ... done (17.7s)
    [osimulator] (1x1024x288) @ (288x64) input=uint8 ... done (4.3s)
    [osimulator] (1x1024x576) @ (576x64) input=uint8 ... done (6.2s)
    [osimulator] (1x256x576) @ (576x128) input=uint8 ... done (6.6s)
    [osimulator] (1x256x1152) @ (1152x128) input=uint8 ... done (8.6s)
    [osimulator] (1x1x8192) @ (8192x256) input=uint8 ... done (3.7s)
    [osimulator] (1x1x256) @ (256x10) input=uint8 ... done (0.0s)
  [Model 1 Phase4 v3 INT8 (变体 A) optic]  613/650 ( 94.3%) acc=98.04%  elapsed=28018s  ETA=1691s
    [osimulator] (1x4096x288) @ (288x32) input=uint8 ... done (14.7s)
    [osimulator] (1x1024x288) @ (288x64) input=uint8 ... done (4.3s)
    [osimulator] (1x1024x576) @ (576x64) input=uint8 ... done (6.3s)
    [osimulator] (1x256x576) @ (576x128) input=uint8 ... done (6.5s)
    [osimulator] (1x256x1152) @ (1152x128) input=uint8 ... done (8.6s)
    [osimulator] (1x1x8192) @ (8192x256) input=uint8 ... done (3.6s)
    [osimulator] (1x1x256) @ (256x10) input=uint8 ... done (0.0s)
  [Model 1 Phase4 v3 INT8 (变体 A) optic]  614/650 ( 94.5%) acc=98.05%  elapsed=28062s  ETA=1645s
    [osimulator] (1x4096x288) @ (288x32) input=uint8 ... done (14.4s)
    [osimulator] (1x1024x288) @ (288x64) input=uint8 ... done (4.3s)
    [osimulator] (1x1024x576) @ (576x64) input=uint8 ... done (6.2s)
    [osimulator] (1x256x576) @ (576x128) input=uint8 ... done (6.6s)
    [osimulator] (1x256x1152) @ (1152x128) input=uint8 ... done (8.6s)
    [osimulator] (1x1x8192) @ (8192x256) input=uint8 ... done (3.8s)
    [osimulator] (1x1x256) @ (256x10) input=uint8 ... done (0.0s)
  [Model 1 Phase4 v3 INT8 (变体 A) optic]  615/650 ( 94.6%) acc=98.05%  elapsed=28106s  ETA=1600s
    [osimulator] (1x4096x288) @ (288x32) input=uint8 ... done (15.0s)
    [osimulator] (1x1024x288) @ (288x64) input=uint8 ... done (4.4s)
    [osimulator] (1x1024x576) @ (576x64) input=uint8 ... done (6.5s)
    [osimulator] (1x256x576) @ (576x128) input=uint8 ... done (6.5s)
    [osimulator] (1x256x1152) @ (1152x128) input=uint8 ... done (8.7s)
    [osimulator] (1x1x8192) @ (8192x256) input=uint8 ... done (3.6s)
    [osimulator] (1x1x256) @ (256x10) input=uint8 ... done (0.0s)
  [Model 1 Phase4 v3 INT8 (变体 A) optic]  616/650 ( 94.8%) acc=98.05%  elapsed=28151s  ETA=1554s
    [osimulator] (1x4096x288) @ (288x32) input=uint8 ... done (13.2s)
    [osimulator] (1x1024x288) @ (288x64) input=uint8 ... done (4.3s)
    [osimulator] (1x1024x576) @ (576x64) input=uint8 ... done (6.3s)
    [osimulator] (1x256x576) @ (576x128) input=uint8 ... done (6.6s)
    [osimulator] (1x256x1152) @ (1152x128) input=uint8 ... done (8.5s)
    [osimulator] (1x1x8192) @ (8192x256) input=uint8 ... done (3.5s)
    [osimulator] (1x1x256) @ (256x10) input=uint8 ... done (0.0s)
  [Model 1 Phase4 v3 INT8 (变体 A) optic]  617/650 ( 94.9%) acc=98.06%  elapsed=28193s  ETA=1508s
    [osimulator] (1x4096x288) @ (288x32) input=uint8 ... done (15.8s)
    [osimulator] (1x1024x288) @ (288x64) input=uint8 ... done (4.4s)
    [osimulator] (1x1024x576) @ (576x64) input=uint8 ... done (6.3s)
    [osimulator] (1x256x576) @ (576x128) input=uint8 ... done (6.5s)
    [osimulator] (1x256x1152) @ (1152x128) input=uint8 ... done (8.7s)
    [osimulator] (1x1x8192) @ (8192x256) input=uint8 ... done (3.5s)
    [osimulator] (1x1x256) @ (256x10) input=uint8 ... done (0.0s)
  [Model 1 Phase4 v3 INT8 (变体 A) optic]  618/650 ( 95.1%) acc=98.06%  elapsed=28239s  ETA=1462s
    [osimulator] (1x4096x288) @ (288x32) input=uint8 ... done (13.2s)
    [osimulator] (1x1024x288) @ (288x64) input=uint8 ... done (4.3s)
    [osimulator] (1x1024x576) @ (576x64) input=uint8 ... done (6.3s)
    [osimulator] (1x256x576) @ (576x128) input=uint8 ... done (6.5s)
    [osimulator] (1x256x1152) @ (1152x128) input=uint8 ... done (8.6s)
    [osimulator] (1x1x8192) @ (8192x256) input=uint8 ... done (3.7s)
    [osimulator] (1x1x256) @ (256x10) input=uint8 ... done (0.0s)
  [Model 1 Phase4 v3 INT8 (变体 A) optic]  619/650 ( 95.2%) acc=98.06%  elapsed=28281s  ETA=1416s
    [osimulator] (1x4096x288) @ (288x32) input=uint8 ... done (14.6s)
    [osimulator] (1x1024x288) @ (288x64) input=uint8 ... done (4.4s)
    [osimulator] (1x1024x576) @ (576x64) input=uint8 ... done (6.4s)
    [osimulator] (1x256x576) @ (576x128) input=uint8 ... done (6.6s)
    [osimulator] (1x256x1152) @ (1152x128) input=uint8 ... done (8.6s)
    [osimulator] (1x1x8192) @ (8192x256) input=uint8 ... done (3.5s)
    [osimulator] (1x1x256) @ (256x10) input=uint8 ... done (0.0s)
  [Model 1 Phase4 v3 INT8 (变体 A) optic]  620/650 ( 95.4%) acc=98.06%  elapsed=28325s  ETA=1371s
    [osimulator] (1x4096x288) @ (288x32) input=uint8 ... done (13.9s)
    [osimulator] (1x1024x288) @ (288x64) input=uint8 ... done (4.4s)
    [osimulator] (1x1024x576) @ (576x64) input=uint8 ... done (6.3s)
    [osimulator] (1x256x576) @ (576x128) input=uint8 ... done (6.9s)
    [osimulator] (1x256x1152) @ (1152x128) input=uint8 ... done (8.6s)
    [osimulator] (1x1x8192) @ (8192x256) input=uint8 ... done (3.6s)
    [osimulator] (1x1x256) @ (256x10) input=uint8 ... done (0.0s)
  [Model 1 Phase4 v3 INT8 (变体 A) optic]  621/650 ( 95.5%) acc=98.07%  elapsed=28369s  ETA=1325s
    [osimulator] (1x4096x288) @ (288x32) input=uint8 ... done (13.7s)
    [osimulator] (1x1024x288) @ (288x64) input=uint8 ... done (4.3s)
    [osimulator] (1x1024x576) @ (576x64) input=uint8 ... done (6.4s)
    [osimulator] (1x256x576) @ (576x128) input=uint8 ... done (6.6s)
    [osimulator] (1x256x1152) @ (1152x128) input=uint8 ... done (8.8s)
    [osimulator] (1x1x8192) @ (8192x256) input=uint8 ... done (3.9s)
    [osimulator] (1x1x256) @ (256x10) input=uint8 ... done (0.0s)
  [Model 1 Phase4 v3 INT8 (变体 A) optic]  622/650 ( 95.7%) acc=98.07%  elapsed=28413s  ETA=1279s
    [osimulator] (1x4096x288) @ (288x32) input=uint8 ... done (17.7s)
    [osimulator] (1x1024x288) @ (288x64) input=uint8 ... done (4.3s)
    [osimulator] (1x1024x576) @ (576x64) input=uint8 ... done (6.4s)
    [osimulator] (1x256x576) @ (576x128) input=uint8 ... done (6.5s)
    [osimulator] (1x256x1152) @ (1152x128) input=uint8 ... done (8.5s)
    [osimulator] (1x1x8192) @ (8192x256) input=uint8 ... done (3.6s)
    [osimulator] (1x1x256) @ (256x10) input=uint8 ... done (0.0s)
  [Model 1 Phase4 v3 INT8 (变体 A) optic]  623/650 ( 95.8%) acc=98.07%  elapsed=28460s  ETA=1233s
    [osimulator] (1x4096x288) @ (288x32) input=uint8 ... done (14.2s)
    [osimulator] (1x1024x288) @ (288x64) input=uint8 ... done (4.3s)
    [osimulator] (1x1024x576) @ (576x64) input=uint8 ... done (6.3s)
    [osimulator] (1x256x576) @ (576x128) input=uint8 ... done (6.7s)
    [osimulator] (1x256x1152) @ (1152x128) input=uint8 ... done (9.0s)
    [osimulator] (1x1x8192) @ (8192x256) input=uint8 ... done (3.7s)
    [osimulator] (1x1x256) @ (256x10) input=uint8 ... done (0.0s)
  [Model 1 Phase4 v3 INT8 (变体 A) optic]  624/650 ( 96.0%) acc=98.08%  elapsed=28504s  ETA=1188s
    [osimulator] (1x4096x288) @ (288x32) input=uint8 ... done (14.3s)
    [osimulator] (1x1024x288) @ (288x64) input=uint8 ... done (4.2s)
    [osimulator] (1x1024x576) @ (576x64) input=uint8 ... done (6.2s)
    [osimulator] (1x256x576) @ (576x128) input=uint8 ... done (6.2s)
    [osimulator] (1x256x1152) @ (1152x128) input=uint8 ... done (8.4s)
    [osimulator] (1x1x8192) @ (8192x256) input=uint8 ... done (3.4s)
    [osimulator] (1x1x256) @ (256x10) input=uint8 ... done (0.0s)
  [Model 1 Phase4 v3 INT8 (变体 A) optic]  625/650 ( 96.2%) acc=98.08%  elapsed=28547s  ETA=1142s
    [osimulator] (1x4096x288) @ (288x32) input=uint8 ... done (16.7s)
    [osimulator] (1x1024x288) @ (288x64) input=uint8 ... done (4.3s)
    [osimulator] (1x1024x576) @ (576x64) input=uint8 ... done (6.1s)
    [osimulator] (1x256x576) @ (576x128) input=uint8 ... done (6.5s)
    [osimulator] (1x256x1152) @ (1152x128) input=uint8 ... done (8.5s)
    [osimulator] (1x1x8192) @ (8192x256) input=uint8 ... done (3.6s)
    [osimulator] (1x1x256) @ (256x10) input=uint8 ... done (0.0s)
  [Model 1 Phase4 v3 INT8 (变体 A) optic]  626/650 ( 96.3%) acc=98.08%  elapsed=28593s  ETA=1096s
    [osimulator] (1x4096x288) @ (288x32) input=uint8 ... done (13.0s)
    [osimulator] (1x1024x288) @ (288x64) input=uint8 ... done (6.2s)
    [osimulator] (1x1024x576) @ (576x64) input=uint8 ... done (8.5s)
    [osimulator] (1x256x576) @ (576x128) input=uint8 ... done (6.6s)
    [osimulator] (1x256x1152) @ (1152x128) input=uint8 ... done (8.4s)
    [osimulator] (1x1x8192) @ (8192x256) input=uint8 ... done (3.5s)
    [osimulator] (1x1x256) @ (256x10) input=uint8 ... done (0.0s)
  [Model 1 Phase4 v3 INT8 (变体 A) optic]  627/650 ( 96.5%) acc=98.09%  elapsed=28639s  ETA=1051s
    [osimulator] (1x4096x288) @ (288x32) input=uint8 ... done (14.4s)
    [osimulator] (1x1024x288) @ (288x64) input=uint8 ... done (4.3s)
    [osimulator] (1x1024x576) @ (576x64) input=uint8 ... done (6.3s)
    [osimulator] (1x256x576) @ (576x128) input=uint8 ... done (6.4s)
    [osimulator] (1x256x1152) @ (1152x128) input=uint8 ... done (8.4s)
    [osimulator] (1x1x8192) @ (8192x256) input=uint8 ... done (3.6s)
    [osimulator] (1x1x256) @ (256x10) input=uint8 ... done (0.0s)
  [Model 1 Phase4 v3 INT8 (变体 A) optic]  628/650 ( 96.6%) acc=98.09%  elapsed=28682s  ETA=1005s
    [osimulator] (1x4096x288) @ (288x32) input=uint8 ... done (14.6s)
    [osimulator] (1x1024x288) @ (288x64) input=uint8 ... done (4.3s)
    [osimulator] (1x1024x576) @ (576x64) input=uint8 ... done (6.2s)
    [osimulator] (1x256x576) @ (576x128) input=uint8 ... done (6.4s)
    [osimulator] (1x256x1152) @ (1152x128) input=uint8 ... done (8.5s)
    [osimulator] (1x1x8192) @ (8192x256) input=uint8 ... done (3.6s)
    [osimulator] (1x1x256) @ (256x10) input=uint8 ... done (0.0s)
  [Model 1 Phase4 v3 INT8 (变体 A) optic]  629/650 ( 96.8%) acc=98.09%  elapsed=28726s  ETA=959s
    [osimulator] (1x4096x288) @ (288x32) input=uint8 ... done (13.4s)
    [osimulator] (1x1024x288) @ (288x64) input=uint8 ... done (4.3s)
    [osimulator] (1x1024x576) @ (576x64) input=uint8 ... done (6.2s)
    [osimulator] (1x256x576) @ (576x128) input=uint8 ... done (6.4s)
    [osimulator] (1x256x1152) @ (1152x128) input=uint8 ... done (8.4s)
    [osimulator] (1x1x8192) @ (8192x256) input=uint8 ... done (3.6s)
    [osimulator] (1x1x256) @ (256x10) input=uint8 ... done (0.0s)
  [Model 1 Phase4 v3 INT8 (变体 A) optic]  630/650 ( 96.9%) acc=98.10%  elapsed=28769s  ETA=913s
    [osimulator] (1x4096x288) @ (288x32) input=uint8 ... done (18.4s)
    [osimulator] (1x1024x288) @ (288x64) input=uint8 ... done (4.2s)
    [osimulator] (1x1024x576) @ (576x64) input=uint8 ... done (6.2s)
    [osimulator] (1x256x576) @ (576x128) input=uint8 ... done (6.4s)
    [osimulator] (1x256x1152) @ (1152x128) input=uint8 ... done (8.6s)
    [osimulator] (1x1x8192) @ (8192x256) input=uint8 ... done (3.7s)
    [osimulator] (1x1x256) @ (256x10) input=uint8 ... done (0.0s)
  [Model 1 Phase4 v3 INT8 (变体 A) optic]  631/650 ( 97.1%) acc=98.10%  elapsed=28816s  ETA=868s
    [osimulator] (1x4096x288) @ (288x32) input=uint8 ... done (18.9s)
    [osimulator] (1x1024x288) @ (288x64) input=uint8 ... done (4.3s)
    [osimulator] (1x1024x576) @ (576x64) input=uint8 ... done (6.1s)
    [osimulator] (1x256x576) @ (576x128) input=uint8 ... done (6.3s)
    [osimulator] (1x256x1152) @ (1152x128) input=uint8 ... done (8.4s)
    [osimulator] (1x1x8192) @ (8192x256) input=uint8 ... done (3.7s)
    [osimulator] (1x1x256) @ (256x10) input=uint8 ... done (0.0s)
  [Model 1 Phase4 v3 INT8 (变体 A) optic]  632/650 ( 97.2%) acc=98.10%  elapsed=28864s  ETA=822s
    [osimulator] (1x4096x288) @ (288x32) input=uint8 ... done (12.7s)
    [osimulator] (1x1024x288) @ (288x64) input=uint8 ... done (4.2s)
    [osimulator] (1x1024x576) @ (576x64) input=uint8 ... done (6.3s)
    [osimulator] (1x256x576) @ (576x128) input=uint8 ... done (6.4s)
    [osimulator] (1x256x1152) @ (1152x128) input=uint8 ... done (8.3s)
    [osimulator] (1x1x8192) @ (8192x256) input=uint8 ... done (3.5s)
    [osimulator] (1x1x256) @ (256x10) input=uint8 ... done (0.0s)
  [Model 1 Phase4 v3 INT8 (变体 A) optic]  633/650 ( 97.4%) acc=98.10%  elapsed=28905s  ETA=776s
    [osimulator] (1x4096x288) @ (288x32) input=uint8 ... done (14.1s)
    [osimulator] (1x1024x288) @ (288x64) input=uint8 ... done (4.3s)
    [osimulator] (1x1024x576) @ (576x64) input=uint8 ... done (6.2s)
    [osimulator] (1x256x576) @ (576x128) input=uint8 ... done (6.6s)
    [osimulator] (1x256x1152) @ (1152x128) input=uint8 ... done (8.4s)
    [osimulator] (1x1x8192) @ (8192x256) input=uint8 ... done (3.5s)
    [osimulator] (1x1x256) @ (256x10) input=uint8 ... done (0.0s)
  [Model 1 Phase4 v3 INT8 (变体 A) optic]  634/650 ( 97.5%) acc=98.11%  elapsed=28948s  ETA=731s
    [osimulator] (1x4096x288) @ (288x32) input=uint8 ... done (13.6s)
    [osimulator] (1x1024x288) @ (288x64) input=uint8 ... done (4.3s)
    [osimulator] (1x1024x576) @ (576x64) input=uint8 ... done (6.2s)
    [osimulator] (1x256x576) @ (576x128) input=uint8 ... done (6.5s)
    [osimulator] (1x256x1152) @ (1152x128) input=uint8 ... done (8.4s)
    [osimulator] (1x1x8192) @ (8192x256) input=uint8 ... done (3.7s)
    [osimulator] (1x1x256) @ (256x10) input=uint8 ... done (0.0s)
  [Model 1 Phase4 v3 INT8 (变体 A) optic]  635/650 ( 97.7%) acc=98.11%  elapsed=28991s  ETA=685s
    [osimulator] (1x4096x288) @ (288x32) input=uint8 ... done (17.8s)
    [osimulator] (1x1024x288) @ (288x64) input=uint8 ... done (4.3s)
    [osimulator] (1x1024x576) @ (576x64) input=uint8 ... done (6.1s)
    [osimulator] (1x256x576) @ (576x128) input=uint8 ... done (6.3s)
    [osimulator] (1x256x1152) @ (1152x128) input=uint8 ... done (8.6s)
    [osimulator] (1x1x8192) @ (8192x256) input=uint8 ... done (3.6s)
    [osimulator] (1x1x256) @ (256x10) input=uint8 ... done (0.0s)
  [Model 1 Phase4 v3 INT8 (变体 A) optic]  636/650 ( 97.8%) acc=98.11%  elapsed=29038s  ETA=639s
    [osimulator] (1x4096x288) @ (288x32) input=uint8 ... done (16.2s)
    [osimulator] (1x1024x288) @ (288x64) input=uint8 ... done (4.2s)
    [osimulator] (1x1024x576) @ (576x64) input=uint8 ... done (6.3s)
    [osimulator] (1x256x576) @ (576x128) input=uint8 ... done (6.3s)
    [osimulator] (1x256x1152) @ (1152x128) input=uint8 ... done (8.4s)
    [osimulator] (1x1x8192) @ (8192x256) input=uint8 ... done (3.6s)
    [osimulator] (1x1x256) @ (256x10) input=uint8 ... done (0.0s)
  [Model 1 Phase4 v3 INT8 (变体 A) optic]  637/650 ( 98.0%) acc=98.12%  elapsed=29083s  ETA=594s
    [osimulator] (1x4096x288) @ (288x32) input=uint8 ... done (15.6s)
    [osimulator] (1x1024x288) @ (288x64) input=uint8 ... done (4.3s)
    [osimulator] (1x1024x576) @ (576x64) input=uint8 ... done (6.3s)
    [osimulator] (1x256x576) @ (576x128) input=uint8 ... done (6.4s)
    [osimulator] (1x256x1152) @ (1152x128) input=uint8 ... done (8.5s)
    [osimulator] (1x1x8192) @ (8192x256) input=uint8 ... done (3.8s)
    [osimulator] (1x1x256) @ (256x10) input=uint8 ... done (0.0s)
  [Model 1 Phase4 v3 INT8 (变体 A) optic]  638/650 ( 98.2%) acc=98.12%  elapsed=29128s  ETA=548s
    [osimulator] (1x4096x288) @ (288x32) input=uint8 ... done (15.5s)
    [osimulator] (1x1024x288) @ (288x64) input=uint8 ... done (4.2s)
    [osimulator] (1x1024x576) @ (576x64) input=uint8 ... done (6.1s)
    [osimulator] (1x256x576) @ (576x128) input=uint8 ... done (6.4s)
    [osimulator] (1x256x1152) @ (1152x128) input=uint8 ... done (8.4s)
    [osimulator] (1x1x8192) @ (8192x256) input=uint8 ... done (3.5s)
    [osimulator] (1x1x256) @ (256x10) input=uint8 ... done (0.0s)
  [Model 1 Phase4 v3 INT8 (变体 A) optic]  639/650 ( 98.3%) acc=98.12%  elapsed=29172s  ETA=502s
    [osimulator] (1x4096x288) @ (288x32) input=uint8 ... done (13.7s)
    [osimulator] (1x1024x288) @ (288x64) input=uint8 ... done (4.2s)
    [osimulator] (1x1024x576) @ (576x64) input=uint8 ... done (6.2s)
    [osimulator] (1x256x576) @ (576x128) input=uint8 ... done (6.8s)
    [osimulator] (1x256x1152) @ (1152x128) input=uint8 ... done (8.3s)
    [osimulator] (1x1x8192) @ (8192x256) input=uint8 ... done (3.7s)
    [osimulator] (1x1x256) @ (256x10) input=uint8 ... done (0.0s)
  [Model 1 Phase4 v3 INT8 (变体 A) optic]  640/650 ( 98.5%) acc=98.12%  elapsed=29215s  ETA=456s
    [osimulator] (1x4096x288) @ (288x32) input=uint8 ... done (14.4s)
    [osimulator] (1x1024x288) @ (288x64) input=uint8 ... done (4.2s)
    [osimulator] (1x1024x576) @ (576x64) input=uint8 ... done (6.2s)
    [osimulator] (1x256x576) @ (576x128) input=uint8 ... done (6.6s)
    [osimulator] (1x256x1152) @ (1152x128) input=uint8 ... done (8.3s)
    [osimulator] (1x1x8192) @ (8192x256) input=uint8 ... done (3.7s)
    [osimulator] (1x1x256) @ (256x10) input=uint8 ... done (0.0s)
  [Model 1 Phase4 v3 INT8 (变体 A) optic]  641/650 ( 98.6%) acc=98.13%  elapsed=29258s  ETA=411s
    [osimulator] (1x4096x288) @ (288x32) input=uint8 ... done (13.5s)
    [osimulator] (1x1024x288) @ (288x64) input=uint8 ... done (4.2s)
    [osimulator] (1x1024x576) @ (576x64) input=uint8 ... done (6.2s)
    [osimulator] (1x256x576) @ (576x128) input=uint8 ... done (6.4s)
    [osimulator] (1x256x1152) @ (1152x128) input=uint8 ... done (8.3s)
    [osimulator] (1x1x8192) @ (8192x256) input=uint8 ... done (3.6s)
    [osimulator] (1x1x256) @ (256x10) input=uint8 ... done (0.0s)
  [Model 1 Phase4 v3 INT8 (变体 A) optic]  642/650 ( 98.8%) acc=98.13%  elapsed=29300s  ETA=365s
    [osimulator] (1x4096x288) @ (288x32) input=uint8 ... done (16.3s)
    [osimulator] (1x1024x288) @ (288x64) input=uint8 ... done (4.1s)
    [osimulator] (1x1024x576) @ (576x64) input=uint8 ... done (6.2s)
    [osimulator] (1x256x576) @ (576x128) input=uint8 ... done (6.2s)
    [osimulator] (1x256x1152) @ (1152x128) input=uint8 ... done (8.6s)
    [osimulator] (1x1x8192) @ (8192x256) input=uint8 ... done (3.4s)
    [osimulator] (1x1x256) @ (256x10) input=uint8 ... done (0.0s)
  [Model 1 Phase4 v3 INT8 (变体 A) optic]  643/650 ( 98.9%) acc=98.13%  elapsed=29345s  ETA=319s
    [osimulator] (1x4096x288) @ (288x32) input=uint8 ... done (12.7s)
    [osimulator] (1x1024x288) @ (288x64) input=uint8 ... done (4.2s)
    [osimulator] (1x1024x576) @ (576x64) input=uint8 ... done (6.1s)
    [osimulator] (1x256x576) @ (576x128) input=uint8 ... done (6.4s)
    [osimulator] (1x256x1152) @ (1152x128) input=uint8 ... done (8.3s)
    [osimulator] (1x1x8192) @ (8192x256) input=uint8 ... done (3.4s)
    [osimulator] (1x1x256) @ (256x10) input=uint8 ... done (0.0s)
  [Model 1 Phase4 v3 INT8 (变体 A) optic]  644/650 ( 99.1%) acc=98.14%  elapsed=29386s  ETA=274s
    [osimulator] (1x4096x288) @ (288x32) input=uint8 ... done (11.8s)
    [osimulator] (1x1024x288) @ (288x64) input=uint8 ... done (4.2s)
    [osimulator] (1x1024x576) @ (576x64) input=uint8 ... done (6.1s)
    [osimulator] (1x256x576) @ (576x128) input=uint8 ... done (6.2s)
    [osimulator] (1x256x1152) @ (1152x128) input=uint8 ... done (8.5s)
    [osimulator] (1x1x8192) @ (8192x256) input=uint8 ... done (3.4s)
    [osimulator] (1x1x256) @ (256x10) input=uint8 ... done (0.0s)
  [Model 1 Phase4 v3 INT8 (变体 A) optic]  645/650 ( 99.2%) acc=98.14%  elapsed=29427s  ETA=228s
    [osimulator] (1x4096x288) @ (288x32) input=uint8 ... done (13.2s)
    [osimulator] (1x1024x288) @ (288x64) input=uint8 ... done (4.2s)
    [osimulator] (1x1024x576) @ (576x64) input=uint8 ... done (6.1s)
    [osimulator] (1x256x576) @ (576x128) input=uint8 ... done (6.7s)
    [osimulator] (1x256x1152) @ (1152x128) input=uint8 ... done (8.4s)
    [osimulator] (1x1x8192) @ (8192x256) input=uint8 ... done (3.5s)
    [osimulator] (1x1x256) @ (256x10) input=uint8 ... done (0.0s)
  [Model 1 Phase4 v3 INT8 (变体 A) optic]  646/650 ( 99.4%) acc=98.14%  elapsed=29469s  ETA=182s
    [osimulator] (1x4096x288) @ (288x32) input=uint8 ... done (17.1s)
    [osimulator] (1x1024x288) @ (288x64) input=uint8 ... done (4.2s)
    [osimulator] (1x1024x576) @ (576x64) input=uint8 ... done (6.3s)
    [osimulator] (1x256x576) @ (576x128) input=uint8 ... done (6.3s)
    [osimulator] (1x256x1152) @ (1152x128) input=uint8 ... done (8.4s)
    [osimulator] (1x1x8192) @ (8192x256) input=uint8 ... done (3.5s)
    [osimulator] (1x1x256) @ (256x10) input=uint8 ... done (0.0s)
  [Model 1 Phase4 v3 INT8 (变体 A) optic]  647/650 ( 99.5%) acc=98.15%  elapsed=29515s  ETA=137s
    [osimulator] (1x4096x288) @ (288x32) input=uint8 ... done (15.0s)
    [osimulator] (1x1024x288) @ (288x64) input=uint8 ... done (4.2s)
    [osimulator] (1x1024x576) @ (576x64) input=uint8 ... done (6.2s)
    [osimulator] (1x256x576) @ (576x128) input=uint8 ... done (6.3s)
    [osimulator] (1x256x1152) @ (1152x128) input=uint8 ... done (8.4s)
    [osimulator] (1x1x8192) @ (8192x256) input=uint8 ... done (3.7s)
    [osimulator] (1x1x256) @ (256x10) input=uint8 ... done (0.0s)
  [Model 1 Phase4 v3 INT8 (变体 A) optic]  648/650 ( 99.7%) acc=98.15%  elapsed=29558s  ETA=91s
    [osimulator] (1x4096x288) @ (288x32) input=uint8 ... done (8.1s)
    [osimulator] (1x1024x288) @ (288x64) input=uint8 ... done (4.2s)
    [osimulator] (1x1024x576) @ (576x64) input=uint8 ... done (6.1s)
    [osimulator] (1x256x576) @ (576x128) input=uint8 ... done (6.3s)
    [osimulator] (1x256x1152) @ (1152x128) input=uint8 ... done (8.4s)
    [osimulator] (1x1x8192) @ (8192x256) input=uint8 ... done (3.5s)
    [osimulator] (1x1x256) @ (256x10) input=uint8 ... done (0.0s)
  [Model 1 Phase4 v3 INT8 (变体 A) optic]  649/650 ( 99.8%) acc=98.15%  elapsed=29595s  ETA=46s
    [osimulator] (1x4096x288) @ (288x32) input=uint8 ... done (14.6s)
    [osimulator] (1x1024x288) @ (288x64) input=uint8 ... done (4.2s)
    [osimulator] (1x1024x576) @ (576x64) input=uint8 ... done (6.1s)
    [osimulator] (1x256x576) @ (576x128) input=uint8 ... done (6.4s)
    [osimulator] (1x256x1152) @ (1152x128) input=uint8 ... done (8.5s)
    [osimulator] (1x1x8192) @ (8192x256) input=uint8 ... done (3.7s)
    [osimulator] (1x1x256) @ (256x10) input=uint8 ... done (0.0s)
  [Model 1 Phase4 v3 INT8 (变体 A) optic]  650/650 (100.0%) acc=98.15%  elapsed=29639s  ETA=0s
  [Model 1 Phase4 v3 INT8 (变体 A) optic] DONE — 650 batches, acc=98.15%, total=29639s
  Optical Accuracy: 98.15%  Time: 29638.9s

--- Optical Engine Statistics ---
  [OpticalEngine 统计] 调用: 4550, 总耗时: 29636.411s, 总运算量: 9.95e+10 MACs

====================================================================================================
  Model 1 INT8 (变体 A) — Container Verification Report
====================================================================================================
  Optic osimulator: 98.15%  |  Time: 29639s
  参考: FP32 基准 97.17% | int4 Mixed 98.26% | int4 STE 96.46%


==============================================================================================================
  Model 1 INT8 光计算 MOPs 统计 — Baseline VGG Phase4 v3 (变体 A)
  Gazelle 硬件: 8×2 tile, 8a8w12o | 电计算层 (FP32): ['conv1_1']
==============================================================================================================

  Layer      Type    C_in C_out Kernel      Input    ConvOut   Pool  Patch Padded   Align    RawMOPs    OptMOPs   ElecMOPs      Compute
  ------------------------------------------------------------------------------------------------------------------------
  conv1_1    Conv       3    32    3x3      64x64      64x64   None     27     32  84.4%    3.5389M    0.0000M    3.5389M [Electronic]
  conv1_2    Conv      32    32    3x3      64x64      64x64 Max2x2    288    288 100.0%   37.7487M   37.7487M    0.0000M [Optical]   
  conv2_1    Conv      32    64    3x3      32x32      32x32   None    288    288 100.0%   18.8744M   18.8744M    0.0000M [Optical]   
  conv2_2    Conv      64    64    3x3      32x32      32x32 Max2x2    576    576 100.0%   37.7487M   37.7487M    0.0000M [Optical]   
  conv3_1    Conv      64   128    3x3      16x16      16x16   None    576    576 100.0%   18.8744M   18.8744M    0.0000M [Optical]   
  conv3_2    Conv     128   128    3x3      16x16      16x16 Max2x2   1152   1152 100.0%   37.7487M   37.7487M    0.0000M [Optical]   
  fc1        Linear  8192   256      -          -          -   None   8192   8192 100.0%    2.0972M    2.0972M    0.0000M [Optical]   
  fc2        Linear   256    10      -          -          -   None    256    256 100.0%    0.0026M    0.0026M    0.0000M [Optical]   
  ------------------------------------------------------------------------------------------------------------------------
  Total                                                                                    156.6336M  153.0947M    3.5389M

  ------------------------------------------------------------
  [MOPs] 光计算占比汇总 (变体 A)
  ------------------------------------------------------------
  总原始 MOPs:           156.6336 M
  光计算 MOPs (有效):    153.0947 M
  电子计算 MOPs:         3.5389 M
  总有效 MOPs:           156.6336 M
  -------------------------------------
  ** 光计算占比:         97.74%  ([OK] 达标 (≥50%))
  光计算补零浪费:        0 (光计算层均对齐 8 的倍数) [OK]
==============================================================================================================
====================================================================================================
