Device: cpu
============================================================
  Optic-SpaceNet INT8: In-Container Optical Inference
  Model:  SpaceNet V1 Phase4 v3 (INT8, Gazelle-optimized)
  Weight: spacenet_v1_phase4_v3_int8.pth
  Mode:   Optic (osimulator, in-container)
  Batch:  1, quick=500
============================================================

--- Loading Independent Test Set ---
Full dataset: 27000 imgs
Test (now): 5400 imgs | split=eurosat_split (test∩train=0)
Classes: ['AnnualCrop', 'Forest', 'HerbaceousVegetation', 'Highway', 'Industrial', 'Pasture', 'PermanentCrop', 'Residential', 'River', 'SeaLake']

[Mode: Optic] Initializing Optical Engine (osimulator) in container...
[optic_layers] [OK] Real optical simulator loaded (osimulator)
wght_mapping_factor:  64
input_mapping_factor:  85
wght_mapping_factor:  64
input_mapping_factor:  64
wght_mapping_factor:  16
input_mapping_factor:  17
wght_mapping_factor:  16
input_mapping_factor:  16
wght_mapping_factor:  1
input_mapping_factor:  1
wght_mapping_factor:  1
input_mapping_factor:  1
[OpticalEngine] Using real optical simulator

============================================================
  Model 2 Phase4 v3 INT8  [Optic mode: osimulator]
============================================================

  [1/3] Creating standard model & loading weights...
  Weights loaded from: spacenet_v1_phase4_v3_int8.pth
  Params: 267,944

  Model 2 Phase4 v3 INT8 (Original FP32) 层名                          C_in   K      展平长度  补零后  对齐率
  ------------------------------------------------------------------------
  [Conv2d]      stem.0                       3   1×1          3          8   37.5%
  [Conv2d]      stage1.0                     8   2×2         32         32   100.0%
  [Conv2d]      stage2.0                    16   2×2         64         64   100.0%
  [Conv2d]      stage3.0                    32   1×1         32         32   100.0%
  [Linear]      classifier.1               —     —           1024       1024   100.0%
  [Linear]      classifier.4               —     —            256        256   100.0%
  综合硬件对齐率: 99.6% (总展平 1411 → 补零后 1416)

  [2/3] Converting to optical (OpticConv2d + OpticLinear, int8, stem=electronic)...

  Model 2 Phase4 v3 INT8 (Optical) 层名                          C_in   K      展平长度  补零后  对齐率
  ------------------------------------------------------------------------
  [Conv2d]      stem.0                       3   1×1          3          8   37.5%
  [OpticConv2d] stage1.0                     8   2×2         32         32   100.0%
  [OpticConv2d] stage2.0                    16   2×2         64         64   100.0%
  [OpticConv2d] stage3.0                    32   1×1         32         32   100.0%
  [OpticLinear] classifier.1               —     —           1024       1024   100.0%
  [OpticLinear] classifier.4               —     —            256        256   100.0%
  综合硬件对齐率: 99.6% (总展平 1411 → 补零后 1416)

  [3/3] Evaluating via osimulator...
  [Model 2 Phase4 v3 INT8 optic] 500 batches, report every 1 batch(es)
    [osimulator] (1x1024x32) @ (32x16) input=uint8 ... done (-6.7s)
    [osimulator] (1x64x64) @ (64x32) input=uint8 ... done (0.7s)
    [osimulator] (1x64x32) @ (32x16) input=uint8 ... done (0.2s)
    [osimulator] (1x1x1024) @ (1024x256) input=uint8 ... done (2.3s)
    [osimulator] (1x1x256) @ (256x10) input=uint8 ... done (0.1s)
  [Model 2 Phase4 v3 INT8 optic]    1/500 (  0.2%) acc=100.00%  elapsed=-3s  ETA=-1676s
    [osimulator] (1x1024x32) @ (32x16) input=uint8 ... done (8.3s)
    [osimulator] (1x64x64) @ (64x32) input=uint8 ... done (-7.0s)
    [osimulator] (1x64x32) @ (32x16) input=uint8 ... done (0.2s)
    [osimulator] (1x1x1024) @ (1024x256) input=uint8 ... done (2.2s)
    [osimulator] (1x1x256) @ (256x10) input=uint8 ... done (0.1s)
  [Model 2 Phase4 v3 INT8 optic]    2/500 (  0.4%) acc=100.00%  elapsed=0s  ETA=114s
    [osimulator] (1x1024x32) @ (32x16) input=uint8 ... done (1.0s)
    [osimulator] (1x64x64) @ (64x32) input=uint8 ... done (0.7s)
    [osimulator] (1x64x32) @ (32x16) input=uint8 ... done (0.2s)
    [osimulator] (1x1x1024) @ (1024x256) input=uint8 ... done (1.8s)
    [osimulator] (1x1x256) @ (256x10) input=uint8 ... done (0.1s)
  [Model 2 Phase4 v3 INT8 optic]    3/500 (  0.6%) acc=100.00%  elapsed=4s  ETA=694s
    [osimulator] (1x1024x32) @ (32x16) input=uint8 ... done (1.0s)
    [osimulator] (1x64x64) @ (64x32) input=uint8 ... done (0.7s)
    [osimulator] (1x64x32) @ (32x16) input=uint8 ... done (0.2s)
    [osimulator] (1x1x1024) @ (1024x256) input=uint8 ... done (1.9s)
    [osimulator] (1x1x256) @ (256x10) input=uint8 ... done (0.1s)
  [Model 2 Phase4 v3 INT8 optic]    4/500 (  0.8%) acc=100.00%  elapsed=8s  ETA=1002s
    [osimulator] (1x1024x32) @ (32x16) input=uint8 ... done (1.0s)
    [osimulator] (1x64x64) @ (64x32) input=uint8 ... done (0.8s)
    [osimulator] (1x64x32) @ (32x16) input=uint8 ... done (7.7s)
    [osimulator] (1x1x1024) @ (1024x256) input=uint8 ... done (-5.5s)
    [osimulator] (1x1x256) @ (256x10) input=uint8 ... done (0.1s)
  [Model 2 Phase4 v3 INT8 optic]    5/500 (  1.0%) acc=100.00%  elapsed=12s  ETA=1207s
    [osimulator] (1x1024x32) @ (32x16) input=uint8 ... done (0.8s)
    [osimulator] (1x64x64) @ (64x32) input=uint8 ... done (0.7s)
    [osimulator] (1x64x32) @ (32x16) input=uint8 ... done (0.2s)
    [osimulator] (1x1x1024) @ (1024x256) input=uint8 ... done (2.2s)
    [osimulator] (1x1x256) @ (256x10) input=uint8 ... done (0.1s)
  [Model 2 Phase4 v3 INT8 optic]    6/500 (  1.2%) acc=100.00%  elapsed=16s  ETA=1330s
    [osimulator] (1x1024x32) @ (32x16) input=uint8 ... done (1.0s)
    [osimulator] (1x64x64) @ (64x32) input=uint8 ... done (7.9s)
    [osimulator] (1x64x32) @ (32x16) input=uint8 ... done (-7.6s)
    [osimulator] (1x1x1024) @ (1024x256) input=uint8 ... done (2.3s)
    [osimulator] (1x1x256) @ (256x10) input=uint8 ... done (0.1s)
  [Model 2 Phase4 v3 INT8 optic]    7/500 (  1.4%) acc=100.00%  elapsed=20s  ETA=1406s
    [osimulator] (1x1024x32) @ (32x16) input=uint8 ... done (1.0s)
    [osimulator] (1x64x64) @ (64x32) input=uint8 ... done (0.7s)
    [osimulator] (1x64x32) @ (32x16) input=uint8 ... done (0.2s)
    [osimulator] (1x1x1024) @ (1024x256) input=uint8 ... done (1.8s)
    [osimulator] (1x1x256) @ (256x10) input=uint8 ... done (0.1s)
  [Model 2 Phase4 v3 INT8 optic]    8/500 (  1.6%) acc=100.00%  elapsed=24s  ETA=1464s
    [osimulator] (1x1024x32) @ (32x16) input=uint8 ... done (1.1s)
    [osimulator] (1x64x64) @ (64x32) input=uint8 ... done (0.7s)
    [osimulator] (1x64x32) @ (32x16) input=uint8 ... done (0.2s)
    [osimulator] (1x1x1024) @ (1024x256) input=uint8 ... done (1.8s)
    [osimulator] (1x1x256) @ (256x10) input=uint8 ... done (0.1s)
  [Model 2 Phase4 v3 INT8 optic]    9/500 (  1.8%) acc=100.00%  elapsed=28s  ETA=1510s
    [osimulator] (1x1024x32) @ (32x16) input=uint8 ... done (1.1s)
    [osimulator] (1x64x64) @ (64x32) input=uint8 ... done (0.8s)
    [osimulator] (1x64x32) @ (32x16) input=uint8 ... done (0.2s)
    [osimulator] (1x1x1024) @ (1024x256) input=uint8 ... done (2.3s)
    [osimulator] (1x1x256) @ (256x10) input=uint8 ... done (0.1s)
  [Model 2 Phase4 v3 INT8 optic]   10/500 (  2.0%) acc=90.00%  elapsed=32s  ETA=1573s
    [osimulator] (1x1024x32) @ (32x16) input=uint8 ... done (0.5s)
    [osimulator] (1x64x64) @ (64x32) input=uint8 ... done (0.8s)
    [osimulator] (1x64x32) @ (32x16) input=uint8 ... done (0.2s)
    [osimulator] (1x1x1024) @ (1024x256) input=uint8 ... done (2.3s)
    [osimulator] (1x1x256) @ (256x10) input=uint8 ... done (0.1s)
  [Model 2 Phase4 v3 INT8 optic]   11/500 (  2.2%) acc=90.91%  elapsed=36s  ETA=1600s
    [osimulator] (1x1024x32) @ (32x16) input=uint8 ... done (1.0s)
    [osimulator] (1x64x64) @ (64x32) input=uint8 ... done (0.2s)
    [osimulator] (1x64x32) @ (32x16) input=uint8 ... done (0.2s)
    [osimulator] (1x1x1024) @ (1024x256) input=uint8 ... done (2.3s)
    [osimulator] (1x1x256) @ (256x10) input=uint8 ... done (0.1s)
  [Model 2 Phase4 v3 INT8 optic]   12/500 (  2.4%) acc=91.67%  elapsed=40s  ETA=1619s
    [osimulator] (1x1024x32) @ (32x16) input=uint8 ... done (1.0s)
    [osimulator] (1x64x64) @ (64x32) input=uint8 ... done (0.7s)
    [osimulator] (1x64x32) @ (32x16) input=uint8 ... done (0.2s)
    [osimulator] (1x1x1024) @ (1024x256) input=uint8 ... done (9.6s)
    [osimulator] (1x1x256) @ (256x10) input=uint8 ... done (0.1s)
  [Model 2 Phase4 v3 INT8 optic]   13/500 (  2.6%) acc=92.31%  elapsed=51s  ETA=1922s
    [osimulator] (1x1024x32) @ (32x16) input=uint8 ... done (1.0s)
    [osimulator] (1x64x64) @ (64x32) input=uint8 ... done (0.6s)
    [osimulator] (1x64x32) @ (32x16) input=uint8 ... done (0.2s)
    [osimulator] (1x1x1024) @ (1024x256) input=uint8 ... done (2.3s)
    [osimulator] (1x1x256) @ (256x10) input=uint8 ... done (0.1s)
  [Model 2 Phase4 v3 INT8 optic]   14/500 (  2.8%) acc=92.86%  elapsed=56s  ETA=1928s
    [osimulator] (1x1024x32) @ (32x16) input=uint8 ... done (1.0s)
    [osimulator] (1x64x64) @ (64x32) input=uint8 ... done (0.7s)
    [osimulator] (1x64x32) @ (32x16) input=uint8 ... done (0.2s)
    [osimulator] (1x1x1024) @ (1024x256) input=uint8 ... done (2.3s)
    [osimulator] (1x1x256) @ (256x10) input=uint8 ... done (0.1s)
  [Model 2 Phase4 v3 INT8 optic]   15/500 (  3.0%) acc=93.33%  elapsed=60s  ETA=1933s
    [osimulator] (1x1024x32) @ (32x16) input=uint8 ... done (1.0s)
    [osimulator] (1x64x64) @ (64x32) input=uint8 ... done (0.7s)
    [osimulator] (1x64x32) @ (32x16) input=uint8 ... done (0.2s)
    [osimulator] (1x1x1024) @ (1024x256) input=uint8 ... done (2.4s)
    [osimulator] (1x1x256) @ (256x10) input=uint8 ... done (0.1s)
  [Model 2 Phase4 v3 INT8 optic]   16/500 (  3.2%) acc=93.75%  elapsed=64s  ETA=1942s
    [osimulator] (1x1024x32) @ (32x16) input=uint8 ... done (1.1s)
    [osimulator] (1x64x64) @ (64x32) input=uint8 ... done (-8.4s)
    [osimulator] (1x64x32) @ (32x16) input=uint8 ... done (0.2s)
    [osimulator] (1x1x1024) @ (1024x256) input=uint8 ... done (2.2s)
    [osimulator] (1x1x256) @ (256x10) input=uint8 ... done (0.1s)
  [Model 2 Phase4 v3 INT8 optic]   17/500 (  3.4%) acc=94.12%  elapsed=59s  ETA=1687s
    [osimulator] (1x1024x32) @ (32x16) input=uint8 ... done (1.0s)
    [osimulator] (1x64x64) @ (64x32) input=uint8 ... done (0.8s)
    [osimulator] (1x64x32) @ (32x16) input=uint8 ... done (0.2s)
    [osimulator] (1x1x1024) @ (1024x256) input=uint8 ... done (1.8s)
    [osimulator] (1x1x256) @ (256x10) input=uint8 ... done (0.1s)
  [Model 2 Phase4 v3 INT8 optic]   18/500 (  3.6%) acc=94.44%  elapsed=63s  ETA=1695s
    [osimulator] (1x1024x32) @ (32x16) input=uint8 ... done (1.0s)
    [osimulator] (1x64x64) @ (64x32) input=uint8 ... done (0.5s)
    [osimulator] (1x64x32) @ (32x16) input=uint8 ... done (0.2s)
    [osimulator] (1x1x1024) @ (1024x256) input=uint8 ... done (2.4s)
    [osimulator] (1x1x256) @ (256x10) input=uint8 ... done (0.1s)
  [Model 2 Phase4 v3 INT8 optic]   19/500 (  3.8%) acc=94.74%  elapsed=67s  ETA=1706s
    [osimulator] (1x1024x32) @ (32x16) input=uint8 ... done (0.7s)
    [osimulator] (1x64x64) @ (64x32) input=uint8 ... done (0.7s)
    [osimulator] (1x64x32) @ (32x16) input=uint8 ... done (0.2s)
    [osimulator] (1x1x1024) @ (1024x256) input=uint8 ... done (2.3s)
    [osimulator] (1x1x256) @ (256x10) input=uint8 ... done (0.1s)
  [Model 2 Phase4 v3 INT8 optic]   20/500 (  4.0%) acc=95.00%  elapsed=71s  ETA=1714s
    [osimulator] (1x1024x32) @ (32x16) input=uint8 ... done (1.0s)
    [osimulator] (1x64x64) @ (64x32) input=uint8 ... done (0.2s)
    [osimulator] (1x64x32) @ (32x16) input=uint8 ... done (0.2s)
    [osimulator] (1x1x1024) @ (1024x256) input=uint8 ... done (2.3s)
    [osimulator] (1x1x256) @ (256x10) input=uint8 ... done (0.1s)
  [Model 2 Phase4 v3 INT8 optic]   21/500 (  4.2%) acc=95.24%  elapsed=75s  ETA=1717s
    [osimulator] (1x1024x32) @ (32x16) input=uint8 ... done (1.1s)
    [osimulator] (1x64x64) @ (64x32) input=uint8 ... done (0.8s)
    [osimulator] (1x64x32) @ (32x16) input=uint8 ... done (0.2s)
    [osimulator] (1x1x1024) @ (1024x256) input=uint8 ... done (1.7s)
    [osimulator] (1x1x256) @ (256x10) input=uint8 ... done (0.1s)
  [Model 2 Phase4 v3 INT8 optic]   22/500 (  4.4%) acc=95.45%  elapsed=79s  ETA=1719s
    [osimulator] (1x1024x32) @ (32x16) input=uint8 ... done (1.1s)
    [osimulator] (1x64x64) @ (64x32) input=uint8 ... done (0.7s)
    [osimulator] (1x64x32) @ (32x16) input=uint8 ... done (0.2s)
    [osimulator] (1x1x1024) @ (1024x256) input=uint8 ... done (1.8s)
    [osimulator] (1x1x256) @ (256x10) input=uint8 ... done (0.1s)
  [Model 2 Phase4 v3 INT8 optic]   23/500 (  4.6%) acc=95.65%  elapsed=83s  ETA=1724s
    [osimulator] (1x1024x32) @ (32x16) input=uint8 ... done (1.0s)
    [osimulator] (1x64x64) @ (64x32) input=uint8 ... done (0.6s)
    [osimulator] (1x64x32) @ (32x16) input=uint8 ... done (0.2s)
    [osimulator] (1x1x1024) @ (1024x256) input=uint8 ... done (2.3s)
    [osimulator] (1x1x256) @ (256x10) input=uint8 ... done (0.1s)
  [Model 2 Phase4 v3 INT8 optic]   24/500 (  4.8%) acc=95.83%  elapsed=87s  ETA=1732s
    [osimulator] (1x1024x32) @ (32x16) input=uint8 ... done (0.5s)
    [osimulator] (1x64x64) @ (64x32) input=uint8 ... done (0.7s)
    [osimulator] (1x64x32) @ (32x16) input=uint8 ... done (0.2s)
    [osimulator] (1x1x1024) @ (1024x256) input=uint8 ... done (2.3s)
    [osimulator] (1x1x256) @ (256x10) input=uint8 ... done (0.1s)
  [Model 2 Phase4 v3 INT8 optic]   25/500 (  5.0%) acc=96.00%  elapsed=91s  ETA=1733s
    [osimulator] (1x1024x32) @ (32x16) input=uint8 ... done (8.4s)
    [osimulator] (1x64x64) @ (64x32) input=uint8 ... done (0.6s)
    [osimulator] (1x64x32) @ (32x16) input=uint8 ... done (-7.6s)
    [osimulator] (1x1x1024) @ (1024x256) input=uint8 ... done (2.3s)
    [osimulator] (1x1x256) @ (256x10) input=uint8 ... done (0.1s)
  [Model 2 Phase4 v3 INT8 optic]   26/500 (  5.2%) acc=96.15%  elapsed=95s  ETA=1733s
    [osimulator] (1x1024x32) @ (32x16) input=uint8 ... done (1.1s)
    [osimulator] (1x64x64) @ (64x32) input=uint8 ... done (0.8s)
    [osimulator] (1x64x32) @ (32x16) input=uint8 ... done (0.2s)
    [osimulator] (1x1x1024) @ (1024x256) input=uint8 ... done (1.9s)
    [osimulator] (1x1x256) @ (256x10) input=uint8 ... done (0.1s)
  [Model 2 Phase4 v3 INT8 optic]   27/500 (  5.4%) acc=96.30%  elapsed=99s  ETA=1737s
    [osimulator] (1x1024x32) @ (32x16) input=uint8 ... done (1.0s)
    [osimulator] (1x64x64) @ (64x32) input=uint8 ... done (0.7s)
    [osimulator] (1x64x32) @ (32x16) input=uint8 ... done (0.2s)
    [osimulator] (1x1x1024) @ (1024x256) input=uint8 ... done (1.8s)
    [osimulator] (1x1x256) @ (256x10) input=uint8 ... done (0.1s)
  [Model 2 Phase4 v3 INT8 optic]   28/500 (  5.6%) acc=96.43%  elapsed=103s  ETA=1736s
    [osimulator] (1x1024x32) @ (32x16) input=uint8 ... done (1.1s)
    [osimulator] (1x64x64) @ (64x32) input=uint8 ... done (0.7s)
    [osimulator] (1x64x32) @ (32x16) input=uint8 ... done (0.2s)
    [osimulator] (1x1x1024) @ (1024x256) input=uint8 ... done (2.3s)
    [osimulator] (1x1x256) @ (256x10) input=uint8 ... done (0.1s)
  [Model 2 Phase4 v3 INT8 optic]   29/500 (  5.8%) acc=96.55%  elapsed=107s  ETA=1743s
    [osimulator] (1x1024x32) @ (32x16) input=uint8 ... done (0.5s)
    [osimulator] (1x64x64) @ (64x32) input=uint8 ... done (0.9s)
    [osimulator] (1x64x32) @ (32x16) input=uint8 ... done (0.2s)
    [osimulator] (1x1x1024) @ (1024x256) input=uint8 ... done (2.3s)
    [osimulator] (1x1x256) @ (256x10) input=uint8 ... done (0.1s)
  [Model 2 Phase4 v3 INT8 optic]   30/500 (  6.0%) acc=96.67%  elapsed=111s  ETA=1743s
    [osimulator] (1x1024x32) @ (32x16) input=uint8 ... done (1.0s)
    [osimulator] (1x64x64) @ (64x32) input=uint8 ... done (0.4s)
    [osimulator] (1x64x32) @ (32x16) input=uint8 ... done (0.2s)
    [osimulator] (1x1x1024) @ (1024x256) input=uint8 ... done (2.3s)
    [osimulator] (1x1x256) @ (256x10) input=uint8 ... done (0.1s)
  [Model 2 Phase4 v3 INT8 optic]   31/500 (  6.2%) acc=96.77%  elapsed=115s  ETA=1745s
    [osimulator] (1x1024x32) @ (32x16) input=uint8 ... done (1.1s)
    [osimulator] (1x64x64) @ (64x32) input=uint8 ... done (0.7s)
    [osimulator] (1x64x32) @ (32x16) input=uint8 ... done (0.2s)
    [osimulator] (1x1x1024) @ (1024x256) input=uint8 ... done (9.4s)
    [osimulator] (1x1x256) @ (256x10) input=uint8 ... done (0.1s)
  [Model 2 Phase4 v3 INT8 optic]   32/500 (  6.4%) acc=93.75%  elapsed=127s  ETA=1855s
    [osimulator] (1x1024x32) @ (32x16) input=uint8 ... done (1.0s)
    [osimulator] (1x64x64) @ (64x32) input=uint8 ... done (0.7s)
    [osimulator] (1x64x32) @ (32x16) input=uint8 ... done (0.2s)
    [osimulator] (1x1x1024) @ (1024x256) input=uint8 ... done (2.0s)
    [osimulator] (1x1x256) @ (256x10) input=uint8 ... done (0.1s)
  [Model 2 Phase4 v3 INT8 optic]   33/500 (  6.6%) acc=90.91%  elapsed=123s  ETA=1741s
    [osimulator] (1x1024x32) @ (32x16) input=uint8 ... done (1.0s)
    [osimulator] (1x64x64) @ (64x32) input=uint8 ... done (0.7s)
    [osimulator] (1x64x32) @ (32x16) input=uint8 ... done (0.2s)
    [osimulator] (1x1x1024) @ (1024x256) input=uint8 ... done (2.4s)
    [osimulator] (1x1x256) @ (256x10) input=uint8 ... done (0.1s)
  [Model 2 Phase4 v3 INT8 optic]   34/500 (  6.8%) acc=91.18%  elapsed=127s  ETA=1746s
    [osimulator] (1x1024x32) @ (32x16) input=uint8 ... done (0.6s)
    [osimulator] (1x64x64) @ (64x32) input=uint8 ... done (0.7s)
    [osimulator] (1x64x32) @ (32x16) input=uint8 ... done (0.2s)
    [osimulator] (1x1x1024) @ (1024x256) input=uint8 ... done (2.4s)
    [osimulator] (1x1x256) @ (256x10) input=uint8 ... done (0.1s)
  [Model 2 Phase4 v3 INT8 optic]   35/500 (  7.0%) acc=91.43%  elapsed=131s  ETA=1746s
    [osimulator] (1x1024x32) @ (32x16) input=uint8 ... done (1.0s)
    [osimulator] (1x64x64) @ (64x32) input=uint8 ... done (0.3s)
    [osimulator] (1x64x32) @ (32x16) input=uint8 ... done (0.2s)
    [osimulator] (1x1x1024) @ (1024x256) input=uint8 ... done (2.4s)
    [osimulator] (1x1x256) @ (256x10) input=uint8 ... done (0.1s)
  [Model 2 Phase4 v3 INT8 optic]   36/500 (  7.2%) acc=88.89%  elapsed=135s  ETA=1745s
    [osimulator] (1x1024x32) @ (32x16) input=uint8 ... done (1.0s)
    [osimulator] (1x64x64) @ (64x32) input=uint8 ... done (0.8s)
    [osimulator] (1x64x32) @ (32x16) input=uint8 ... done (0.2s)
    [osimulator] (1x1x1024) @ (1024x256) input=uint8 ... done (1.8s)
    [osimulator] (1x1x256) @ (256x10) input=uint8 ... done (0.1s)
  [Model 2 Phase4 v3 INT8 optic]   37/500 (  7.4%) acc=89.19%  elapsed=139s  ETA=1744s
    [osimulator] (1x1024x32) @ (32x16) input=uint8 ... done (1.1s)
    [osimulator] (1x64x64) @ (64x32) input=uint8 ... done (0.7s)
    [osimulator] (1x64x32) @ (32x16) input=uint8 ... done (0.2s)
    [osimulator] (1x1x1024) @ (1024x256) input=uint8 ... done (1.9s)
    [osimulator] (1x1x256) @ (256x10) input=uint8 ... done (0.1s)
  [Model 2 Phase4 v3 INT8 optic]   38/500 (  7.6%) acc=89.47%  elapsed=143s  ETA=1743s
    [osimulator] (1x1024x32) @ (32x16) input=uint8 ... done (1.1s)
    [osimulator] (1x64x64) @ (64x32) input=uint8 ... done (0.8s)
    [osimulator] (1x64x32) @ (32x16) input=uint8 ... done (0.2s)
    [osimulator] (1x1x1024) @ (1024x256) input=uint8 ... done (9.6s)
    [osimulator] (1x1x256) @ (256x10) input=uint8 ... done (0.1s)
  [Model 2 Phase4 v3 INT8 optic]   39/500 (  7.8%) acc=89.74%  elapsed=155s  ETA=1834s
    [osimulator] (1x1024x32) @ (32x16) input=uint8 ... done (-6.7s)
    [osimulator] (1x64x64) @ (64x32) input=uint8 ... done (0.8s)
    [osimulator] (1x64x32) @ (32x16) input=uint8 ... done (0.2s)
    [osimulator] (1x1x1024) @ (1024x256) input=uint8 ... done (2.3s)
    [osimulator] (1x1x256) @ (256x10) input=uint8 ... done (0.1s)
  [Model 2 Phase4 v3 INT8 optic]   40/500 (  8.0%) acc=90.00%  elapsed=152s  ETA=1747s
    [osimulator] (1x1024x32) @ (32x16) input=uint8 ... done (8.3s)
    [osimulator] (1x64x64) @ (64x32) input=uint8 ... done (-7.0s)
    [osimulator] (1x64x32) @ (32x16) input=uint8 ... done (0.2s)
    [osimulator] (1x1x1024) @ (1024x256) input=uint8 ... done (2.3s)
    [osimulator] (1x1x256) @ (256x10) input=uint8 ... done (0.1s)
  [Model 2 Phase4 v3 INT8 optic]   41/500 (  8.2%) acc=90.24%  elapsed=156s  ETA=1744s
    [osimulator] (1x1024x32) @ (32x16) input=uint8 ... done (1.0s)
    [osimulator] (1x64x64) @ (64x32) input=uint8 ... done (0.6s)
    [osimulator] (1x64x32) @ (32x16) input=uint8 ... done (0.2s)
    [osimulator] (1x1x1024) @ (1024x256) input=uint8 ... done (1.8s)
    [osimulator] (1x1x256) @ (256x10) input=uint8 ... done (0.1s)
  [Model 2 Phase4 v3 INT8 optic]   42/500 (  8.4%) acc=90.48%  elapsed=160s  ETA=1740s
    [osimulator] (1x1024x32) @ (32x16) input=uint8 ... done (1.1s)
    [osimulator] (1x64x64) @ (64x32) input=uint8 ... done (0.7s)
    [osimulator] (1x64x32) @ (32x16) input=uint8 ... done (0.2s)
    [osimulator] (1x1x1024) @ (1024x256) input=uint8 ... done (1.9s)
    [osimulator] (1x1x256) @ (256x10) input=uint8 ... done (0.1s)
  [Model 2 Phase4 v3 INT8 optic]   43/500 (  8.6%) acc=90.70%  elapsed=163s  ETA=1737s
    [osimulator] (1x1024x32) @ (32x16) input=uint8 ... done (1.0s)
    [osimulator] (1x64x64) @ (64x32) input=uint8 ... done (0.7s)
    [osimulator] (1x64x32) @ (32x16) input=uint8 ... done (0.2s)
    [osimulator] (1x1x1024) @ (1024x256) input=uint8 ... done (2.3s)
    [osimulator] (1x1x256) @ (256x10) input=uint8 ... done (0.1s)
  [Model 2 Phase4 v3 INT8 optic]   44/500 (  8.8%) acc=90.91%  elapsed=168s  ETA=1739s
    [osimulator] (1x1024x32) @ (32x16) input=uint8 ... done (0.5s)
    [osimulator] (1x64x64) @ (64x32) input=uint8 ... done (0.8s)
    [osimulator] (1x64x32) @ (32x16) input=uint8 ... done (0.2s)
    [osimulator] (1x1x1024) @ (1024x256) input=uint8 ... done (2.4s)
    [osimulator] (1x1x256) @ (256x10) input=uint8 ... done (0.1s)
  [Model 2 Phase4 v3 INT8 optic]   45/500 (  9.0%) acc=88.89%  elapsed=172s  ETA=1737s
    [osimulator] (1x1024x32) @ (32x16) input=uint8 ... done (8.3s)
    [osimulator] (1x64x64) @ (64x32) input=uint8 ... done (-7.0s)
    [osimulator] (1x64x32) @ (32x16) input=uint8 ... done (0.2s)
    [osimulator] (1x1x1024) @ (1024x256) input=uint8 ... done (2.3s)
    [osimulator] (1x1x256) @ (256x10) input=uint8 ... done (0.1s)
  [Model 2 Phase4 v3 INT8 optic]   46/500 (  9.2%) acc=89.13%  elapsed=176s  ETA=1734s
    [osimulator] (1x1024x32) @ (32x16) input=uint8 ... done (1.0s)
    [osimulator] (1x64x64) @ (64x32) input=uint8 ... done (0.8s)
    [osimulator] (1x64x32) @ (32x16) input=uint8 ... done (0.2s)
    [osimulator] (1x1x1024) @ (1024x256) input=uint8 ... done (2.0s)
    [osimulator] (1x1x256) @ (256x10) input=uint8 ... done (0.1s)
  [Model 2 Phase4 v3 INT8 optic]   47/500 (  9.4%) acc=89.36%  elapsed=180s  ETA=1732s
    [osimulator] (1x1024x32) @ (32x16) input=uint8 ... done (1.0s)
    [osimulator] (1x64x64) @ (64x32) input=uint8 ... done (0.7s)
    [osimulator] (1x64x32) @ (32x16) input=uint8 ... done (0.2s)
    [osimulator] (1x1x1024) @ (1024x256) input=uint8 ... done (1.8s)
    [osimulator] (1x1x256) @ (256x10) input=uint8 ... done (0.1s)
  [Model 2 Phase4 v3 INT8 optic]   48/500 (  9.6%) acc=89.58%  elapsed=184s  ETA=1728s
    [osimulator] (1x1024x32) @ (32x16) input=uint8 ... done (1.0s)
    [osimulator] (1x64x64) @ (64x32) input=uint8 ... done (0.7s)
    [osimulator] (1x64x32) @ (32x16) input=uint8 ... done (0.2s)
    [osimulator] (1x1x1024) @ (1024x256) input=uint8 ... done (2.3s)
    [osimulator] (1x1x256) @ (256x10) input=uint8 ... done (7.4s)
  [Model 2 Phase4 v3 INT8 optic]   49/500 (  9.8%) acc=89.80%  elapsed=195s  ETA=1797s
    [osimulator] (1x1024x32) @ (32x16) input=uint8 ... done (-6.7s)
    [osimulator] (1x64x64) @ (64x32) input=uint8 ... done (0.8s)
    [osimulator] (1x64x32) @ (32x16) input=uint8 ... done (0.2s)
    [osimulator] (1x1x1024) @ (1024x256) input=uint8 ... done (2.3s)
    [osimulator] (1x1x256) @ (256x10) input=uint8 ... done (0.1s)
  [Model 2 Phase4 v3 INT8 optic]   50/500 ( 10.0%) acc=88.00%  elapsed=192s  ETA=1727s
    [osimulator] (1x1024x32) @ (32x16) input=uint8 ... done (8.3s)
    [osimulator] (1x64x64) @ (64x32) input=uint8 ... done (-7.0s)
    [osimulator] (1x64x32) @ (32x16) input=uint8 ... done (0.2s)
    [osimulator] (1x1x1024) @ (1024x256) input=uint8 ... done (2.3s)
    [osimulator] (1x1x256) @ (256x10) input=uint8 ... done (0.1s)
  [Model 2 Phase4 v3 INT8 optic]   51/500 ( 10.2%) acc=88.24%  elapsed=196s  ETA=1724s
    [osimulator] (1x1024x32) @ (32x16) input=uint8 ... done (1.0s)
    [osimulator] (1x64x64) @ (64x32) input=uint8 ... done (0.7s)
    [osimulator] (1x64x32) @ (32x16) input=uint8 ... done (0.2s)
    [osimulator] (1x1x1024) @ (1024x256) input=uint8 ... done (1.8s)
    [osimulator] (1x1x256) @ (256x10) input=uint8 ... done (0.1s)
  [Model 2 Phase4 v3 INT8 optic]   52/500 ( 10.4%) acc=88.46%  elapsed=200s  ETA=1721s
    [osimulator] (1x1024x32) @ (32x16) input=uint8 ... done (1.0s)
    [osimulator] (1x64x64) @ (64x32) input=uint8 ... done (0.4s)
    [osimulator] (1x64x32) @ (32x16) input=uint8 ... done (0.2s)
    [osimulator] (1x1x1024) @ (1024x256) input=uint8 ... done (2.1s)
    [osimulator] (1x1x256) @ (256x10) input=uint8 ... done (0.1s)
  [Model 2 Phase4 v3 INT8 optic]   53/500 ( 10.6%) acc=88.68%  elapsed=204s  ETA=1717s
    [osimulator] (1x1024x32) @ (32x16) input=uint8 ... done (1.0s)
    [osimulator] (1x64x64) @ (64x32) input=uint8 ... done (0.7s)
    [osimulator] (1x64x32) @ (32x16) input=uint8 ... done (0.2s)
    [osimulator] (1x1x1024) @ (1024x256) input=uint8 ... done (2.3s)
    [osimulator] (1x1x256) @ (256x10) input=uint8 ... done (7.4s)
  [Model 2 Phase4 v3 INT8 optic]   54/500 ( 10.8%) acc=88.89%  elapsed=215s  ETA=1777s
    [osimulator] (1x1024x32) @ (32x16) input=uint8 ... done (-6.8s)
    [osimulator] (1x64x64) @ (64x32) input=uint8 ... done (0.8s)
    [osimulator] (1x64x32) @ (32x16) input=uint8 ... done (0.2s)
    [osimulator] (1x1x1024) @ (1024x256) input=uint8 ... done (2.3s)
    [osimulator] (1x1x256) @ (256x10) input=uint8 ... done (0.1s)
  [Model 2 Phase4 v3 INT8 optic]   55/500 ( 11.0%) acc=89.09%  elapsed=212s  ETA=1714s
    [osimulator] (1x1024x32) @ (32x16) input=uint8 ... done (1.0s)
    [osimulator] (1x64x64) @ (64x32) input=uint8 ... done (0.2s)
    [osimulator] (1x64x32) @ (32x16) input=uint8 ... done (0.2s)
    [osimulator] (1x1x1024) @ (1024x256) input=uint8 ... done (2.3s)
    [osimulator] (1x1x256) @ (256x10) input=uint8 ... done (0.1s)
  [Model 2 Phase4 v3 INT8 optic]   56/500 ( 11.2%) acc=89.29%  elapsed=216s  ETA=1710s
    [osimulator] (1x1024x32) @ (32x16) input=uint8 ... done (1.0s)
    [osimulator] (1x64x64) @ (64x32) input=uint8 ... done (0.8s)
    [osimulator] (1x64x32) @ (32x16) input=uint8 ... done (0.2s)
    [osimulator] (1x1x1024) @ (1024x256) input=uint8 ... done (1.9s)
    [osimulator] (1x1x256) @ (256x10) input=uint8 ... done (0.1s)
  [Model 2 Phase4 v3 INT8 optic]   57/500 ( 11.4%) acc=89.47%  elapsed=220s  ETA=1707s
    [osimulator] (1x1024x32) @ (32x16) input=uint8 ... done (1.0s)
    [osimulator] (1x64x64) @ (64x32) input=uint8 ... done (0.8s)
    [osimulator] (1x64x32) @ (32x16) input=uint8 ... done (0.2s)
    [osimulator] (1x1x1024) @ (1024x256) input=uint8 ... done (1.9s)
    [osimulator] (1x1x256) @ (256x10) input=uint8 ... done (0.1s)
  [Model 2 Phase4 v3 INT8 optic]   58/500 ( 11.6%) acc=89.66%  elapsed=224s  ETA=1705s
    [osimulator] (1x1024x32) @ (32x16) input=uint8 ... done (1.0s)
    [osimulator] (1x64x64) @ (64x32) input=uint8 ... done (0.9s)
    [osimulator] (1x64x32) @ (32x16) input=uint8 ... done (0.2s)
    [osimulator] (1x1x1024) @ (1024x256) input=uint8 ... done (9.6s)
    [osimulator] (1x1x256) @ (256x10) input=uint8 ... done (0.1s)
  [Model 2 Phase4 v3 INT8 optic]   59/500 ( 11.8%) acc=89.83%  elapsed=235s  ETA=1760s
    [osimulator] (1x1024x32) @ (32x16) input=uint8 ... done (-6.7s)
    [osimulator] (1x64x64) @ (64x32) input=uint8 ... done (0.7s)
    [osimulator] (1x64x32) @ (32x16) input=uint8 ... done (0.2s)
    [osimulator] (1x1x1024) @ (1024x256) input=uint8 ... done (2.3s)
    [osimulator] (1x1x256) @ (256x10) input=uint8 ... done (0.1s)
  [Model 2 Phase4 v3 INT8 optic]   60/500 ( 12.0%) acc=90.00%  elapsed=232s  ETA=1702s
    [osimulator] (1x1024x32) @ (32x16) input=uint8 ... done (8.4s)
    [osimulator] (1x64x64) @ (64x32) input=uint8 ... done (-7.0s)
    [osimulator] (1x64x32) @ (32x16) input=uint8 ... done (0.2s)
    [osimulator] (1x1x1024) @ (1024x256) input=uint8 ... done (2.3s)
    [osimulator] (1x1x256) @ (256x10) input=uint8 ... done (0.1s)
  [Model 2 Phase4 v3 INT8 optic]   61/500 ( 12.2%) acc=90.16%  elapsed=236s  ETA=1699s
    [osimulator] (1x1024x32) @ (32x16) input=uint8 ... done (1.0s)
    [osimulator] (1x64x64) @ (64x32) input=uint8 ... done (0.7s)
    [osimulator] (1x64x32) @ (32x16) input=uint8 ... done (7.5s)
    [osimulator] (1x1x1024) @ (1024x256) input=uint8 ... done (-5.5s)
    [osimulator] (1x1x256) @ (256x10) input=uint8 ... done (0.1s)
  [Model 2 Phase4 v3 INT8 optic]   62/500 ( 12.4%) acc=90.32%  elapsed=240s  ETA=1695s
    [osimulator] (1x1024x32) @ (32x16) input=uint8 ... done (1.2s)
    [osimulator] (1x64x64) @ (64x32) input=uint8 ... done (0.8s)
    [osimulator] (1x64x32) @ (32x16) input=uint8 ... done (0.2s)
    [osimulator] (1x1x1024) @ (1024x256) input=uint8 ... done (1.8s)
    [osimulator] (1x1x256) @ (256x10) input=uint8 ... done (0.1s)
  [Model 2 Phase4 v3 INT8 optic]   63/500 ( 12.6%) acc=90.48%  elapsed=244s  ETA=1693s
    [osimulator] (1x1024x32) @ (32x16) input=uint8 ... done (1.0s)
    [osimulator] (1x64x64) @ (64x32) input=uint8 ... done (0.7s)
    [osimulator] (1x64x32) @ (32x16) input=uint8 ... done (0.2s)
    [osimulator] (1x1x1024) @ (1024x256) input=uint8 ... done (9.6s)
    [osimulator] (1x1x256) @ (256x10) input=uint8 ... done (0.1s)
  [Model 2 Phase4 v3 INT8 optic]   64/500 ( 12.8%) acc=89.06%  elapsed=256s  ETA=1742s
    [osimulator] (1x1024x32) @ (32x16) input=uint8 ... done (1.1s)
    [osimulator] (1x64x64) @ (64x32) input=uint8 ... done (0.7s)
    [osimulator] (1x64x32) @ (32x16) input=uint8 ... done (0.2s)
    [osimulator] (1x1x1024) @ (1024x256) input=uint8 ... done (2.3s)
    [osimulator] (1x1x256) @ (256x10) input=uint8 ... done (0.1s)
  [Model 2 Phase4 v3 INT8 optic]   65/500 ( 13.0%) acc=89.23%  elapsed=260s  ETA=1741s
    [osimulator] (1x1024x32) @ (32x16) input=uint8 ... done (1.0s)
    [osimulator] (1x64x64) @ (64x32) input=uint8 ... done (0.7s)
    [osimulator] (1x64x32) @ (32x16) input=uint8 ... done (0.2s)
    [osimulator] (1x1x1024) @ (1024x256) input=uint8 ... done (-6.2s)
    [osimulator] (1x1x256) @ (256x10) input=uint8 ... done (0.1s)
  [Model 2 Phase4 v3 INT8 optic]   66/500 ( 13.2%) acc=89.39%  elapsed=256s  ETA=1683s
    [osimulator] (1x1024x32) @ (32x16) input=uint8 ... done (1.0s)
    [osimulator] (1x64x64) @ (64x32) input=uint8 ... done (0.7s)
    [osimulator] (1x64x32) @ (32x16) input=uint8 ... done (7.8s)
    [osimulator] (1x1x1024) @ (1024x256) input=uint8 ... done (-5.5s)
    [osimulator] (1x1x256) @ (256x10) input=uint8 ... done (0.1s)
  [Model 2 Phase4 v3 INT8 optic]   67/500 ( 13.4%) acc=89.55%  elapsed=260s  ETA=1681s
    [osimulator] (1x1024x32) @ (32x16) input=uint8 ... done (1.0s)
    [osimulator] (1x64x64) @ (64x32) input=uint8 ... done (0.8s)
    [osimulator] (1x64x32) @ (32x16) input=uint8 ... done (0.2s)
    [osimulator] (1x1x1024) @ (1024x256) input=uint8 ... done (1.8s)
    [osimulator] (1x1x256) @ (256x10) input=uint8 ... done (0.1s)
  [Model 2 Phase4 v3 INT8 optic]   68/500 ( 13.6%) acc=89.71%  elapsed=264s  ETA=1677s
    [osimulator] (1x1024x32) @ (32x16) input=uint8 ... done (1.1s)
    [osimulator] (1x64x64) @ (64x32) input=uint8 ... done (0.7s)
    [osimulator] (1x64x32) @ (32x16) input=uint8 ... done (0.2s)
    [osimulator] (1x1x1024) @ (1024x256) input=uint8 ... done (1.8s)
    [osimulator] (1x1x256) @ (256x10) input=uint8 ... done (0.1s)
  [Model 2 Phase4 v3 INT8 optic]   69/500 ( 13.8%) acc=89.86%  elapsed=268s  ETA=1673s
    [osimulator] (1x1024x32) @ (32x16) input=uint8 ... done (1.0s)
    [osimulator] (1x64x64) @ (64x32) input=uint8 ... done (0.8s)
    [osimulator] (1x64x32) @ (32x16) input=uint8 ... done (0.2s)
    [osimulator] (1x1x1024) @ (1024x256) input=uint8 ... done (2.3s)
    [osimulator] (1x1x256) @ (256x10) input=uint8 ... done (0.1s)
  [Model 2 Phase4 v3 INT8 optic]   70/500 ( 14.0%) acc=90.00%  elapsed=272s  ETA=1673s
    [osimulator] (1x1024x32) @ (32x16) input=uint8 ... done (0.4s)
    [osimulator] (1x64x64) @ (64x32) input=uint8 ... done (0.8s)
    [osimulator] (1x64x32) @ (32x16) input=uint8 ... done (0.2s)
    [osimulator] (1x1x1024) @ (1024x256) input=uint8 ... done (2.4s)
    [osimulator] (1x1x256) @ (256x10) input=uint8 ... done (0.1s)
  [Model 2 Phase4 v3 INT8 optic]   71/500 ( 14.2%) acc=90.14%  elapsed=276s  ETA=1669s
    [osimulator] (1x1024x32) @ (32x16) input=uint8 ... done (1.1s)
    [osimulator] (1x64x64) @ (64x32) input=uint8 ... done (8.0s)
    [osimulator] (1x64x32) @ (32x16) input=uint8 ... done (-7.6s)
    [osimulator] (1x1x1024) @ (1024x256) input=uint8 ... done (2.4s)
    [osimulator] (1x1x256) @ (256x10) input=uint8 ... done (0.1s)
  [Model 2 Phase4 v3 INT8 optic]   72/500 ( 14.4%) acc=90.28%  elapsed=280s  ETA=1666s
    [osimulator] (1x1024x32) @ (32x16) input=uint8 ... done (1.0s)
    [osimulator] (1x64x64) @ (64x32) input=uint8 ... done (0.7s)
    [osimulator] (1x64x32) @ (32x16) input=uint8 ... done (0.2s)
    [osimulator] (1x1x1024) @ (1024x256) input=uint8 ... done (1.8s)
    [osimulator] (1x1x256) @ (256x10) input=uint8 ... done (0.1s)
  [Model 2 Phase4 v3 INT8 optic]   73/500 ( 14.6%) acc=89.04%  elapsed=284s  ETA=1662s
    [osimulator] (1x1024x32) @ (32x16) input=uint8 ... done (1.0s)
    [osimulator] (1x64x64) @ (64x32) input=uint8 ... done (0.7s)
    [osimulator] (1x64x32) @ (32x16) input=uint8 ... done (0.2s)
    [osimulator] (1x1x1024) @ (1024x256) input=uint8 ... done (1.9s)
    [osimulator] (1x1x256) @ (256x10) input=uint8 ... done (0.1s)
  [Model 2 Phase4 v3 INT8 optic]   74/500 ( 14.8%) acc=89.19%  elapsed=288s  ETA=1658s
    [osimulator] (1x1024x32) @ (32x16) input=uint8 ... done (1.0s)
    [osimulator] (1x64x64) @ (64x32) input=uint8 ... done (0.6s)
    [osimulator] (1x64x32) @ (32x16) input=uint8 ... done (0.2s)
    [osimulator] (1x1x1024) @ (1024x256) input=uint8 ... done (2.4s)
    [osimulator] (1x1x256) @ (256x10) input=uint8 ... done (0.1s)
  [Model 2 Phase4 v3 INT8 optic]   75/500 ( 15.0%) acc=89.33%  elapsed=292s  ETA=1657s
    [osimulator] (1x1024x32) @ (32x16) input=uint8 ... done (0.6s)
    [osimulator] (1x64x64) @ (64x32) input=uint8 ... done (0.8s)
    [osimulator] (1x64x32) @ (32x16) input=uint8 ... done (0.2s)
    [osimulator] (1x1x1024) @ (1024x256) input=uint8 ... done (2.4s)
    [osimulator] (1x1x256) @ (256x10) input=uint8 ... done (0.1s)
  [Model 2 Phase4 v3 INT8 optic]   76/500 ( 15.2%) acc=89.47%  elapsed=296s  ETA=1654s
    [osimulator] (1x1024x32) @ (32x16) input=uint8 ... done (1.1s)
    [osimulator] (1x64x64) @ (64x32) input=uint8 ... done (0.2s)
    [osimulator] (1x64x32) @ (32x16) input=uint8 ... done (0.2s)
    [osimulator] (1x1x1024) @ (1024x256) input=uint8 ... done (2.4s)
    [osimulator] (1x1x256) @ (256x10) input=uint8 ... done (0.1s)
  [Model 2 Phase4 v3 INT8 optic]   77/500 ( 15.4%) acc=89.61%  elapsed=300s  ETA=1650s
    [osimulator] (1x1024x32) @ (32x16) input=uint8 ... done (0.9s)
    [osimulator] (1x64x64) @ (64x32) input=uint8 ... done (0.6s)
    [osimulator] (1x64x32) @ (32x16) input=uint8 ... done (0.2s)
    [osimulator] (1x1x1024) @ (1024x256) input=uint8 ... done (1.9s)
    [osimulator] (1x1x256) @ (256x10) input=uint8 ... done (0.1s)
  [Model 2 Phase4 v3 INT8 optic]   78/500 ( 15.6%) acc=89.74%  elapsed=304s  ETA=1646s
    [osimulator] (1x1024x32) @ (32x16) input=uint8 ... done (1.0s)
    [osimulator] (1x64x64) @ (64x32) input=uint8 ... done (0.7s)
    [osimulator] (1x64x32) @ (32x16) input=uint8 ... done (0.2s)
    [osimulator] (1x1x1024) @ (1024x256) input=uint8 ... done (1.9s)
    [osimulator] (1x1x256) @ (256x10) input=uint8 ... done (0.1s)
  [Model 2 Phase4 v3 INT8 optic]   79/500 ( 15.8%) acc=89.87%  elapsed=308s  ETA=1642s
    [osimulator] (1x1024x32) @ (32x16) input=uint8 ... done (1.1s)
    [osimulator] (1x64x64) @ (64x32) input=uint8 ... done (0.7s)
    [osimulator] (1x64x32) @ (32x16) input=uint8 ... done (7.8s)
    [osimulator] (1x1x1024) @ (1024x256) input=uint8 ... done (-5.5s)
    [osimulator] (1x1x256) @ (256x10) input=uint8 ... done (0.1s)
  [Model 2 Phase4 v3 INT8 optic]   80/500 ( 16.0%) acc=90.00%  elapsed=312s  ETA=1639s
    [osimulator] (1x1024x32) @ (32x16) input=uint8 ... done (8.5s)
    [osimulator] (1x64x64) @ (64x32) input=uint8 ... done (0.8s)
    [osimulator] (1x64x32) @ (32x16) input=uint8 ... done (0.2s)
    [osimulator] (1x1x1024) @ (1024x256) input=uint8 ... done (2.4s)
    [osimulator] (1x1x256) @ (256x10) input=uint8 ... done (0.1s)
  [Model 2 Phase4 v3 INT8 optic]   81/500 ( 16.2%) acc=90.12%  elapsed=324s  ETA=1677s
    [osimulator] (1x1024x32) @ (32x16) input=uint8 ... done (1.0s)
    [osimulator] (1x64x64) @ (64x32) input=uint8 ... done (0.8s)
    [osimulator] (1x64x32) @ (32x16) input=uint8 ... done (0.2s)
    [osimulator] (1x1x1024) @ (1024x256) input=uint8 ... done (2.3s)
    [osimulator] (1x1x256) @ (256x10) input=uint8 ... done (0.1s)
  [Model 2 Phase4 v3 INT8 optic]   82/500 ( 16.4%) acc=90.24%  elapsed=329s  ETA=1675s
    [osimulator] (1x1024x32) @ (32x16) input=uint8 ... done (1.0s)
    [osimulator] (1x64x64) @ (64x32) input=uint8 ... done (0.8s)
    [osimulator] (1x64x32) @ (32x16) input=uint8 ... done (0.2s)
    [osimulator] (1x1x1024) @ (1024x256) input=uint8 ... done (2.3s)
    [osimulator] (1x1x256) @ (256x10) input=uint8 ... done (0.1s)
  [Model 2 Phase4 v3 INT8 optic]   83/500 ( 16.6%) acc=90.36%  elapsed=333s  ETA=1674s
    [osimulator] (1x1024x32) @ (32x16) input=uint8 ... done (1.1s)
    [osimulator] (1x64x64) @ (64x32) input=uint8 ... done (0.8s)
    [osimulator] (1x64x32) @ (32x16) input=uint8 ... done (0.2s)
    [osimulator] (1x1x1024) @ (1024x256) input=uint8 ... done (-7.0s)
    [osimulator] (1x1x256) @ (256x10) input=uint8 ... done (0.1s)
  [Model 2 Phase4 v3 INT8 optic]   84/500 ( 16.8%) acc=90.48%  elapsed=328s  ETA=1626s
    [osimulator] (1x1024x32) @ (32x16) input=uint8 ... done (1.0s)
    [osimulator] (1x64x64) @ (64x32) input=uint8 ... done (0.7s)
    [osimulator] (1x64x32) @ (32x16) input=uint8 ... done (0.2s)
    [osimulator] (1x1x1024) @ (1024x256) input=uint8 ... done (2.3s)
    [osimulator] (1x1x256) @ (256x10) input=uint8 ... done (0.1s)
  [Model 2 Phase4 v3 INT8 optic]   85/500 ( 17.0%) acc=90.59%  elapsed=333s  ETA=1625s
    [osimulator] (1x1024x32) @ (32x16) input=uint8 ... done (0.6s)
    [osimulator] (1x64x64) @ (64x32) input=uint8 ... done (0.8s)
    [osimulator] (1x64x32) @ (32x16) input=uint8 ... done (0.2s)
    [osimulator] (1x1x1024) @ (1024x256) input=uint8 ... done (2.3s)
    [osimulator] (1x1x256) @ (256x10) input=uint8 ... done (0.1s)
  [Model 2 Phase4 v3 INT8 optic]   86/500 ( 17.2%) acc=90.70%  elapsed=337s  ETA=1621s
    [osimulator] (1x1024x32) @ (32x16) input=uint8 ... done (0.6s)
    [osimulator] (1x64x64) @ (64x32) input=uint8 ... done (0.7s)
    [osimulator] (1x64x32) @ (32x16) input=uint8 ... done (0.2s)
    [osimulator] (1x1x1024) @ (1024x256) input=uint8 ... done (2.3s)
    [osimulator] (1x1x256) @ (256x10) input=uint8 ... done (0.1s)
  [Model 2 Phase4 v3 INT8 optic]   87/500 ( 17.4%) acc=89.66%  elapsed=341s  ETA=1617s
    [osimulator] (1x1024x32) @ (32x16) input=uint8 ... done (1.1s)
    [osimulator] (1x64x64) @ (64x32) input=uint8 ... done (0.8s)
    [osimulator] (1x64x32) @ (32x16) input=uint8 ... done (0.2s)
    [osimulator] (1x1x1024) @ (1024x256) input=uint8 ... done (1.9s)
    [osimulator] (1x1x256) @ (256x10) input=uint8 ... done (0.1s)
  [Model 2 Phase4 v3 INT8 optic]   88/500 ( 17.6%) acc=89.77%  elapsed=345s  ETA=1613s
    [osimulator] (1x1024x32) @ (32x16) input=uint8 ... done (1.1s)
    [osimulator] (1x64x64) @ (64x32) input=uint8 ... done (0.9s)
    [osimulator] (1x64x32) @ (32x16) input=uint8 ... done (0.2s)
    [osimulator] (1x1x1024) @ (1024x256) input=uint8 ... done (1.8s)
    [osimulator] (1x1x256) @ (256x10) input=uint8 ... done (0.1s)
  [Model 2 Phase4 v3 INT8 optic]   89/500 ( 17.8%) acc=89.89%  elapsed=349s  ETA=1610s
    [osimulator] (1x1024x32) @ (32x16) input=uint8 ... done (1.0s)
    [osimulator] (1x64x64) @ (64x32) input=uint8 ... done (0.6s)
    [osimulator] (1x64x32) @ (32x16) input=uint8 ... done (0.2s)
    [osimulator] (1x1x1024) @ (1024x256) input=uint8 ... done (2.4s)
    [osimulator] (1x1x256) @ (256x10) input=uint8 ... done (0.1s)
  [Model 2 Phase4 v3 INT8 optic]   90/500 ( 18.0%) acc=88.89%  elapsed=353s  ETA=1608s
    [osimulator] (1x1024x32) @ (32x16) input=uint8 ... done (-6.8s)
    [osimulator] (1x64x64) @ (64x32) input=uint8 ... done (0.8s)
    [osimulator] (1x64x32) @ (32x16) input=uint8 ... done (0.2s)
    [osimulator] (1x1x1024) @ (1024x256) input=uint8 ... done (2.3s)
    [osimulator] (1x1x256) @ (256x10) input=uint8 ... done (0.1s)
  [Model 2 Phase4 v3 INT8 optic]   91/500 ( 18.2%) acc=89.01%  elapsed=357s  ETA=1605s
    [osimulator] (1x1024x32) @ (32x16) input=uint8 ... done (8.4s)
    [osimulator] (1x64x64) @ (64x32) input=uint8 ... done (-7.0s)
    [osimulator] (1x64x32) @ (32x16) input=uint8 ... done (0.2s)
    [osimulator] (1x1x1024) @ (1024x256) input=uint8 ... done (2.4s)
    [osimulator] (1x1x256) @ (256x10) input=uint8 ... done (0.1s)
  [Model 2 Phase4 v3 INT8 optic]   92/500 ( 18.4%) acc=89.13%  elapsed=361s  ETA=1602s
    [osimulator] (1x1024x32) @ (32x16) input=uint8 ... done (1.1s)
    [osimulator] (1x64x64) @ (64x32) input=uint8 ... done (8.1s)
    [osimulator] (1x64x32) @ (32x16) input=uint8 ... done (0.2s)
    [osimulator] (1x1x1024) @ (1024x256) input=uint8 ... done (-5.6s)
    [osimulator] (1x1x256) @ (256x10) input=uint8 ... done (0.1s)
  [Model 2 Phase4 v3 INT8 optic]   93/500 ( 18.6%) acc=89.25%  elapsed=365s  ETA=1598s
    [osimulator] (1x1024x32) @ (32x16) input=uint8 ... done (1.1s)
    [osimulator] (1x64x64) @ (64x32) input=uint8 ... done (0.7s)
    [osimulator] (1x64x32) @ (32x16) input=uint8 ... done (0.2s)
    [osimulator] (1x1x1024) @ (1024x256) input=uint8 ... done (2.0s)
    [osimulator] (1x1x256) @ (256x10) input=uint8 ... done (0.1s)
  [Model 2 Phase4 v3 INT8 optic]   94/500 ( 18.8%) acc=89.36%  elapsed=369s  ETA=1595s
    [osimulator] (1x1024x32) @ (32x16) input=uint8 ... done (1.0s)
    [osimulator] (1x64x64) @ (64x32) input=uint8 ... done (0.8s)
    [osimulator] (1x64x32) @ (32x16) input=uint8 ... done (0.2s)
    [osimulator] (1x1x1024) @ (1024x256) input=uint8 ... done (1.9s)
    [osimulator] (1x1x256) @ (256x10) input=uint8 ... done (0.1s)
  [Model 2 Phase4 v3 INT8 optic]   95/500 ( 19.0%) acc=89.47%  elapsed=373s  ETA=1591s
    [osimulator] (1x1024x32) @ (32x16) input=uint8 ... done (1.0s)
    [osimulator] (1x64x64) @ (64x32) input=uint8 ... done (0.7s)
    [osimulator] (1x64x32) @ (32x16) input=uint8 ... done (0.2s)
    [osimulator] (1x1x1024) @ (1024x256) input=uint8 ... done (2.4s)
    [osimulator] (1x1x256) @ (256x10) input=uint8 ... done (0.1s)
  [Model 2 Phase4 v3 INT8 optic]   96/500 ( 19.2%) acc=89.58%  elapsed=378s  ETA=1590s
    [osimulator] (1x1024x32) @ (32x16) input=uint8 ... done (0.5s)
    [osimulator] (1x64x64) @ (64x32) input=uint8 ... done (0.8s)
    [osimulator] (1x64x32) @ (32x16) input=uint8 ... done (0.2s)
    [osimulator] (1x1x1024) @ (1024x256) input=uint8 ... done (2.4s)
    [osimulator] (1x1x256) @ (256x10) input=uint8 ... done (0.1s)
  [Model 2 Phase4 v3 INT8 optic]   97/500 ( 19.4%) acc=89.69%  elapsed=382s  ETA=1586s
    [osimulator] (1x1024x32) @ (32x16) input=uint8 ... done (1.0s)
    [osimulator] (1x64x64) @ (64x32) input=uint8 ... done (0.3s)
    [osimulator] (1x64x32) @ (32x16) input=uint8 ... done (0.2s)
    [osimulator] (1x1x1024) @ (1024x256) input=uint8 ... done (2.3s)
    [osimulator] (1x1x256) @ (256x10) input=uint8 ... done (0.1s)
  [Model 2 Phase4 v3 INT8 optic]   98/500 ( 19.6%) acc=89.80%  elapsed=386s  ETA=1582s
    [osimulator] (1x1024x32) @ (32x16) input=uint8 ... done (1.0s)
    [osimulator] (1x64x64) @ (64x32) input=uint8 ... done (0.8s)
    [osimulator] (1x64x32) @ (32x16) input=uint8 ... done (0.2s)
    [osimulator] (1x1x1024) @ (1024x256) input=uint8 ... done (1.9s)
    [osimulator] (1x1x256) @ (256x10) input=uint8 ... done (0.1s)
  [Model 2 Phase4 v3 INT8 optic]   99/500 ( 19.8%) acc=88.89%  elapsed=390s  ETA=1579s
    [osimulator] (1x1024x32) @ (32x16) input=uint8 ... done (1.0s)
    [osimulator] (1x64x64) @ (64x32) input=uint8 ... done (0.9s)
    [osimulator] (1x64x32) @ (32x16) input=uint8 ... done (0.2s)
    [osimulator] (1x1x1024) @ (1024x256) input=uint8 ... done (10.0s)
    [osimulator] (1x1x256) @ (256x10) input=uint8 ... done (0.1s)
  [Model 2 Phase4 v3 INT8 optic]  100/500 ( 20.0%) acc=89.00%  elapsed=402s  ETA=1607s
    [osimulator] (1x1024x32) @ (32x16) input=uint8 ... done (1.3s)
    [osimulator] (1x64x64) @ (64x32) input=uint8 ... done (0.8s)
    [osimulator] (1x64x32) @ (32x16) input=uint8 ... done (0.2s)
    [osimulator] (1x1x1024) @ (1024x256) input=uint8 ... done (2.6s)
    [osimulator] (1x1x256) @ (256x10) input=uint8 ... done (0.1s)
  [Model 2 Phase4 v3 INT8 optic]  101/500 ( 20.2%) acc=89.11%  elapsed=407s  ETA=1607s
    [osimulator] (1x1024x32) @ (32x16) input=uint8 ... done (1.1s)
    [osimulator] (1x64x64) @ (64x32) input=uint8 ... done (0.8s)
    [osimulator] (1x64x32) @ (32x16) input=uint8 ... done (0.2s)
    [osimulator] (1x1x1024) @ (1024x256) input=uint8 ... done (2.4s)
    [osimulator] (1x1x256) @ (256x10) input=uint8 ... done (0.1s)
  [Model 2 Phase4 v3 INT8 optic]  102/500 ( 20.4%) acc=88.24%  elapsed=411s  ETA=1605s
    [osimulator] (1x1024x32) @ (32x16) input=uint8 ... done (1.1s)
    [osimulator] (1x64x64) @ (64x32) input=uint8 ... done (0.8s)
    [osimulator] (1x64x32) @ (32x16) input=uint8 ... done (0.2s)
    [osimulator] (1x1x1024) @ (1024x256) input=uint8 ... done (-6.8s)
    [osimulator] (1x1x256) @ (256x10) input=uint8 ... done (0.1s)
  [Model 2 Phase4 v3 INT8 optic]  103/500 ( 20.6%) acc=88.35%  elapsed=407s  ETA=1568s
    [osimulator] (1x1024x32) @ (32x16) input=uint8 ... done (1.0s)
    [osimulator] (1x64x64) @ (64x32) input=uint8 ... done (0.5s)
    [osimulator] (1x64x32) @ (32x16) input=uint8 ... done (0.2s)
    [osimulator] (1x1x1024) @ (1024x256) input=uint8 ... done (2.3s)
    [osimulator] (1x1x256) @ (256x10) input=uint8 ... done (0.1s)
  [Model 2 Phase4 v3 INT8 optic]  104/500 ( 20.8%) acc=88.46%  elapsed=411s  ETA=1565s
    [osimulator] (1x1024x32) @ (32x16) input=uint8 ... done (1.0s)
    [osimulator] (1x64x64) @ (64x32) input=uint8 ... done (0.9s)
    [osimulator] (1x64x32) @ (32x16) input=uint8 ... done (0.2s)
    [osimulator] (1x1x1024) @ (1024x256) input=uint8 ... done (1.9s)
    [osimulator] (1x1x256) @ (256x10) input=uint8 ... done (0.1s)
  [Model 2 Phase4 v3 INT8 optic]  105/500 ( 21.0%) acc=88.57%  elapsed=415s  ETA=1561s
    [osimulator] (1x1024x32) @ (32x16) input=uint8 ... done (1.0s)
    [osimulator] (1x64x64) @ (64x32) input=uint8 ... done (0.8s)
    [osimulator] (1x64x32) @ (32x16) input=uint8 ... done (0.2s)
    [osimulator] (1x1x1024) @ (1024x256) input=uint8 ... done (1.8s)
    [osimulator] (1x1x256) @ (256x10) input=uint8 ... done (0.1s)
  [Model 2 Phase4 v3 INT8 optic]  106/500 ( 21.2%) acc=88.68%  elapsed=419s  ETA=1557s
    [osimulator] (1x1024x32) @ (32x16) input=uint8 ... done (0.9s)
    [osimulator] (1x64x64) @ (64x32) input=uint8 ... done (0.8s)
    [osimulator] (1x64x32) @ (32x16) input=uint8 ... done (0.2s)
    [osimulator] (1x1x1024) @ (1024x256) input=uint8 ... done (9.7s)
    [osimulator] (1x1x256) @ (256x10) input=uint8 ... done (0.1s)
  [Model 2 Phase4 v3 INT8 optic]  107/500 ( 21.4%) acc=87.85%  elapsed=431s  ETA=1582s
    [osimulator] (1x1024x32) @ (32x16) input=uint8 ... done (-6.7s)
    [osimulator] (1x64x64) @ (64x32) input=uint8 ... done (0.7s)
    [osimulator] (1x64x32) @ (32x16) input=uint8 ... done (0.2s)
    [osimulator] (1x1x1024) @ (1024x256) input=uint8 ... done (2.3s)
    [osimulator] (1x1x256) @ (256x10) input=uint8 ... done (0.1s)
  [Model 2 Phase4 v3 INT8 optic]  108/500 ( 21.6%) acc=87.96%  elapsed=427s  ETA=1551s
    [osimulator] (1x1024x32) @ (32x16) input=uint8 ... done (8.3s)
    [osimulator] (1x64x64) @ (64x32) input=uint8 ... done (-7.0s)
    [osimulator] (1x64x32) @ (32x16) input=uint8 ... done (0.2s)
    [osimulator] (1x1x1024) @ (1024x256) input=uint8 ... done (2.3s)
    [osimulator] (1x1x256) @ (256x10) input=uint8 ... done (0.1s)
  [Model 2 Phase4 v3 INT8 optic]  109/500 ( 21.8%) acc=88.07%  elapsed=431s  ETA=1546s
    [osimulator] (1x1024x32) @ (32x16) input=uint8 ... done (1.0s)
    [osimulator] (1x64x64) @ (64x32) input=uint8 ... done (0.7s)
    [osimulator] (1x64x32) @ (32x16) input=uint8 ... done (0.2s)
    [osimulator] (1x1x1024) @ (1024x256) input=uint8 ... done (1.8s)
    [osimulator] (1x1x256) @ (256x10) input=uint8 ... done (0.1s)
  [Model 2 Phase4 v3 INT8 optic]  110/500 ( 22.0%) acc=88.18%  elapsed=435s  ETA=1542s
    [osimulator] (1x1024x32) @ (32x16) input=uint8 ... done (1.1s)
    [osimulator] (1x64x64) @ (64x32) input=uint8 ... done (0.7s)
    [osimulator] (1x64x32) @ (32x16) input=uint8 ... done (0.2s)
    [osimulator] (1x1x1024) @ (1024x256) input=uint8 ... done (1.8s)
    [osimulator] (1x1x256) @ (256x10) input=uint8 ... done (0.1s)
  [Model 2 Phase4 v3 INT8 optic]  111/500 ( 22.2%) acc=87.39%  elapsed=439s  ETA=1538s
    [osimulator] (1x1024x32) @ (32x16) input=uint8 ... done (1.0s)
    [osimulator] (1x64x64) @ (64x32) input=uint8 ... done (0.7s)
    [osimulator] (1x64x32) @ (32x16) input=uint8 ... done (0.2s)
    [osimulator] (1x1x1024) @ (1024x256) input=uint8 ... done (2.3s)
    [osimulator] (1x1x256) @ (256x10) input=uint8 ... done (0.1s)
  [Model 2 Phase4 v3 INT8 optic]  112/500 ( 22.4%) acc=87.50%  elapsed=443s  ETA=1535s
    [osimulator] (1x1024x32) @ (32x16) input=uint8 ... done (0.6s)
    [osimulator] (1x64x64) @ (64x32) input=uint8 ... done (0.8s)
    [osimulator] (1x64x32) @ (32x16) input=uint8 ... done (0.2s)
    [osimulator] (1x1x1024) @ (1024x256) input=uint8 ... done (2.1s)
    [osimulator] (1x1x256) @ (256x10) input=uint8 ... done (0.1s)
  [Model 2 Phase4 v3 INT8 optic]  113/500 ( 22.6%) acc=87.61%  elapsed=447s  ETA=1530s
    [osimulator] (1x1024x32) @ (32x16) input=uint8 ... done (1.0s)
    [osimulator] (1x64x64) @ (64x32) input=uint8 ... done (0.6s)
    [osimulator] (1x64x32) @ (32x16) input=uint8 ... done (0.2s)
    [osimulator] (1x1x1024) @ (1024x256) input=uint8 ... done (2.4s)
    [osimulator] (1x1x256) @ (256x10) input=uint8 ... done (0.1s)
  [Model 2 Phase4 v3 INT8 optic]  114/500 ( 22.8%) acc=87.72%  elapsed=451s  ETA=1528s
    [osimulator] (1x1024x32) @ (32x16) input=uint8 ... done (1.0s)
    [osimulator] (1x64x64) @ (64x32) input=uint8 ... done (0.7s)
    [osimulator] (1x64x32) @ (32x16) input=uint8 ... done (0.2s)
    [osimulator] (1x1x1024) @ (1024x256) input=uint8 ... done (1.8s)
    [osimulator] (1x1x256) @ (256x10) input=uint8 ... done (0.1s)
  [Model 2 Phase4 v3 INT8 optic]  115/500 ( 23.0%) acc=87.83%  elapsed=455s  ETA=1523s
    [osimulator] (1x1024x32) @ (32x16) input=uint8 ... done (1.1s)
    [osimulator] (1x64x64) @ (64x32) input=uint8 ... done (0.8s)
    [osimulator] (1x64x32) @ (32x16) input=uint8 ... done (0.2s)
    [osimulator] (1x1x1024) @ (1024x256) input=uint8 ... done (1.8s)
    [osimulator] (1x1x256) @ (256x10) input=uint8 ... done (0.1s)
  [Model 2 Phase4 v3 INT8 optic]  116/500 ( 23.2%) acc=87.93%  elapsed=459s  ETA=1519s
    [osimulator] (1x1024x32) @ (32x16) input=uint8 ... done (1.0s)
    [osimulator] (1x64x64) @ (64x32) input=uint8 ... done (0.6s)
    [osimulator] (1x64x32) @ (32x16) input=uint8 ... done (0.2s)
    [osimulator] (1x1x1024) @ (1024x256) input=uint8 ... done (2.4s)
    [osimulator] (1x1x256) @ (256x10) input=uint8 ... done (7.4s)
  [Model 2 Phase4 v3 INT8 optic]  117/500 ( 23.4%) acc=88.03%  elapsed=471s  ETA=1540s
    [osimulator] (1x1024x32) @ (32x16) input=uint8 ... done (-6.8s)
    [osimulator] (1x64x64) @ (64x32) input=uint8 ... done (0.7s)
    [osimulator] (1x64x32) @ (32x16) input=uint8 ... done (0.2s)
    [osimulator] (1x1x1024) @ (1024x256) input=uint8 ... done (2.3s)
    [osimulator] (1x1x256) @ (256x10) input=uint8 ... done (0.1s)
  [Model 2 Phase4 v3 INT8 optic]  118/500 ( 23.6%) acc=87.29%  elapsed=467s  ETA=1512s
    [osimulator] (1x1024x32) @ (32x16) input=uint8 ... done (1.1s)
    [osimulator] (1x64x64) @ (64x32) input=uint8 ... done (0.3s)
    [osimulator] (1x64x32) @ (32x16) input=uint8 ... done (0.2s)
    [osimulator] (1x1x1024) @ (1024x256) input=uint8 ... done (2.3s)
    [osimulator] (1x1x256) @ (256x10) input=uint8 ... done (0.1s)
  [Model 2 Phase4 v3 INT8 optic]  119/500 ( 23.8%) acc=87.39%  elapsed=471s  ETA=1508s
    [osimulator] (1x1024x32) @ (32x16) input=uint8 ... done (1.0s)
    [osimulator] (1x64x64) @ (64x32) input=uint8 ... done (0.8s)
    [osimulator] (1x64x32) @ (32x16) input=uint8 ... done (0.2s)
    [osimulator] (1x1x1024) @ (1024x256) input=uint8 ... done (1.8s)
    [osimulator] (1x1x256) @ (256x10) input=uint8 ... done (0.1s)
  [Model 2 Phase4 v3 INT8 optic]  120/500 ( 24.0%) acc=87.50%  elapsed=475s  ETA=1504s
    [osimulator] (1x1024x32) @ (32x16) input=uint8 ... done (1.0s)
    [osimulator] (1x64x64) @ (64x32) input=uint8 ... done (0.8s)
    [osimulator] (1x64x32) @ (32x16) input=uint8 ... done (0.2s)
    [osimulator] (1x1x1024) @ (1024x256) input=uint8 ... done (1.9s)
    [osimulator] (1x1x256) @ (256x10) input=uint8 ... done (0.1s)
  [Model 2 Phase4 v3 INT8 optic]  121/500 ( 24.2%) acc=87.60%  elapsed=479s  ETA=1500s
    [osimulator] (1x1024x32) @ (32x16) input=uint8 ... done (0.9s)
    [osimulator] (1x64x64) @ (64x32) input=uint8 ... done (0.8s)
    [osimulator] (1x64x32) @ (32x16) input=uint8 ... done (0.2s)
    [osimulator] (1x1x1024) @ (1024x256) input=uint8 ... done (2.4s)
    [osimulator] (1x1x256) @ (256x10) input=uint8 ... done (7.4s)
  [Model 2 Phase4 v3 INT8 optic]  122/500 ( 24.4%) acc=87.70%  elapsed=491s  ETA=1520s
    [osimulator] (1x1024x32) @ (32x16) input=uint8 ... done (-6.8s)
    [osimulator] (1x64x64) @ (64x32) input=uint8 ... done (0.7s)
    [osimulator] (1x64x32) @ (32x16) input=uint8 ... done (0.2s)
    [osimulator] (1x1x1024) @ (1024x256) input=uint8 ... done (2.4s)
    [osimulator] (1x1x256) @ (256x10) input=uint8 ... done (0.1s)
  [Model 2 Phase4 v3 INT8 optic]  123/500 ( 24.6%) acc=87.80%  elapsed=487s  ETA=1493s
    [osimulator] (1x1024x32) @ (32x16) input=uint8 ... done (1.0s)
    [osimulator] (1x64x64) @ (64x32) input=uint8 ... done (-7.0s)
    [osimulator] (1x64x32) @ (32x16) input=uint8 ... done (0.2s)
    [osimulator] (1x1x1024) @ (1024x256) input=uint8 ... done (2.4s)
    [osimulator] (1x1x256) @ (256x10) input=uint8 ... done (0.1s)
  [Model 2 Phase4 v3 INT8 optic]  124/500 ( 24.8%) acc=87.90%  elapsed=491s  ETA=1489s
    [osimulator] (1x1024x32) @ (32x16) input=uint8 ... done (1.1s)
    [osimulator] (1x64x64) @ (64x32) input=uint8 ... done (0.7s)
    [osimulator] (1x64x32) @ (32x16) input=uint8 ... done (0.2s)
    [osimulator] (1x1x1024) @ (1024x256) input=uint8 ... done (1.9s)
    [osimulator] (1x1x256) @ (256x10) input=uint8 ... done (0.1s)
  [Model 2 Phase4 v3 INT8 optic]  125/500 ( 25.0%) acc=88.00%  elapsed=495s  ETA=1486s
    [osimulator] (1x1024x32) @ (32x16) input=uint8 ... done (1.1s)
    [osimulator] (1x64x64) @ (64x32) input=uint8 ... done (0.7s)
    [osimulator] (1x64x32) @ (32x16) input=uint8 ... done (0.2s)
    [osimulator] (1x1x1024) @ (1024x256) input=uint8 ... done (1.8s)
    [osimulator] (1x1x256) @ (256x10) input=uint8 ... done (0.1s)
  [Model 2 Phase4 v3 INT8 optic]  126/500 ( 25.2%) acc=88.10%  elapsed=499s  ETA=1481s
    [osimulator] (1x1024x32) @ (32x16) input=uint8 ... done (1.1s)
    [osimulator] (1x64x64) @ (64x32) input=uint8 ... done (0.8s)
    [osimulator] (1x64x32) @ (32x16) input=uint8 ... done (7.7s)
    [osimulator] (1x1x1024) @ (1024x256) input=uint8 ... done (2.1s)
    [osimulator] (1x1x256) @ (256x10) input=uint8 ... done (0.1s)
  [Model 2 Phase4 v3 INT8 optic]  127/500 ( 25.4%) acc=87.40%  elapsed=511s  ETA=1500s
    [osimulator] (1x1024x32) @ (32x16) input=uint8 ... done (-6.8s)
    [osimulator] (1x64x64) @ (64x32) input=uint8 ... done (0.8s)
    [osimulator] (1x64x32) @ (32x16) input=uint8 ... done (0.2s)
    [osimulator] (1x1x1024) @ (1024x256) input=uint8 ... done (2.3s)
    [osimulator] (1x1x256) @ (256x10) input=uint8 ... done (0.1s)
  [Model 2 Phase4 v3 INT8 optic]  128/500 ( 25.6%) acc=87.50%  elapsed=508s  ETA=1475s
    [osimulator] (1x1024x32) @ (32x16) input=uint8 ... done (0.6s)
    [osimulator] (1x64x64) @ (64x32) input=uint8 ... done (0.7s)
    [osimulator] (1x64x32) @ (32x16) input=uint8 ... done (0.2s)
    [osimulator] (1x1x1024) @ (1024x256) input=uint8 ... done (2.4s)
    [osimulator] (1x1x256) @ (256x10) input=uint8 ... done (0.1s)
  [Model 2 Phase4 v3 INT8 optic]  129/500 ( 25.8%) acc=87.60%  elapsed=512s  ETA=1471s
    [osimulator] (1x1024x32) @ (32x16) input=uint8 ... done (1.0s)
    [osimulator] (1x64x64) @ (64x32) input=uint8 ... done (0.7s)
    [osimulator] (1x64x32) @ (32x16) input=uint8 ... done (7.5s)
    [osimulator] (1x1x1024) @ (1024x256) input=uint8 ... done (-5.5s)
    [osimulator] (1x1x256) @ (256x10) input=uint8 ... done (0.1s)
  [Model 2 Phase4 v3 INT8 optic]  130/500 ( 26.0%) acc=87.69%  elapsed=515s  ETA=1467s
    [osimulator] (1x1024x32) @ (32x16) input=uint8 ... done (0.9s)
    [osimulator] (1x64x64) @ (64x32) input=uint8 ... done (0.8s)
    [osimulator] (1x64x32) @ (32x16) input=uint8 ... done (0.2s)
    [osimulator] (1x1x1024) @ (1024x256) input=uint8 ... done (1.9s)
    [osimulator] (1x1x256) @ (256x10) input=uint8 ... done (0.1s)
  [Model 2 Phase4 v3 INT8 optic]  131/500 ( 26.2%) acc=87.79%  elapsed=519s  ETA=1463s
    [osimulator] (1x1024x32) @ (32x16) input=uint8 ... done (1.1s)
    [osimulator] (1x64x64) @ (64x32) input=uint8 ... done (0.7s)
    [osimulator] (1x64x32) @ (32x16) input=uint8 ... done (0.2s)
    [osimulator] (1x1x1024) @ (1024x256) input=uint8 ... done (1.8s)
    [osimulator] (1x1x256) @ (256x10) input=uint8 ... done (0.1s)
  [Model 2 Phase4 v3 INT8 optic]  132/500 ( 26.4%) acc=87.88%  elapsed=523s  ETA=1459s
    [osimulator] (1x1024x32) @ (32x16) input=uint8 ... done (1.0s)
    [osimulator] (1x64x64) @ (64x32) input=uint8 ... done (0.6s)
    [osimulator] (1x64x32) @ (32x16) input=uint8 ... done (0.2s)
    [osimulator] (1x1x1024) @ (1024x256) input=uint8 ... done (2.3s)
    [osimulator] (1x1x256) @ (256x10) input=uint8 ... done (0.1s)
  [Model 2 Phase4 v3 INT8 optic]  133/500 ( 26.6%) acc=87.97%  elapsed=527s  ETA=1456s
    [osimulator] (1x1024x32) @ (32x16) input=uint8 ... done (8.4s)
    [osimulator] (1x64x64) @ (64x32) input=uint8 ... done (-7.1s)
    [osimulator] (1x64x32) @ (32x16) input=uint8 ... done (0.2s)
    [osimulator] (1x1x1024) @ (1024x256) input=uint8 ... done (2.3s)
    [osimulator] (1x1x256) @ (256x10) input=uint8 ... done (0.1s)
  [Model 2 Phase4 v3 INT8 optic]  134/500 ( 26.8%) acc=88.06%  elapsed=531s  ETA=1451s
    [osimulator] (1x1024x32) @ (32x16) input=uint8 ... done (1.1s)
    [osimulator] (1x64x64) @ (64x32) input=uint8 ... done (0.8s)
    [osimulator] (1x64x32) @ (32x16) input=uint8 ... done (7.5s)
    [osimulator] (1x1x1024) @ (1024x256) input=uint8 ... done (-5.5s)
    [osimulator] (1x1x256) @ (256x10) input=uint8 ... done (0.1s)
  [Model 2 Phase4 v3 INT8 optic]  135/500 ( 27.0%) acc=88.15%  elapsed=535s  ETA=1447s
    [osimulator] (1x1024x32) @ (32x16) input=uint8 ... done (1.1s)
    [osimulator] (1x64x64) @ (64x32) input=uint8 ... done (0.7s)
    [osimulator] (1x64x32) @ (32x16) input=uint8 ... done (0.2s)
    [osimulator] (1x1x1024) @ (1024x256) input=uint8 ... done (1.9s)
    [osimulator] (1x1x256) @ (256x10) input=uint8 ... done (0.1s)
  [Model 2 Phase4 v3 INT8 optic]  136/500 ( 27.2%) acc=88.24%  elapsed=539s  ETA=1444s
    [osimulator] (1x1024x32) @ (32x16) input=uint8 ... done (1.0s)
    [osimulator] (1x64x64) @ (64x32) input=uint8 ... done (0.8s)
    [osimulator] (1x64x32) @ (32x16) input=uint8 ... done (0.2s)
    [osimulator] (1x1x1024) @ (1024x256) input=uint8 ... done (1.9s)
    [osimulator] (1x1x256) @ (256x10) input=uint8 ... done (0.1s)
  [Model 2 Phase4 v3 INT8 optic]  137/500 ( 27.4%) acc=88.32%  elapsed=543s  ETA=1440s
    [osimulator] (1x1024x32) @ (32x16) input=uint8 ... done (1.0s)
    [osimulator] (1x64x64) @ (64x32) input=uint8 ... done (0.7s)
    [osimulator] (1x64x32) @ (32x16) input=uint8 ... done (0.2s)
    [osimulator] (1x1x1024) @ (1024x256) input=uint8 ... done (2.3s)
    [osimulator] (1x1x256) @ (256x10) input=uint8 ... done (0.1s)
  [Model 2 Phase4 v3 INT8 optic]  138/500 ( 27.6%) acc=88.41%  elapsed=548s  ETA=1437s
    [osimulator] (1x1024x32) @ (32x16) input=uint8 ... done (0.5s)
    [osimulator] (1x64x64) @ (64x32) input=uint8 ... done (0.8s)
    [osimulator] (1x64x32) @ (32x16) input=uint8 ... done (0.2s)
    [osimulator] (1x1x1024) @ (1024x256) input=uint8 ... done (2.3s)
    [osimulator] (1x1x256) @ (256x10) input=uint8 ... done (0.1s)
  [Model 2 Phase4 v3 INT8 optic]  139/500 ( 27.8%) acc=88.49%  elapsed=552s  ETA=1433s
    [osimulator] (1x1024x32) @ (32x16) input=uint8 ... done (1.1s)
    [osimulator] (1x64x64) @ (64x32) input=uint8 ... done (8.1s)
    [osimulator] (1x64x32) @ (32x16) input=uint8 ... done (0.2s)
    [osimulator] (1x1x1024) @ (1024x256) input=uint8 ... done (2.2s)
    [osimulator] (1x1x256) @ (256x10) input=uint8 ... done (0.1s)
  [Model 2 Phase4 v3 INT8 optic]  140/500 ( 28.0%) acc=87.86%  elapsed=563s  ETA=1448s
    [osimulator] (1x1024x32) @ (32x16) input=uint8 ... done (-6.7s)
    [osimulator] (1x64x64) @ (64x32) input=uint8 ... done (0.7s)
    [osimulator] (1x64x32) @ (32x16) input=uint8 ... done (0.2s)
    [osimulator] (1x1x1024) @ (1024x256) input=uint8 ... done (2.0s)
    [osimulator] (1x1x256) @ (256x10) input=uint8 ... done (0.1s)
  [Model 2 Phase4 v3 INT8 optic]  141/500 ( 28.2%) acc=87.94%  elapsed=560s  ETA=1425s
    [osimulator] (1x1024x32) @ (32x16) input=uint8 ... done (1.0s)
    [osimulator] (1x64x64) @ (64x32) input=uint8 ... done (0.7s)
    [osimulator] (1x64x32) @ (32x16) input=uint8 ... done (0.2s)
    [osimulator] (1x1x1024) @ (1024x256) input=uint8 ... done (1.8s)
    [osimulator] (1x1x256) @ (256x10) input=uint8 ... done (0.1s)
  [Model 2 Phase4 v3 INT8 optic]  142/500 ( 28.4%) acc=88.03%  elapsed=563s  ETA=1420s
    [osimulator] (1x1024x32) @ (32x16) input=uint8 ... done (1.1s)
    [osimulator] (1x64x64) @ (64x32) input=uint8 ... done (0.7s)
    [osimulator] (1x64x32) @ (32x16) input=uint8 ... done (0.2s)
    [osimulator] (1x1x1024) @ (1024x256) input=uint8 ... done (2.4s)
    [osimulator] (1x1x256) @ (256x10) input=uint8 ... done (0.1s)
  [Model 2 Phase4 v3 INT8 optic]  143/500 ( 28.6%) acc=88.11%  elapsed=568s  ETA=1418s
    [osimulator] (1x1024x32) @ (32x16) input=uint8 ... done (0.5s)
    [osimulator] (1x64x64) @ (64x32) input=uint8 ... done (0.7s)
    [osimulator] (1x64x32) @ (32x16) input=uint8 ... done (0.2s)
    [osimulator] (1x1x1024) @ (1024x256) input=uint8 ... done (2.3s)
    [osimulator] (1x1x256) @ (256x10) input=uint8 ... done (0.1s)
  [Model 2 Phase4 v3 INT8 optic]  144/500 ( 28.8%) acc=88.19%  elapsed=572s  ETA=1413s
    [osimulator] (1x1024x32) @ (32x16) input=uint8 ... done (1.0s)
    [osimulator] (1x64x64) @ (64x32) input=uint8 ... done (8.0s)
    [osimulator] (1x64x32) @ (32x16) input=uint8 ... done (0.2s)
    [osimulator] (1x1x1024) @ (1024x256) input=uint8 ... done (-5.5s)
    [osimulator] (1x1x256) @ (256x10) input=uint8 ... done (0.1s)
  [Model 2 Phase4 v3 INT8 optic]  145/500 ( 29.0%) acc=87.59%  elapsed=576s  ETA=1409s
    [osimulator] (1x1024x32) @ (32x16) input=uint8 ... done (1.0s)
    [osimulator] (1x64x64) @ (64x32) input=uint8 ... done (0.7s)
    [osimulator] (1x64x32) @ (32x16) input=uint8 ... done (0.2s)
    [osimulator] (1x1x1024) @ (1024x256) input=uint8 ... done (1.9s)
    [osimulator] (1x1x256) @ (256x10) input=uint8 ... done (0.1s)
  [Model 2 Phase4 v3 INT8 optic]  146/500 ( 29.2%) acc=87.67%  elapsed=579s  ETA=1405s
    [osimulator] (1x1024x32) @ (32x16) input=uint8 ... done (1.0s)
    [osimulator] (1x64x64) @ (64x32) input=uint8 ... done (0.7s)
    [osimulator] (1x64x32) @ (32x16) input=uint8 ... done (0.2s)
    [osimulator] (1x1x1024) @ (1024x256) input=uint8 ... done (1.8s)
    [osimulator] (1x1x256) @ (256x10) input=uint8 ... done (0.1s)
  [Model 2 Phase4 v3 INT8 optic]  147/500 ( 29.4%) acc=87.76%  elapsed=583s  ETA=1401s
    [osimulator] (1x1024x32) @ (32x16) input=uint8 ... done (1.0s)
    [osimulator] (1x64x64) @ (64x32) input=uint8 ... done (0.7s)
    [osimulator] (1x64x32) @ (32x16) input=uint8 ... done (0.2s)
    [osimulator] (1x1x1024) @ (1024x256) input=uint8 ... done (2.3s)
    [osimulator] (1x1x256) @ (256x10) input=uint8 ... done (0.1s)
  [Model 2 Phase4 v3 INT8 optic]  148/500 ( 29.6%) acc=87.84%  elapsed=588s  ETA=1397s
    [osimulator] (1x1024x32) @ (32x16) input=uint8 ... done (8.3s)
    [osimulator] (1x64x64) @ (64x32) input=uint8 ... done (-7.0s)
    [osimulator] (1x64x32) @ (32x16) input=uint8 ... done (0.2s)
    [osimulator] (1x1x1024) @ (1024x256) input=uint8 ... done (2.4s)
    [osimulator] (1x1x256) @ (256x10) input=uint8 ... done (0.1s)
  [Model 2 Phase4 v3 INT8 optic]  149/500 ( 29.8%) acc=87.92%  elapsed=592s  ETA=1394s
    [osimulator] (1x1024x32) @ (32x16) input=uint8 ... done (1.0s)
    [osimulator] (1x64x64) @ (64x32) input=uint8 ... done (0.8s)
    [osimulator] (1x64x32) @ (32x16) input=uint8 ... done (7.5s)
    [osimulator] (1x1x1024) @ (1024x256) input=uint8 ... done (-5.5s)
    [osimulator] (1x1x256) @ (256x10) input=uint8 ... done (0.1s)
  [Model 2 Phase4 v3 INT8 optic]  150/500 ( 30.0%) acc=88.00%  elapsed=595s  ETA=1389s
    [osimulator] (1x1024x32) @ (32x16) input=uint8 ... done (1.0s)
    [osimulator] (1x64x64) @ (64x32) input=uint8 ... done (0.7s)
    [osimulator] (1x64x32) @ (32x16) input=uint8 ... done (0.2s)
    [osimulator] (1x1x1024) @ (1024x256) input=uint8 ... done (1.8s)
    [osimulator] (1x1x256) @ (256x10) input=uint8 ... done (0.1s)
  [Model 2 Phase4 v3 INT8 optic]  151/500 ( 30.2%) acc=88.08%  elapsed=599s  ETA=1385s
    [osimulator] (1x1024x32) @ (32x16) input=uint8 ... done (1.0s)
    [osimulator] (1x64x64) @ (64x32) input=uint8 ... done (0.6s)
    [osimulator] (1x64x32) @ (32x16) input=uint8 ... done (0.2s)
    [osimulator] (1x1x1024) @ (1024x256) input=uint8 ... done (9.6s)
    [osimulator] (1x1x256) @ (256x10) input=uint8 ... done (0.1s)
  [Model 2 Phase4 v3 INT8 optic]  152/500 ( 30.4%) acc=88.16%  elapsed=611s  ETA=1399s
    [osimulator] (1x1024x32) @ (32x16) input=uint8 ... done (-6.8s)
    [osimulator] (1x64x64) @ (64x32) input=uint8 ... done (0.7s)
    [osimulator] (1x64x32) @ (32x16) input=uint8 ... done (0.2s)
    [osimulator] (1x1x1024) @ (1024x256) input=uint8 ... done (2.3s)
    [osimulator] (1x1x256) @ (256x10) input=uint8 ... done (0.1s)
  [Model 2 Phase4 v3 INT8 optic]  153/500 ( 30.6%) acc=88.24%  elapsed=608s  ETA=1378s
    [osimulator] (1x1024x32) @ (32x16) input=uint8 ... done (8.4s)
    [osimulator] (1x64x64) @ (64x32) input=uint8 ... done (-7.1s)
    [osimulator] (1x64x32) @ (32x16) input=uint8 ... done (0.2s)
    [osimulator] (1x1x1024) @ (1024x256) input=uint8 ... done (2.2s)
    [osimulator] (1x1x256) @ (256x10) input=uint8 ... done (0.1s)
  [Model 2 Phase4 v3 INT8 optic]  154/500 ( 30.8%) acc=88.31%  elapsed=611s  ETA=1374s
    [osimulator] (1x1024x32) @ (32x16) input=uint8 ... done (1.0s)
    [osimulator] (1x64x64) @ (64x32) input=uint8 ... done (0.7s)
    [osimulator] (1x64x32) @ (32x16) input=uint8 ... done (7.7s)
    [osimulator] (1x1x1024) @ (1024x256) input=uint8 ... done (-5.5s)
    [osimulator] (1x1x256) @ (256x10) input=uint8 ... done (0.1s)
  [Model 2 Phase4 v3 INT8 optic]  155/500 ( 31.0%) acc=88.39%  elapsed=615s  ETA=1370s
    [osimulator] (1x1024x32) @ (32x16) input=uint8 ... done (1.0s)
    [osimulator] (1x64x64) @ (64x32) input=uint8 ... done (0.7s)
    [osimulator] (1x64x32) @ (32x16) input=uint8 ... done (0.2s)
    [osimulator] (1x1x1024) @ (1024x256) input=uint8 ... done (1.8s)
    [osimulator] (1x1x256) @ (256x10) input=uint8 ... done (0.1s)
  [Model 2 Phase4 v3 INT8 optic]  156/500 ( 31.2%) acc=88.46%  elapsed=619s  ETA=1366s
    [osimulator] (1x1024x32) @ (32x16) input=uint8 ... done (1.0s)
    [osimulator] (1x64x64) @ (64x32) input=uint8 ... done (0.6s)
    [osimulator] (1x64x32) @ (32x16) input=uint8 ... done (0.2s)
    [osimulator] (1x1x1024) @ (1024x256) input=uint8 ... done (2.3s)
    [osimulator] (1x1x256) @ (256x10) input=uint8 ... done (0.1s)
  [Model 2 Phase4 v3 INT8 optic]  157/500 ( 31.4%) acc=88.54%  elapsed=623s  ETA=1362s
    [osimulator] (1x1024x32) @ (32x16) input=uint8 ... done (0.5s)
    [osimulator] (1x64x64) @ (64x32) input=uint8 ... done (0.7s)
    [osimulator] (1x64x32) @ (32x16) input=uint8 ... done (0.2s)
    [osimulator] (1x1x1024) @ (1024x256) input=uint8 ... done (2.3s)
    [osimulator] (1x1x256) @ (256x10) input=uint8 ... done (0.1s)
  [Model 2 Phase4 v3 INT8 optic]  158/500 ( 31.6%) acc=88.61%  elapsed=627s  ETA=1358s
    [osimulator] (1x1024x32) @ (32x16) input=uint8 ... done (1.1s)
    [osimulator] (1x64x64) @ (64x32) input=uint8 ... done (0.2s)
    [osimulator] (1x64x32) @ (32x16) input=uint8 ... done (0.2s)
    [osimulator] (1x1x1024) @ (1024x256) input=uint8 ... done (2.4s)
    [osimulator] (1x1x256) @ (256x10) input=uint8 ... done (0.1s)
  [Model 2 Phase4 v3 INT8 optic]  159/500 ( 31.8%) acc=88.68%  elapsed=631s  ETA=1354s
    [osimulator] (1x1024x32) @ (32x16) input=uint8 ... done (1.1s)
    [osimulator] (1x64x64) @ (64x32) input=uint8 ... done (0.7s)
    [osimulator] (1x64x32) @ (32x16) input=uint8 ... done (0.2s)
    [osimulator] (1x1x1024) @ (1024x256) input=uint8 ... done (1.9s)
    [osimulator] (1x1x256) @ (256x10) input=uint8 ... done (0.1s)
  [Model 2 Phase4 v3 INT8 optic]  160/500 ( 32.0%) acc=88.75%  elapsed=635s  ETA=1350s
    [osimulator] (1x1024x32) @ (32x16) input=uint8 ... done (1.1s)
    [osimulator] (1x64x64) @ (64x32) input=uint8 ... done (0.8s)
    [osimulator] (1x64x32) @ (32x16) input=uint8 ... done (0.2s)
    [osimulator] (1x1x1024) @ (1024x256) input=uint8 ... done (1.9s)
    [osimulator] (1x1x256) @ (256x10) input=uint8 ... done (0.1s)
  [Model 2 Phase4 v3 INT8 optic]  161/500 ( 32.2%) acc=88.82%  elapsed=639s  ETA=1346s
    [osimulator] (1x1024x32) @ (32x16) input=uint8 ... done (1.1s)
    [osimulator] (1x64x64) @ (64x32) input=uint8 ... done (0.7s)
    [osimulator] (1x64x32) @ (32x16) input=uint8 ... done (0.2s)
    [osimulator] (1x1x1024) @ (1024x256) input=uint8 ... done (9.7s)
    [osimulator] (1x1x256) @ (256x10) input=uint8 ... done (0.1s)
  [Model 2 Phase4 v3 INT8 optic]  162/500 ( 32.4%) acc=88.89%  elapsed=643s  ETA=1342s
    [osimulator] (1x1024x32) @ (32x16) input=uint8 ... done (1.1s)
    [osimulator] (1x64x64) @ (64x32) input=uint8 ... done (0.7s)
    [osimulator] (1x64x32) @ (32x16) input=uint8 ... done (0.2s)
    [osimulator] (1x1x1024) @ (1024x256) input=uint8 ... done (2.3s)
    [osimulator] (1x1x256) @ (256x10) input=uint8 ... done (0.1s)
  [Model 2 Phase4 v3 INT8 optic]  163/500 ( 32.6%) acc=88.96%  elapsed=648s  ETA=1340s
    [osimulator] (1x1024x32) @ (32x16) input=uint8 ... done (0.6s)
    [osimulator] (1x64x64) @ (64x32) input=uint8 ... done (0.7s)
    [osimulator] (1x64x32) @ (32x16) input=uint8 ... done (0.2s)
    [osimulator] (1x1x1024) @ (1024x256) input=uint8 ... done (2.4s)
    [osimulator] (1x1x256) @ (256x10) input=uint8 ... done (0.1s)
  [Model 2 Phase4 v3 INT8 optic]  164/500 ( 32.8%) acc=88.41%  elapsed=652s  ETA=1335s
    [osimulator] (1x1024x32) @ (32x16) input=uint8 ... done (1.0s)
    [osimulator] (1x64x64) @ (64x32) input=uint8 ... done (8.1s)
    [osimulator] (1x64x32) @ (32x16) input=uint8 ... done (-7.6s)
    [osimulator] (1x1x1024) @ (1024x256) input=uint8 ... done (2.4s)
    [osimulator] (1x1x256) @ (256x10) input=uint8 ... done (0.1s)
  [Model 2 Phase4 v3 INT8 optic]  165/500 ( 33.0%) acc=88.48%  elapsed=656s  ETA=1331s
    [osimulator] (1x1024x32) @ (32x16) input=uint8 ... done (1.1s)
    [osimulator] (1x64x64) @ (64x32) input=uint8 ... done (0.8s)
    [osimulator] (1x64x32) @ (32x16) input=uint8 ... done (0.2s)
    [osimulator] (1x1x1024) @ (1024x256) input=uint8 ... done (1.8s)
    [osimulator] (1x1x256) @ (256x10) input=uint8 ... done (0.1s)
  [Model 2 Phase4 v3 INT8 optic]  166/500 ( 33.2%) acc=88.55%  elapsed=660s  ETA=1327s
    [osimulator] (1x1024x32) @ (32x16) input=uint8 ... done (1.1s)
    [osimulator] (1x64x64) @ (64x32) input=uint8 ... done (0.7s)
    [osimulator] (1x64x32) @ (32x16) input=uint8 ... done (0.2s)
    [osimulator] (1x1x1024) @ (1024x256) input=uint8 ... done (1.8s)
    [osimulator] (1x1x256) @ (256x10) input=uint8 ... done (0.1s)
  [Model 2 Phase4 v3 INT8 optic]  167/500 ( 33.4%) acc=88.62%  elapsed=664s  ETA=1323s
    [osimulator] (1x1024x32) @ (32x16) input=uint8 ... done (8.7s)
    [osimulator] (1x64x64) @ (64x32) input=uint8 ... done (-7.0s)
    [osimulator] (1x64x32) @ (32x16) input=uint8 ... done (0.2s)
    [osimulator] (1x1x1024) @ (1024x256) input=uint8 ... done (2.3s)
    [osimulator] (1x1x256) @ (256x10) input=uint8 ... done (0.1s)
  [Model 2 Phase4 v3 INT8 optic]  168/500 ( 33.6%) acc=88.69%  elapsed=668s  ETA=1320s
    [osimulator] (1x1024x32) @ (32x16) input=uint8 ... done (0.7s)
    [osimulator] (1x64x64) @ (64x32) input=uint8 ... done (0.7s)
    [osimulator] (1x64x32) @ (32x16) input=uint8 ... done (0.2s)
    [osimulator] (1x1x1024) @ (1024x256) input=uint8 ... done (2.3s)
    [osimulator] (1x1x256) @ (256x10) input=uint8 ... done (0.1s)
  [Model 2 Phase4 v3 INT8 optic]  169/500 ( 33.8%) acc=88.76%  elapsed=672s  ETA=1316s
    [osimulator] (1x1024x32) @ (32x16) input=uint8 ... done (1.0s)
    [osimulator] (1x64x64) @ (64x32) input=uint8 ... done (8.1s)
    [osimulator] (1x64x32) @ (32x16) input=uint8 ... done (0.2s)
    [osimulator] (1x1x1024) @ (1024x256) input=uint8 ... done (-5.5s)
    [osimulator] (1x1x256) @ (256x10) input=uint8 ... done (0.1s)
  [Model 2 Phase4 v3 INT8 optic]  170/500 ( 34.0%) acc=88.82%  elapsed=676s  ETA=1312s
    [osimulator] (1x1024x32) @ (32x16) input=uint8 ... done (1.0s)
    [osimulator] (1x64x64) @ (64x32) input=uint8 ... done (0.8s)
    [osimulator] (1x64x32) @ (32x16) input=uint8 ... done (0.2s)
    [osimulator] (1x1x1024) @ (1024x256) input=uint8 ... done (1.9s)
    [osimulator] (1x1x256) @ (256x10) input=uint8 ... done (0.1s)
  [Model 2 Phase4 v3 INT8 optic]  171/500 ( 34.2%) acc=88.89%  elapsed=680s  ETA=1308s
    [osimulator] (1x1024x32) @ (32x16) input=uint8 ... done (1.0s)
    [osimulator] (1x64x64) @ (64x32) input=uint8 ... done (0.7s)
    [osimulator] (1x64x32) @ (32x16) input=uint8 ... done (0.2s)
    [osimulator] (1x1x1024) @ (1024x256) input=uint8 ... done (1.8s)
    [osimulator] (1x1x256) @ (256x10) input=uint8 ... done (0.1s)
  [Model 2 Phase4 v3 INT8 optic]  172/500 ( 34.4%) acc=88.37%  elapsed=684s  ETA=1304s
    [osimulator] (1x1024x32) @ (32x16) input=uint8 ... done (1.0s)
    [osimulator] (1x64x64) @ (64x32) input=uint8 ... done (0.7s)
    [osimulator] (1x64x32) @ (32x16) input=uint8 ... done (0.2s)
    [osimulator] (1x1x1024) @ (1024x256) input=uint8 ... done (2.3s)
    [osimulator] (1x1x256) @ (256x10) input=uint8 ... done (0.1s)
  [Model 2 Phase4 v3 INT8 optic]  173/500 ( 34.6%) acc=88.44%  elapsed=688s  ETA=1301s
    [osimulator] (1x1024x32) @ (32x16) input=uint8 ... done (0.5s)
    [osimulator] (1x64x64) @ (64x32) input=uint8 ... done (0.7s)
    [osimulator] (1x64x32) @ (32x16) input=uint8 ... done (0.2s)
    [osimulator] (1x1x1024) @ (1024x256) input=uint8 ... done (2.4s)
    [osimulator] (1x1x256) @ (256x10) input=uint8 ... done (0.1s)
  [Model 2 Phase4 v3 INT8 optic]  174/500 ( 34.8%) acc=88.51%  elapsed=692s  ETA=1297s
    [osimulator] (1x1024x32) @ (32x16) input=uint8 ... done (-6.6s)
    [osimulator] (1x64x64) @ (64x32) input=uint8 ... done (0.6s)
    [osimulator] (1x64x32) @ (32x16) input=uint8 ... done (0.2s)
    [osimulator] (1x1x1024) @ (1024x256) input=uint8 ... done (2.4s)
    [osimulator] (1x1x256) @ (256x10) input=uint8 ... done (0.1s)
  [Model 2 Phase4 v3 INT8 optic]  175/500 ( 35.0%) acc=88.57%  elapsed=696s  ETA=1293s
    [osimulator] (1x1024x32) @ (32x16) input=uint8 ... done (1.1s)
    [osimulator] (1x64x64) @ (64x32) input=uint8 ... done (0.8s)
    [osimulator] (1x64x32) @ (32x16) input=uint8 ... done (0.2s)
    [osimulator] (1x1x1024) @ (1024x256) input=uint8 ... done (1.8s)
    [osimulator] (1x1x256) @ (256x10) input=uint8 ... done (0.1s)
  [Model 2 Phase4 v3 INT8 optic]  176/500 ( 35.2%) acc=88.64%  elapsed=700s  ETA=1289s
    [osimulator] (1x1024x32) @ (32x16) input=uint8 ... done (1.0s)
    [osimulator] (1x64x64) @ (64x32) input=uint8 ... done (0.9s)
    [osimulator] (1x64x32) @ (32x16) input=uint8 ... done (0.2s)
    [osimulator] (1x1x1024) @ (1024x256) input=uint8 ... done (1.8s)
    [osimulator] (1x1x256) @ (256x10) input=uint8 ... done (0.1s)
  [Model 2 Phase4 v3 INT8 optic]  177/500 ( 35.4%) acc=88.14%  elapsed=704s  ETA=1285s
    [osimulator] (1x1024x32) @ (32x16) input=uint8 ... done (1.0s)
    [osimulator] (1x64x64) @ (64x32) input=uint8 ... done (0.7s)
    [osimulator] (1x64x32) @ (32x16) input=uint8 ... done (0.2s)
    [osimulator] (1x1x1024) @ (1024x256) input=uint8 ... done (2.4s)
    [osimulator] (1x1x256) @ (256x10) input=uint8 ... done (0.1s)
  [Model 2 Phase4 v3 INT8 optic]  178/500 ( 35.6%) acc=88.20%  elapsed=709s  ETA=1282s
    [osimulator] (1x1024x32) @ (32x16) input=uint8 ... done (-6.7s)
    [osimulator] (1x64x64) @ (64x32) input=uint8 ... done (0.7s)
    [osimulator] (1x64x32) @ (32x16) input=uint8 ... done (0.2s)
    [osimulator] (1x1x1024) @ (1024x256) input=uint8 ... done (2.4s)
    [osimulator] (1x1x256) @ (256x10) input=uint8 ... done (0.1s)
  [Model 2 Phase4 v3 INT8 optic]  179/500 ( 35.8%) acc=88.27%  elapsed=713s  ETA=1278s
    [osimulator] (1x1024x32) @ (32x16) input=uint8 ... done (8.3s)
    [osimulator] (1x64x64) @ (64x32) input=uint8 ... done (-7.1s)
    [osimulator] (1x64x32) @ (32x16) input=uint8 ... done (0.2s)
    [osimulator] (1x1x1024) @ (1024x256) input=uint8 ... done (2.3s)
    [osimulator] (1x1x256) @ (256x10) input=uint8 ... done (0.1s)
  [Model 2 Phase4 v3 INT8 optic]  180/500 ( 36.0%) acc=88.33%  elapsed=717s  ETA=1274s
    [osimulator] (1x1024x32) @ (32x16) input=uint8 ... done (1.0s)
    [osimulator] (1x64x64) @ (64x32) input=uint8 ... done (0.8s)
    [osimulator] (1x64x32) @ (32x16) input=uint8 ... done (0.2s)
    [osimulator] (1x1x1024) @ (1024x256) input=uint8 ... done (1.8s)
    [osimulator] (1x1x256) @ (256x10) input=uint8 ... done (0.1s)
  [Model 2 Phase4 v3 INT8 optic]  181/500 ( 36.2%) acc=88.40%  elapsed=720s  ETA=1270s
    [osimulator] (1x1024x32) @ (32x16) input=uint8 ... done (1.0s)
    [osimulator] (1x64x64) @ (64x32) input=uint8 ... done (0.7s)
    [osimulator] (1x64x32) @ (32x16) input=uint8 ... done (0.2s)
    [osimulator] (1x1x1024) @ (1024x256) input=uint8 ... done (1.9s)
    [osimulator] (1x1x256) @ (256x10) input=uint8 ... done (0.1s)
  [Model 2 Phase4 v3 INT8 optic]  182/500 ( 36.4%) acc=87.91%  elapsed=724s  ETA=1266s
    [osimulator] (1x1024x32) @ (32x16) input=uint8 ... done (1.0s)
    [osimulator] (1x64x64) @ (64x32) input=uint8 ... done (0.7s)
    [osimulator] (1x64x32) @ (32x16) input=uint8 ... done (0.2s)
    [osimulator] (1x1x1024) @ (1024x256) input=uint8 ... done (2.3s)
    [osimulator] (1x1x256) @ (256x10) input=uint8 ... done (0.1s)
  [Model 2 Phase4 v3 INT8 optic]  183/500 ( 36.6%) acc=87.98%  elapsed=729s  ETA=1262s
    [osimulator] (1x1024x32) @ (32x16) input=uint8 ... done (-6.8s)
    [osimulator] (1x64x64) @ (64x32) input=uint8 ... done (0.7s)
    [osimulator] (1x64x32) @ (32x16) input=uint8 ... done (0.2s)
    [osimulator] (1x1x1024) @ (1024x256) input=uint8 ... done (2.3s)
    [osimulator] (1x1x256) @ (256x10) input=uint8 ... done (0.1s)
  [Model 2 Phase4 v3 INT8 optic]  184/500 ( 36.8%) acc=88.04%  elapsed=733s  ETA=1258s
    [osimulator] (1x1024x32) @ (32x16) input=uint8 ... done (8.4s)
    [osimulator] (1x64x64) @ (64x32) input=uint8 ... done (-7.0s)
    [osimulator] (1x64x32) @ (32x16) input=uint8 ... done (0.2s)
    [osimulator] (1x1x1024) @ (1024x256) input=uint8 ... done (2.3s)
    [osimulator] (1x1x256) @ (256x10) input=uint8 ... done (0.1s)
  [Model 2 Phase4 v3 INT8 optic]  185/500 ( 37.0%) acc=88.11%  elapsed=737s  ETA=1254s
    [osimulator] (1x1024x32) @ (32x16) input=uint8 ... done (1.1s)
    [osimulator] (1x64x64) @ (64x32) input=uint8 ... done (0.8s)
    [osimulator] (1x64x32) @ (32x16) input=uint8 ... done (7.5s)
    [osimulator] (1x1x1024) @ (1024x256) input=uint8 ... done (-5.5s)
    [osimulator] (1x1x256) @ (256x10) input=uint8 ... done (0.1s)
  [Model 2 Phase4 v3 INT8 optic]  186/500 ( 37.2%) acc=88.17%  elapsed=741s  ETA=1250s
    [osimulator] (1x1024x32) @ (32x16) input=uint8 ... done (1.0s)
    [osimulator] (1x64x64) @ (64x32) input=uint8 ... done (0.7s)
    [osimulator] (1x64x32) @ (32x16) input=uint8 ... done (0.2s)
    [osimulator] (1x1x1024) @ (1024x256) input=uint8 ... done (1.8s)
    [osimulator] (1x1x256) @ (256x10) input=uint8 ... done (0.1s)
  [Model 2 Phase4 v3 INT8 optic]  187/500 ( 37.4%) acc=88.24%  elapsed=745s  ETA=1246s
    [osimulator] (1x1024x32) @ (32x16) input=uint8 ... done (1.1s)
    [osimulator] (1x64x64) @ (64x32) input=uint8 ... done (0.7s)
    [osimulator] (1x64x32) @ (32x16) input=uint8 ... done (0.2s)
    [osimulator] (1x1x1024) @ (1024x256) input=uint8 ... done (9.7s)
    [osimulator] (1x1x256) @ (256x10) input=uint8 ... done (0.1s)
  [Model 2 Phase4 v3 INT8 optic]  188/500 ( 37.6%) acc=88.30%  elapsed=756s  ETA=1255s
    [osimulator] (1x1024x32) @ (32x16) input=uint8 ... done (-6.8s)
    [osimulator] (1x64x64) @ (64x32) input=uint8 ... done (0.8s)
    [osimulator] (1x64x32) @ (32x16) input=uint8 ... done (0.2s)
    [osimulator] (1x1x1024) @ (1024x256) input=uint8 ... done (2.3s)
    [osimulator] (1x1x256) @ (256x10) input=uint8 ... done (0.1s)
  [Model 2 Phase4 v3 INT8 optic]  189/500 ( 37.8%) acc=88.36%  elapsed=753s  ETA=1239s
    [osimulator] (1x1024x32) @ (32x16) input=uint8 ... done (8.3s)
    [osimulator] (1x64x64) @ (64x32) input=uint8 ... done (-7.1s)
    [osimulator] (1x64x32) @ (32x16) input=uint8 ... done (0.2s)
    [osimulator] (1x1x1024) @ (1024x256) input=uint8 ... done (2.4s)
    [osimulator] (1x1x256) @ (256x10) input=uint8 ... done (0.1s)
  [Model 2 Phase4 v3 INT8 optic]  190/500 ( 38.0%) acc=88.42%  elapsed=757s  ETA=1235s
    [osimulator] (1x1024x32) @ (32x16) input=uint8 ... done (1.0s)
    [osimulator] (1x64x64) @ (64x32) input=uint8 ... done (0.8s)
    [osimulator] (1x64x32) @ (32x16) input=uint8 ... done (0.2s)
    [osimulator] (1x1x1024) @ (1024x256) input=uint8 ... done (1.8s)
    [osimulator] (1x1x256) @ (256x10) input=uint8 ... done (0.1s)
  [Model 2 Phase4 v3 INT8 optic]  191/500 ( 38.2%) acc=88.48%  elapsed=761s  ETA=1230s
    [osimulator] (1x1024x32) @ (32x16) input=uint8 ... done (1.1s)
    [osimulator] (1x64x64) @ (64x32) input=uint8 ... done (0.7s)
    [osimulator] (1x64x32) @ (32x16) input=uint8 ... done (0.2s)
    [osimulator] (1x1x1024) @ (1024x256) input=uint8 ... done (1.8s)
    [osimulator] (1x1x256) @ (256x10) input=uint8 ... done (0.1s)
  [Model 2 Phase4 v3 INT8 optic]  192/500 ( 38.4%) acc=88.54%  elapsed=765s  ETA=1226s
    [osimulator] (1x1024x32) @ (32x16) input=uint8 ... done (1.0s)
    [osimulator] (1x64x64) @ (64x32) input=uint8 ... done (0.8s)
    [osimulator] (1x64x32) @ (32x16) input=uint8 ... done (0.2s)
    [osimulator] (1x1x1024) @ (1024x256) input=uint8 ... done (9.7s)
    [osimulator] (1x1x256) @ (256x10) input=uint8 ... done (0.1s)
  [Model 2 Phase4 v3 INT8 optic]  193/500 ( 38.6%) acc=88.60%  elapsed=776s  ETA=1235s
    [osimulator] (1x1024x32) @ (32x16) input=uint8 ... done (-6.8s)
    [osimulator] (1x64x64) @ (64x32) input=uint8 ... done (0.7s)
    [osimulator] (1x64x32) @ (32x16) input=uint8 ... done (0.2s)
    [osimulator] (1x1x1024) @ (1024x256) input=uint8 ... done (2.4s)
    [osimulator] (1x1x256) @ (256x10) input=uint8 ... done (0.1s)
  [Model 2 Phase4 v3 INT8 optic]  194/500 ( 38.8%) acc=88.14%  elapsed=773s  ETA=1219s
    [osimulator] (1x1024x32) @ (32x16) input=uint8 ... done (8.3s)
    [osimulator] (1x64x64) @ (64x32) input=uint8 ... done (-7.0s)
    [osimulator] (1x64x32) @ (32x16) input=uint8 ... done (0.2s)
    [osimulator] (1x1x1024) @ (1024x256) input=uint8 ... done (2.4s)
    [osimulator] (1x1x256) @ (256x10) input=uint8 ... done (0.1s)
  [Model 2 Phase4 v3 INT8 optic]  195/500 ( 39.0%) acc=88.21%  elapsed=777s  ETA=1215s
    [osimulator] (1x1024x32) @ (32x16) input=uint8 ... done (1.1s)
    [osimulator] (1x64x64) @ (64x32) input=uint8 ... done (0.8s)
    [osimulator] (1x64x32) @ (32x16) input=uint8 ... done (7.5s)
    [osimulator] (1x1x1024) @ (1024x256) input=uint8 ... done (-5.5s)
    [osimulator] (1x1x256) @ (256x10) input=uint8 ... done (0.1s)
  [Model 2 Phase4 v3 INT8 optic]  196/500 ( 39.2%) acc=88.27%  elapsed=781s  ETA=1211s
    [osimulator] (1x1024x32) @ (32x16) input=uint8 ... done (1.0s)
    [osimulator] (1x64x64) @ (64x32) input=uint8 ... done (0.8s)
    [osimulator] (1x64x32) @ (32x16) input=uint8 ... done (0.2s)
    [osimulator] (1x1x1024) @ (1024x256) input=uint8 ... done (1.8s)
    [osimulator] (1x1x256) @ (256x10) input=uint8 ... done (0.1s)
  [Model 2 Phase4 v3 INT8 optic]  197/500 ( 39.4%) acc=88.32%  elapsed=785s  ETA=1207s
    [osimulator] (1x1024x32) @ (32x16) input=uint8 ... done (1.1s)
    [osimulator] (1x64x64) @ (64x32) input=uint8 ... done (0.8s)
    [osimulator] (1x64x32) @ (32x16) input=uint8 ... done (0.2s)
    [osimulator] (1x1x1024) @ (1024x256) input=uint8 ... done (1.9s)
    [osimulator] (1x1x256) @ (256x10) input=uint8 ... done (0.1s)
  [Model 2 Phase4 v3 INT8 optic]  198/500 ( 39.6%) acc=87.88%  elapsed=789s  ETA=1203s
    [osimulator] (1x1024x32) @ (32x16) input=uint8 ... done (1.1s)
    [osimulator] (1x64x64) @ (64x32) input=uint8 ... done (0.9s)
    [osimulator] (1x64x32) @ (32x16) input=uint8 ... done (0.2s)
    [osimulator] (1x1x1024) @ (1024x256) input=uint8 ... done (2.3s)
    [osimulator] (1x1x256) @ (256x10) input=uint8 ... done (0.1s)
  [Model 2 Phase4 v3 INT8 optic]  199/500 ( 39.8%) acc=87.94%  elapsed=793s  ETA=1200s
    [osimulator] (1x1024x32) @ (32x16) input=uint8 ... done (0.5s)
    [osimulator] (1x64x64) @ (64x32) input=uint8 ... done (0.7s)
    [osimulator] (1x64x32) @ (32x16) input=uint8 ... done (0.2s)
    [osimulator] (1x1x1024) @ (1024x256) input=uint8 ... done (2.3s)
    [osimulator] (1x1x256) @ (256x10) input=uint8 ... done (0.1s)
  [Model 2 Phase4 v3 INT8 optic]  200/500 ( 40.0%) acc=88.00%  elapsed=797s  ETA=1196s
    [osimulator] (1x1024x32) @ (32x16) input=uint8 ... done (1.1s)
    [osimulator] (1x64x64) @ (64x32) input=uint8 ... done (0.2s)
    [osimulator] (1x64x32) @ (32x16) input=uint8 ... done (0.2s)
    [osimulator] (1x1x1024) @ (1024x256) input=uint8 ... done (2.3s)
    [osimulator] (1x1x256) @ (256x10) input=uint8 ... done (7.6s)
  [Model 2 Phase4 v3 INT8 optic]  201/500 ( 40.2%) acc=88.06%  elapsed=809s  ETA=1203s
    [osimulator] (1x1024x32) @ (32x16) input=uint8 ... done (-6.8s)
    [osimulator] (1x64x64) @ (64x32) input=uint8 ... done (0.7s)
    [osimulator] (1x64x32) @ (32x16) input=uint8 ... done (0.2s)
    [osimulator] (1x1x1024) @ (1024x256) input=uint8 ... done (2.1s)
    [osimulator] (1x1x256) @ (256x10) input=uint8 ... done (0.1s)
  [Model 2 Phase4 v3 INT8 optic]  202/500 ( 40.4%) acc=88.12%  elapsed=805s  ETA=1188s
    [osimulator] (1x1024x32) @ (32x16) input=uint8 ... done (1.0s)
    [osimulator] (1x64x64) @ (64x32) input=uint8 ... done (0.7s)
    [osimulator] (1x64x32) @ (32x16) input=uint8 ... done (0.2s)
    [osimulator] (1x1x1024) @ (1024x256) input=uint8 ... done (1.8s)
    [osimulator] (1x1x256) @ (256x10) input=uint8 ... done (0.1s)
  [Model 2 Phase4 v3 INT8 optic]  203/500 ( 40.6%) acc=88.18%  elapsed=809s  ETA=1183s
    [osimulator] (1x1024x32) @ (32x16) input=uint8 ... done (1.0s)
    [osimulator] (1x64x64) @ (64x32) input=uint8 ... done (0.8s)
    [osimulator] (1x64x32) @ (32x16) input=uint8 ... done (0.2s)
    [osimulator] (1x1x1024) @ (1024x256) input=uint8 ... done (2.4s)
    [osimulator] (1x1x256) @ (256x10) input=uint8 ... done (0.1s)
  [Model 2 Phase4 v3 INT8 optic]  204/500 ( 40.8%) acc=88.24%  elapsed=813s  ETA=1180s
    [osimulator] (1x1024x32) @ (32x16) input=uint8 ... done (0.5s)
    [osimulator] (1x64x64) @ (64x32) input=uint8 ... done (0.7s)
    [osimulator] (1x64x32) @ (32x16) input=uint8 ... done (0.2s)
    [osimulator] (1x1x1024) @ (1024x256) input=uint8 ... done (2.3s)
    [osimulator] (1x1x256) @ (256x10) input=uint8 ... done (0.1s)
  [Model 2 Phase4 v3 INT8 optic]  205/500 ( 41.0%) acc=88.29%  elapsed=817s  ETA=1176s
    [osimulator] (1x1024x32) @ (32x16) input=uint8 ... done (1.1s)
    [osimulator] (1x64x64) @ (64x32) input=uint8 ... done (8.0s)
    [osimulator] (1x64x32) @ (32x16) input=uint8 ... done (-7.6s)
    [osimulator] (1x1x1024) @ (1024x256) input=uint8 ... done (2.3s)
    [osimulator] (1x1x256) @ (256x10) input=uint8 ... done (0.1s)
  [Model 2 Phase4 v3 INT8 optic]  206/500 ( 41.2%) acc=88.35%  elapsed=821s  ETA=1172s
    [osimulator] (1x1024x32) @ (32x16) input=uint8 ... done (1.1s)
    [osimulator] (1x64x64) @ (64x32) input=uint8 ... done (0.7s)
    [osimulator] (1x64x32) @ (32x16) input=uint8 ... done (0.2s)
    [osimulator] (1x1x1024) @ (1024x256) input=uint8 ... done (1.8s)
    [osimulator] (1x1x256) @ (256x10) input=uint8 ... done (0.1s)
  [Model 2 Phase4 v3 INT8 optic]  207/500 ( 41.4%) acc=88.41%  elapsed=825s  ETA=1168s
    [osimulator] (1x1024x32) @ (32x16) input=uint8 ... done (1.0s)
    [osimulator] (1x64x64) @ (64x32) input=uint8 ... done (0.8s)
    [osimulator] (1x64x32) @ (32x16) input=uint8 ... done (0.2s)
    [osimulator] (1x1x1024) @ (1024x256) input=uint8 ... done (1.9s)
    [osimulator] (1x1x256) @ (256x10) input=uint8 ... done (0.1s)
  [Model 2 Phase4 v3 INT8 optic]  208/500 ( 41.6%) acc=88.46%  elapsed=829s  ETA=1164s
    [osimulator] (1x1024x32) @ (32x16) input=uint8 ... done (1.0s)
    [osimulator] (1x64x64) @ (64x32) input=uint8 ... done (0.8s)
    [osimulator] (1x64x32) @ (32x16) input=uint8 ... done (0.2s)
    [osimulator] (1x1x1024) @ (1024x256) input=uint8 ... done (2.3s)
    [osimulator] (1x1x256) @ (256x10) input=uint8 ... done (0.1s)
  [Model 2 Phase4 v3 INT8 optic]  209/500 ( 41.8%) acc=88.52%  elapsed=833s  ETA=1160s
    [osimulator] (1x1024x32) @ (32x16) input=uint8 ... done (0.5s)
    [osimulator] (1x64x64) @ (64x32) input=uint8 ... done (0.7s)
    [osimulator] (1x64x32) @ (32x16) input=uint8 ... done (0.2s)
    [osimulator] (1x1x1024) @ (1024x256) input=uint8 ... done (2.4s)
    [osimulator] (1x1x256) @ (256x10) input=uint8 ... done (0.1s)
  [Model 2 Phase4 v3 INT8 optic]  210/500 ( 42.0%) acc=88.57%  elapsed=837s  ETA=1156s
    [osimulator] (1x1024x32) @ (32x16) input=uint8 ... done (1.0s)
    [osimulator] (1x64x64) @ (64x32) input=uint8 ... done (8.1s)
    [osimulator] (1x64x32) @ (32x16) input=uint8 ... done (-7.6s)
    [osimulator] (1x1x1024) @ (1024x256) input=uint8 ... done (2.3s)
    [osimulator] (1x1x256) @ (256x10) input=uint8 ... done (0.1s)
  [Model 2 Phase4 v3 INT8 optic]  211/500 ( 42.2%) acc=88.63%  elapsed=841s  ETA=1152s
    [osimulator] (1x1024x32) @ (32x16) input=uint8 ... done (1.0s)
    [osimulator] (1x64x64) @ (64x32) input=uint8 ... done (0.7s)
    [osimulator] (1x64x32) @ (32x16) input=uint8 ... done (0.2s)
    [osimulator] (1x1x1024) @ (1024x256) input=uint8 ... done (1.9s)
    [osimulator] (1x1x256) @ (256x10) input=uint8 ... done (0.1s)
  [Model 2 Phase4 v3 INT8 optic]  212/500 ( 42.4%) acc=88.68%  elapsed=845s  ETA=1148s
    [osimulator] (1x1024x32) @ (32x16) input=uint8 ... done (1.1s)
    [osimulator] (1x64x64) @ (64x32) input=uint8 ... done (0.7s)
    [osimulator] (1x64x32) @ (32x16) input=uint8 ... done (0.2s)
    [osimulator] (1x1x1024) @ (1024x256) input=uint8 ... done (1.8s)
    [osimulator] (1x1x256) @ (256x10) input=uint8 ... done (0.1s)
  [Model 2 Phase4 v3 INT8 optic]  213/500 ( 42.6%) acc=88.73%  elapsed=849s  ETA=1144s
    [osimulator] (1x1024x32) @ (32x16) input=uint8 ... done (1.0s)
    [osimulator] (1x64x64) @ (64x32) input=uint8 ... done (0.7s)
    [osimulator] (1x64x32) @ (32x16) input=uint8 ... done (0.2s)
    [osimulator] (1x1x1024) @ (1024x256) input=uint8 ... done (2.4s)
    [osimulator] (1x1x256) @ (256x10) input=uint8 ... done (0.1s)
  [Model 2 Phase4 v3 INT8 optic]  214/500 ( 42.8%) acc=88.79%  elapsed=853s  ETA=1141s
    [osimulator] (1x1024x32) @ (32x16) input=uint8 ... done (0.5s)
    [osimulator] (1x64x64) @ (64x32) input=uint8 ... done (0.8s)
    [osimulator] (1x64x32) @ (32x16) input=uint8 ... done (0.2s)
    [osimulator] (1x1x1024) @ (1024x256) input=uint8 ... done (2.1s)
    [osimulator] (1x1x256) @ (256x10) input=uint8 ... done (0.1s)
  [Model 2 Phase4 v3 INT8 optic]  215/500 ( 43.0%) acc=88.84%  elapsed=857s  ETA=1136s
    [osimulator] (1x1024x32) @ (32x16) input=uint8 ... done (1.0s)
    [osimulator] (1x64x64) @ (64x32) input=uint8 ... done (0.5s)
    [osimulator] (1x64x32) @ (32x16) input=uint8 ... done (0.2s)
    [osimulator] (1x1x1024) @ (1024x256) input=uint8 ... done (2.3s)
    [osimulator] (1x1x256) @ (256x10) input=uint8 ... done (0.1s)
  [Model 2 Phase4 v3 INT8 optic]  216/500 ( 43.2%) acc=88.89%  elapsed=861s  ETA=1133s
    [osimulator] (1x1024x32) @ (32x16) input=uint8 ... done (1.1s)
    [osimulator] (1x64x64) @ (64x32) input=uint8 ... done (0.7s)
    [osimulator] (1x64x32) @ (32x16) input=uint8 ... done (0.2s)
    [osimulator] (1x1x1024) @ (1024x256) input=uint8 ... done (1.9s)
    [osimulator] (1x1x256) @ (256x10) input=uint8 ... done (0.1s)
  [Model 2 Phase4 v3 INT8 optic]  217/500 ( 43.4%) acc=88.94%  elapsed=865s  ETA=1129s
    [osimulator] (1x1024x32) @ (32x16) input=uint8 ... done (1.1s)
    [osimulator] (1x64x64) @ (64x32) input=uint8 ... done (0.9s)
    [osimulator] (1x64x32) @ (32x16) input=uint8 ... done (0.2s)
    [osimulator] (1x1x1024) @ (1024x256) input=uint8 ... done (2.0s)
    [osimulator] (1x1x256) @ (256x10) input=uint8 ... done (0.1s)
  [Model 2 Phase4 v3 INT8 optic]  218/500 ( 43.6%) acc=88.99%  elapsed=870s  ETA=1125s
    [osimulator] (1x1024x32) @ (32x16) input=uint8 ... done (1.1s)
    [osimulator] (1x64x64) @ (64x32) input=uint8 ... done (0.8s)
    [osimulator] (1x64x32) @ (32x16) input=uint8 ... done (0.2s)
    [osimulator] (1x1x1024) @ (1024x256) input=uint8 ... done (1.9s)
    [osimulator] (1x1x256) @ (256x10) input=uint8 ... done (0.1s)
  [Model 2 Phase4 v3 INT8 optic]  219/500 ( 43.8%) acc=89.04%  elapsed=874s  ETA=1121s
    [osimulator] (1x1024x32) @ (32x16) input=uint8 ... done (0.9s)
    [osimulator] (1x64x64) @ (64x32) input=uint8 ... done (0.8s)
    [osimulator] (1x64x32) @ (32x16) input=uint8 ... done (0.2s)
    [osimulator] (1x1x1024) @ (1024x256) input=uint8 ... done (2.3s)
    [osimulator] (1x1x256) @ (256x10) input=uint8 ... done (0.1s)
  [Model 2 Phase4 v3 INT8 optic]  220/500 ( 44.0%) acc=88.64%  elapsed=878s  ETA=1118s
    [osimulator] (1x1024x32) @ (32x16) input=uint8 ... done (0.5s)
    [osimulator] (1x64x64) @ (64x32) input=uint8 ... done (0.7s)
    [osimulator] (1x64x32) @ (32x16) input=uint8 ... done (0.2s)
    [osimulator] (1x1x1024) @ (1024x256) input=uint8 ... done (2.3s)
    [osimulator] (1x1x256) @ (256x10) input=uint8 ... done (0.1s)
  [Model 2 Phase4 v3 INT8 optic]  221/500 ( 44.2%) acc=88.69%  elapsed=882s  ETA=1114s
    [osimulator] (1x1024x32) @ (32x16) input=uint8 ... done (1.0s)
    [osimulator] (1x64x64) @ (64x32) input=uint8 ... done (0.3s)
    [osimulator] (1x64x32) @ (32x16) input=uint8 ... done (8.0s)
    [osimulator] (1x1x1024) @ (1024x256) input=uint8 ... done (-5.5s)
    [osimulator] (1x1x256) @ (256x10) input=uint8 ... done (0.1s)
  [Model 2 Phase4 v3 INT8 optic]  222/500 ( 44.4%) acc=88.74%  elapsed=886s  ETA=1109s
    [osimulator] (1x1024x32) @ (32x16) input=uint8 ... done (1.0s)
    [osimulator] (1x64x64) @ (64x32) input=uint8 ... done (0.7s)
    [osimulator] (1x64x32) @ (32x16) input=uint8 ... done (0.2s)
    [osimulator] (1x1x1024) @ (1024x256) input=uint8 ... done (1.8s)
    [osimulator] (1x1x256) @ (256x10) input=uint8 ... done (0.1s)
  [Model 2 Phase4 v3 INT8 optic]  223/500 ( 44.6%) acc=88.79%  elapsed=890s  ETA=1105s
    [osimulator] (1x1024x32) @ (32x16) input=uint8 ... done (1.3s)
    [osimulator] (1x64x64) @ (64x32) input=uint8 ... done (0.9s)
    [osimulator] (1x64x32) @ (32x16) input=uint8 ... done (0.2s)
    [osimulator] (1x1x1024) @ (1024x256) input=uint8 ... done (1.9s)
    [osimulator] (1x1x256) @ (256x10) input=uint8 ... done (0.1s)
  [Model 2 Phase4 v3 INT8 optic]  224/500 ( 44.8%) acc=88.39%  elapsed=894s  ETA=1102s
    [osimulator] (1x1024x32) @ (32x16) input=uint8 ... done (1.2s)
    [osimulator] (1x64x64) @ (64x32) input=uint8 ... done (0.8s)
    [osimulator] (1x64x32) @ (32x16) input=uint8 ... done (0.2s)
    [osimulator] (1x1x1024) @ (1024x256) input=uint8 ... done (2.3s)
    [osimulator] (1x1x256) @ (256x10) input=uint8 ... done (0.1s)
  [Model 2 Phase4 v3 INT8 optic]  225/500 ( 45.0%) acc=88.44%  elapsed=899s  ETA=1099s
    [osimulator] (1x1024x32) @ (32x16) input=uint8 ... done (0.6s)
    [osimulator] (1x64x64) @ (64x32) input=uint8 ... done (0.8s)
    [osimulator] (1x64x32) @ (32x16) input=uint8 ... done (0.2s)
    [osimulator] (1x1x1024) @ (1024x256) input=uint8 ... done (2.4s)
    [osimulator] (1x1x256) @ (256x10) input=uint8 ... done (0.1s)
  [Model 2 Phase4 v3 INT8 optic]  226/500 ( 45.2%) acc=88.50%  elapsed=903s  ETA=1095s
    [osimulator] (1x1024x32) @ (32x16) input=uint8 ... done (8.4s)
    [osimulator] (1x64x64) @ (64x32) input=uint8 ... done (-7.1s)
    [osimulator] (1x64x32) @ (32x16) input=uint8 ... done (0.2s)
    [osimulator] (1x1x1024) @ (1024x256) input=uint8 ... done (2.4s)
    [osimulator] (1x1x256) @ (256x10) input=uint8 ... done (0.1s)
  [Model 2 Phase4 v3 INT8 optic]  227/500 ( 45.4%) acc=88.55%  elapsed=907s  ETA=1091s
    [osimulator] (1x1024x32) @ (32x16) input=uint8 ... done (1.1s)
    [osimulator] (1x64x64) @ (64x32) input=uint8 ... done (0.7s)
    [osimulator] (1x64x32) @ (32x16) input=uint8 ... done (0.2s)
    [osimulator] (1x1x1024) @ (1024x256) input=uint8 ... done (1.9s)
    [osimulator] (1x1x256) @ (256x10) input=uint8 ... done (0.1s)
  [Model 2 Phase4 v3 INT8 optic]  228/500 ( 45.6%) acc=88.60%  elapsed=911s  ETA=1087s
    [osimulator] (1x1024x32) @ (32x16) input=uint8 ... done (1.1s)
    [osimulator] (1x64x64) @ (64x32) input=uint8 ... done (0.7s)
    [osimulator] (1x64x32) @ (32x16) input=uint8 ... done (0.2s)
    [osimulator] (1x1x1024) @ (1024x256) input=uint8 ... done (2.0s)
    [osimulator] (1x1x256) @ (256x10) input=uint8 ... done (0.1s)
  [Model 2 Phase4 v3 INT8 optic]  229/500 ( 45.8%) acc=88.65%  elapsed=915s  ETA=1083s
    [osimulator] (1x1024x32) @ (32x16) input=uint8 ... done (1.0s)
    [osimulator] (1x64x64) @ (64x32) input=uint8 ... done (0.8s)
    [osimulator] (1x64x32) @ (32x16) input=uint8 ... done (0.2s)
    [osimulator] (1x1x1024) @ (1024x256) input=uint8 ... done (1.9s)
    [osimulator] (1x1x256) @ (256x10) input=uint8 ... done (0.1s)
  [Model 2 Phase4 v3 INT8 optic]  230/500 ( 46.0%) acc=88.70%  elapsed=919s  ETA=1079s
    [osimulator] (1x1024x32) @ (32x16) input=uint8 ... done (1.0s)
    [osimulator] (1x64x64) @ (64x32) input=uint8 ... done (0.9s)
    [osimulator] (1x64x32) @ (32x16) input=uint8 ... done (0.2s)
    [osimulator] (1x1x1024) @ (1024x256) input=uint8 ... done (2.3s)
    [osimulator] (1x1x256) @ (256x10) input=uint8 ... done (0.1s)
  [Model 2 Phase4 v3 INT8 optic]  231/500 ( 46.2%) acc=88.74%  elapsed=924s  ETA=1075s
    [osimulator] (1x1024x32) @ (32x16) input=uint8 ... done (0.5s)
    [osimulator] (1x64x64) @ (64x32) input=uint8 ... done (0.7s)
    [osimulator] (1x64x32) @ (32x16) input=uint8 ... done (0.2s)
    [osimulator] (1x1x1024) @ (1024x256) input=uint8 ... done (2.4s)
    [osimulator] (1x1x256) @ (256x10) input=uint8 ... done (0.1s)
  [Model 2 Phase4 v3 INT8 optic]  232/500 ( 46.4%) acc=88.79%  elapsed=927s  ETA=1071s
    [osimulator] (1x1024x32) @ (32x16) input=uint8 ... done (1.0s)
    [osimulator] (1x64x64) @ (64x32) input=uint8 ... done (8.0s)
    [osimulator] (1x64x32) @ (32x16) input=uint8 ... done (-7.6s)
    [osimulator] (1x1x1024) @ (1024x256) input=uint8 ... done (2.4s)
    [osimulator] (1x1x256) @ (256x10) input=uint8 ... done (0.1s)
  [Model 2 Phase4 v3 INT8 optic]  233/500 ( 46.6%) acc=88.84%  elapsed=931s  ETA=1067s
    [osimulator] (1x1024x32) @ (32x16) input=uint8 ... done (1.1s)
    [osimulator] (1x64x64) @ (64x32) input=uint8 ... done (0.7s)
    [osimulator] (1x64x32) @ (32x16) input=uint8 ... done (0.2s)
    [osimulator] (1x1x1024) @ (1024x256) input=uint8 ... done (1.8s)
    [osimulator] (1x1x256) @ (256x10) input=uint8 ... done (0.1s)
  [Model 2 Phase4 v3 INT8 optic]  234/500 ( 46.8%) acc=88.89%  elapsed=935s  ETA=1063s
    [osimulator] (1x1024x32) @ (32x16) input=uint8 ... done (1.1s)
    [osimulator] (1x64x64) @ (64x32) input=uint8 ... done (0.8s)
    [osimulator] (1x64x32) @ (32x16) input=uint8 ... done (0.2s)
    [osimulator] (1x1x1024) @ (1024x256) input=uint8 ... done (1.9s)
    [osimulator] (1x1x256) @ (256x10) input=uint8 ... done (0.1s)
  [Model 2 Phase4 v3 INT8 optic]  235/500 ( 47.0%) acc=88.94%  elapsed=939s  ETA=1059s
    [osimulator] (1x1024x32) @ (32x16) input=uint8 ... done (1.0s)
    [osimulator] (1x64x64) @ (64x32) input=uint8 ... done (0.7s)
    [osimulator] (1x64x32) @ (32x16) input=uint8 ... done (0.2s)
    [osimulator] (1x1x1024) @ (1024x256) input=uint8 ... done (2.3s)
    [osimulator] (1x1x256) @ (256x10) input=uint8 ... done (0.1s)
  [Model 2 Phase4 v3 INT8 optic]  236/500 ( 47.2%) acc=88.98%  elapsed=944s  ETA=1056s
    [osimulator] (1x1024x32) @ (32x16) input=uint8 ... done (0.5s)
    [osimulator] (1x64x64) @ (64x32) input=uint8 ... done (0.8s)
    [osimulator] (1x64x32) @ (32x16) input=uint8 ... done (0.2s)
    [osimulator] (1x1x1024) @ (1024x256) input=uint8 ... done (2.3s)
    [osimulator] (1x1x256) @ (256x10) input=uint8 ... done (0.1s)
  [Model 2 Phase4 v3 INT8 optic]  237/500 ( 47.4%) acc=89.03%  elapsed=948s  ETA=1052s
    [osimulator] (1x1024x32) @ (32x16) input=uint8 ... done (1.2s)
    [osimulator] (1x64x64) @ (64x32) input=uint8 ... done (0.4s)
    [osimulator] (1x64x32) @ (32x16) input=uint8 ... done (0.2s)
    [osimulator] (1x1x1024) @ (1024x256) input=uint8 ... done (2.4s)
    [osimulator] (1x1x256) @ (256x10) input=uint8 ... done (0.1s)
  [Model 2 Phase4 v3 INT8 optic]  238/500 ( 47.6%) acc=89.08%  elapsed=952s  ETA=1048s
    [osimulator] (1x1024x32) @ (32x16) input=uint8 ... done (1.0s)
    [osimulator] (1x64x64) @ (64x32) input=uint8 ... done (0.7s)
    [osimulator] (1x64x32) @ (32x16) input=uint8 ... done (0.2s)
    [osimulator] (1x1x1024) @ (1024x256) input=uint8 ... done (1.8s)
    [osimulator] (1x1x256) @ (256x10) input=uint8 ... done (0.1s)
  [Model 2 Phase4 v3 INT8 optic]  239/500 ( 47.8%) acc=89.12%  elapsed=956s  ETA=1044s
    [osimulator] (1x1024x32) @ (32x16) input=uint8 ... done (1.1s)
    [osimulator] (1x64x64) @ (64x32) input=uint8 ... done (0.7s)
    [osimulator] (1x64x32) @ (32x16) input=uint8 ... done (0.2s)
    [osimulator] (1x1x1024) @ (1024x256) input=uint8 ... done (1.9s)
    [osimulator] (1x1x256) @ (256x10) input=uint8 ... done (0.1s)
  [Model 2 Phase4 v3 INT8 optic]  240/500 ( 48.0%) acc=89.17%  elapsed=960s  ETA=1040s
    [osimulator] (1x1024x32) @ (32x16) input=uint8 ... done (1.0s)
    [osimulator] (1x64x64) @ (64x32) input=uint8 ... done (0.6s)
    [osimulator] (1x64x32) @ (32x16) input=uint8 ... done (0.2s)
    [osimulator] (1x1x1024) @ (1024x256) input=uint8 ... done (9.8s)
    [osimulator] (1x1x256) @ (256x10) input=uint8 ... done (0.1s)
  [Model 2 Phase4 v3 INT8 optic]  241/500 ( 48.2%) acc=89.21%  elapsed=971s  ETA=1044s
    [osimulator] (1x1024x32) @ (32x16) input=uint8 ... done (1.0s)
    [osimulator] (1x64x64) @ (64x32) input=uint8 ... done (-7.1s)
    [osimulator] (1x64x32) @ (32x16) input=uint8 ... done (0.2s)
    [osimulator] (1x1x1024) @ (1024x256) input=uint8 ... done (2.3s)
    [osimulator] (1x1x256) @ (256x10) input=uint8 ... done (0.1s)
  [Model 2 Phase4 v3 INT8 optic]  242/500 ( 48.4%) acc=89.26%  elapsed=968s  ETA=1032s
    [osimulator] (1x1024x32) @ (32x16) input=uint8 ... done (8.4s)
    [osimulator] (1x64x64) @ (64x32) input=uint8 ... done (-7.1s)
    [osimulator] (1x64x32) @ (32x16) input=uint8 ... done (0.2s)
    [osimulator] (1x1x1024) @ (1024x256) input=uint8 ... done (2.3s)
    [osimulator] (1x1x256) @ (256x10) input=uint8 ... done (0.1s)
  [Model 2 Phase4 v3 INT8 optic]  243/500 ( 48.6%) acc=89.30%  elapsed=972s  ETA=1028s
    [osimulator] (1x1024x32) @ (32x16) input=uint8 ... done (1.1s)
    [osimulator] (1x64x64) @ (64x32) input=uint8 ... done (0.8s)
    [osimulator] (1x64x32) @ (32x16) input=uint8 ... done (7.5s)
    [osimulator] (1x1x1024) @ (1024x256) input=uint8 ... done (-5.5s)
    [osimulator] (1x1x256) @ (256x10) input=uint8 ... done (0.1s)
  [Model 2 Phase4 v3 INT8 optic]  244/500 ( 48.8%) acc=89.34%  elapsed=976s  ETA=1024s
    [osimulator] (1x1024x32) @ (32x16) input=uint8 ... done (1.2s)
    [osimulator] (1x64x64) @ (64x32) input=uint8 ... done (0.8s)
    [osimulator] (1x64x32) @ (32x16) input=uint8 ... done (0.2s)
    [osimulator] (1x1x1024) @ (1024x256) input=uint8 ... done (1.9s)
    [osimulator] (1x1x256) @ (256x10) input=uint8 ... done (0.1s)
  [Model 2 Phase4 v3 INT8 optic]  245/500 ( 49.0%) acc=88.98%  elapsed=980s  ETA=1020s
    [osimulator] (1x1024x32) @ (32x16) input=uint8 ... done (1.1s)
    [osimulator] (1x64x64) @ (64x32) input=uint8 ... done (0.8s)
    [osimulator] (1x64x32) @ (32x16) input=uint8 ... done (0.2s)
    [osimulator] (1x1x1024) @ (1024x256) input=uint8 ... done (1.9s)
    [osimulator] (1x1x256) @ (256x10) input=uint8 ... done (0.1s)
  [Model 2 Phase4 v3 INT8 optic]  246/500 ( 49.2%) acc=89.02%  elapsed=984s  ETA=1016s
    [osimulator] (1x1024x32) @ (32x16) input=uint8 ... done (1.0s)
    [osimulator] (1x64x64) @ (64x32) input=uint8 ... done (0.7s)
    [osimulator] (1x64x32) @ (32x16) input=uint8 ... done (0.2s)
    [osimulator] (1x1x1024) @ (1024x256) input=uint8 ... done (2.4s)
    [osimulator] (1x1x256) @ (256x10) input=uint8 ... done (0.1s)
  [Model 2 Phase4 v3 INT8 optic]  247/500 ( 49.4%) acc=89.07%  elapsed=989s  ETA=1013s
    [osimulator] (1x1024x32) @ (32x16) input=uint8 ... done (0.6s)
    [osimulator] (1x64x64) @ (64x32) input=uint8 ... done (0.8s)
    [osimulator] (1x64x32) @ (32x16) input=uint8 ... done (0.2s)
    [osimulator] (1x1x1024) @ (1024x256) input=uint8 ... done (2.1s)
    [osimulator] (1x1x256) @ (256x10) input=uint8 ... done (0.1s)
  [Model 2 Phase4 v3 INT8 optic]  248/500 ( 49.6%) acc=89.11%  elapsed=992s  ETA=1008s
    [osimulator] (1x1024x32) @ (32x16) input=uint8 ... done (1.1s)
    [osimulator] (1x64x64) @ (64x32) input=uint8 ... done (0.7s)
    [osimulator] (1x64x32) @ (32x16) input=uint8 ... done (0.2s)
    [osimulator] (1x1x1024) @ (1024x256) input=uint8 ... done (2.3s)
    [osimulator] (1x1x256) @ (256x10) input=uint8 ... done (0.1s)
  [Model 2 Phase4 v3 INT8 optic]  249/500 ( 49.8%) acc=89.16%  elapsed=997s  ETA=1005s
    [osimulator] (1x1024x32) @ (32x16) input=uint8 ... done (1.1s)
    [osimulator] (1x64x64) @ (64x32) input=uint8 ... done (0.8s)
    [osimulator] (1x64x32) @ (32x16) input=uint8 ... done (0.2s)
    [osimulator] (1x1x1024) @ (1024x256) input=uint8 ... done (1.8s)
    [osimulator] (1x1x256) @ (256x10) input=uint8 ... done (0.1s)
  [Model 2 Phase4 v3 INT8 optic]  250/500 ( 50.0%) acc=89.20%  elapsed=1001s  ETA=1001s
    [osimulator] (1x1024x32) @ (32x16) input=uint8 ... done (1.1s)
    [osimulator] (1x64x64) @ (64x32) input=uint8 ... done (0.8s)
    [osimulator] (1x64x32) @ (32x16) input=uint8 ... done (0.2s)
    [osimulator] (1x1x1024) @ (1024x256) input=uint8 ... done (1.9s)
    [osimulator] (1x1x256) @ (256x10) input=uint8 ... done (0.1s)
  [Model 2 Phase4 v3 INT8 optic]  251/500 ( 50.2%) acc=88.84%  elapsed=1005s  ETA=997s
    [osimulator] (1x1024x32) @ (32x16) input=uint8 ... done (1.1s)
    [osimulator] (1x64x64) @ (64x32) input=uint8 ... done (0.8s)
    [osimulator] (1x64x32) @ (32x16) input=uint8 ... done (0.2s)
    [osimulator] (1x1x1024) @ (1024x256) input=uint8 ... done (9.7s)
    [osimulator] (1x1x256) @ (256x10) input=uint8 ... done (-7.8s)
  [Model 2 Phase4 v3 INT8 optic]  252/500 ( 50.4%) acc=88.89%  elapsed=1009s  ETA=993s
    [osimulator] (1x1024x32) @ (32x16) input=uint8 ... done (1.0s)
    [osimulator] (1x64x64) @ (64x32) input=uint8 ... done (0.8s)
    [osimulator] (1x64x32) @ (32x16) input=uint8 ... done (0.2s)
    [osimulator] (1x1x1024) @ (1024x256) input=uint8 ... done (2.4s)
    [osimulator] (1x1x256) @ (256x10) input=uint8 ... done (0.1s)
  [Model 2 Phase4 v3 INT8 optic]  253/500 ( 50.6%) acc=88.93%  elapsed=1013s  ETA=989s
    [osimulator] (1x1024x32) @ (32x16) input=uint8 ... done (0.7s)
    [osimulator] (1x64x64) @ (64x32) input=uint8 ... done (0.8s)
    [osimulator] (1x64x32) @ (32x16) input=uint8 ... done (0.2s)
    [osimulator] (1x1x1024) @ (1024x256) input=uint8 ... done (2.3s)
    [osimulator] (1x1x256) @ (256x10) input=uint8 ... done (0.1s)
  [Model 2 Phase4 v3 INT8 optic]  254/500 ( 50.8%) acc=88.98%  elapsed=1018s  ETA=985s
    [osimulator] (1x1024x32) @ (32x16) input=uint8 ... done (1.1s)
    [osimulator] (1x64x64) @ (64x32) input=uint8 ... done (0.3s)
    [osimulator] (1x64x32) @ (32x16) input=uint8 ... done (8.0s)
    [osimulator] (1x1x1024) @ (1024x256) input=uint8 ... done (-5.4s)
    [osimulator] (1x1x256) @ (256x10) input=uint8 ... done (0.1s)
  [Model 2 Phase4 v3 INT8 optic]  255/500 ( 51.0%) acc=89.02%  elapsed=1022s  ETA=982s
    [osimulator] (1x1024x32) @ (32x16) input=uint8 ... done (1.0s)
    [osimulator] (1x64x64) @ (64x32) input=uint8 ... done (0.8s)
    [osimulator] (1x64x32) @ (32x16) input=uint8 ... done (0.2s)
    [osimulator] (1x1x1024) @ (1024x256) input=uint8 ... done (1.9s)
    [osimulator] (1x1x256) @ (256x10) input=uint8 ... done (0.1s)
  [Model 2 Phase4 v3 INT8 optic]  256/500 ( 51.2%) acc=89.06%  elapsed=1026s  ETA=978s
    [osimulator] (1x1024x32) @ (32x16) input=uint8 ... done (1.1s)
    [osimulator] (1x64x64) @ (64x32) input=uint8 ... done (0.8s)
    [osimulator] (1x64x32) @ (32x16) input=uint8 ... done (0.2s)
    [osimulator] (1x1x1024) @ (1024x256) input=uint8 ... done (1.9s)
    [osimulator] (1x1x256) @ (256x10) input=uint8 ... done (0.1s)
  [Model 2 Phase4 v3 INT8 optic]  257/500 ( 51.4%) acc=89.11%  elapsed=1030s  ETA=974s
    [osimulator] (1x1024x32) @ (32x16) input=uint8 ... done (1.1s)
    [osimulator] (1x64x64) @ (64x32) input=uint8 ... done (0.7s)
    [osimulator] (1x64x32) @ (32x16) input=uint8 ... done (0.2s)
    [osimulator] (1x1x1024) @ (1024x256) input=uint8 ... done (9.7s)
    [osimulator] (1x1x256) @ (256x10) input=uint8 ... done (0.1s)
  [Model 2 Phase4 v3 INT8 optic]  258/500 ( 51.6%) acc=89.15%  elapsed=1042s  ETA=977s
    [osimulator] (1x1024x32) @ (32x16) input=uint8 ... done (-6.8s)
    [osimulator] (1x64x64) @ (64x32) input=uint8 ... done (0.8s)
    [osimulator] (1x64x32) @ (32x16) input=uint8 ... done (0.2s)
    [osimulator] (1x1x1024) @ (1024x256) input=uint8 ... done (2.3s)
    [osimulator] (1x1x256) @ (256x10) input=uint8 ... done (0.1s)
  [Model 2 Phase4 v3 INT8 optic]  259/500 ( 51.8%) acc=89.19%  elapsed=1038s  ETA=966s
    [osimulator] (1x1024x32) @ (32x16) input=uint8 ... done (8.3s)
    [osimulator] (1x64x64) @ (64x32) input=uint8 ... done (-7.0s)
    [osimulator] (1x64x32) @ (32x16) input=uint8 ... done (0.2s)
    [osimulator] (1x1x1024) @ (1024x256) input=uint8 ... done (2.3s)
    [osimulator] (1x1x256) @ (256x10) input=uint8 ... done (0.1s)
  [Model 2 Phase4 v3 INT8 optic]  260/500 ( 52.0%) acc=89.23%  elapsed=1042s  ETA=962s
    [osimulator] (1x1024x32) @ (32x16) input=uint8 ... done (1.0s)
    [osimulator] (1x64x64) @ (64x32) input=uint8 ... done (0.7s)
    [osimulator] (1x64x32) @ (32x16) input=uint8 ... done (0.2s)
    [osimulator] (1x1x1024) @ (1024x256) input=uint8 ... done (1.9s)
    [osimulator] (1x1x256) @ (256x10) input=uint8 ... done (0.1s)
  [Model 2 Phase4 v3 INT8 optic]  261/500 ( 52.2%) acc=89.27%  elapsed=1046s  ETA=958s
    [osimulator] (1x1024x32) @ (32x16) input=uint8 ... done (0.8s)
    [osimulator] (1x64x64) @ (64x32) input=uint8 ... done (0.7s)
    [osimulator] (1x64x32) @ (32x16) input=uint8 ... done (0.2s)
    [osimulator] (1x1x1024) @ (1024x256) input=uint8 ... done (2.1s)
    [osimulator] (1x1x256) @ (256x10) input=uint8 ... done (0.1s)
  [Model 2 Phase4 v3 INT8 optic]  262/500 ( 52.4%) acc=89.31%  elapsed=1050s  ETA=954s
    [osimulator] (1x1024x32) @ (32x16) input=uint8 ... done (1.1s)
    [osimulator] (1x64x64) @ (64x32) input=uint8 ... done (0.7s)
    [osimulator] (1x64x32) @ (32x16) input=uint8 ... done (0.2s)
    [osimulator] (1x1x1024) @ (1024x256) input=uint8 ... done (9.8s)
    [osimulator] (1x1x256) @ (256x10) input=uint8 ... done (0.1s)
  [Model 2 Phase4 v3 INT8 optic]  263/500 ( 52.6%) acc=89.35%  elapsed=1062s  ETA=957s
    [osimulator] (1x1024x32) @ (32x16) input=uint8 ... done (1.1s)
    [osimulator] (1x64x64) @ (64x32) input=uint8 ... done (0.7s)
    [osimulator] (1x64x32) @ (32x16) input=uint8 ... done (0.2s)
    [osimulator] (1x1x1024) @ (1024x256) input=uint8 ... done (2.4s)
    [osimulator] (1x1x256) @ (256x10) input=uint8 ... done (0.1s)
  [Model 2 Phase4 v3 INT8 optic]  264/500 ( 52.8%) acc=89.02%  elapsed=1058s  ETA=946s
    [osimulator] (1x1024x32) @ (32x16) input=uint8 ... done (0.6s)
    [osimulator] (1x64x64) @ (64x32) input=uint8 ... done (0.8s)
    [osimulator] (1x64x32) @ (32x16) input=uint8 ... done (0.2s)
    [osimulator] (1x1x1024) @ (1024x256) input=uint8 ... done (2.3s)
    [osimulator] (1x1x256) @ (256x10) input=uint8 ... done (0.1s)
  [Model 2 Phase4 v3 INT8 optic]  265/500 ( 53.0%) acc=89.06%  elapsed=1062s  ETA=942s
    [osimulator] (1x1024x32) @ (32x16) input=uint8 ... done (1.0s)
    [osimulator] (1x64x64) @ (64x32) input=uint8 ... done (8.1s)
    [osimulator] (1x64x32) @ (32x16) input=uint8 ... done (-7.6s)
    [osimulator] (1x1x1024) @ (1024x256) input=uint8 ... done (2.3s)
    [osimulator] (1x1x256) @ (256x10) input=uint8 ... done (0.1s)
  [Model 2 Phase4 v3 INT8 optic]  266/500 ( 53.2%) acc=89.10%  elapsed=1066s  ETA=938s
    [osimulator] (1x1024x32) @ (32x16) input=uint8 ... done (1.0s)
    [osimulator] (1x64x64) @ (64x32) input=uint8 ... done (0.7s)
    [osimulator] (1x64x32) @ (32x16) input=uint8 ... done (0.2s)
    [osimulator] (1x1x1024) @ (1024x256) input=uint8 ... done (1.9s)
    [osimulator] (1x1x256) @ (256x10) input=uint8 ... done (0.1s)
  [Model 2 Phase4 v3 INT8 optic]  267/500 ( 53.4%) acc=89.14%  elapsed=1070s  ETA=934s
    [osimulator] (1x1024x32) @ (32x16) input=uint8 ... done (1.1s)
    [osimulator] (1x64x64) @ (64x32) input=uint8 ... done (0.9s)
    [osimulator] (1x64x32) @ (32x16) input=uint8 ... done (0.2s)
    [osimulator] (1x1x1024) @ (1024x256) input=uint8 ... done (1.9s)
    [osimulator] (1x1x256) @ (256x10) input=uint8 ... done (0.1s)
  [Model 2 Phase4 v3 INT8 optic]  268/500 ( 53.6%) acc=89.18%  elapsed=1074s  ETA=930s
    [osimulator] (1x1024x32) @ (32x16) input=uint8 ... done (1.1s)
    [osimulator] (1x64x64) @ (64x32) input=uint8 ... done (0.7s)
    [osimulator] (1x64x32) @ (32x16) input=uint8 ... done (0.2s)
    [osimulator] (1x1x1024) @ (1024x256) input=uint8 ... done (2.4s)
    [osimulator] (1x1x256) @ (256x10) input=uint8 ... done (0.1s)
  [Model 2 Phase4 v3 INT8 optic]  269/500 ( 53.8%) acc=89.22%  elapsed=1079s  ETA=926s
    [osimulator] (1x1024x32) @ (32x16) input=uint8 ... done (0.5s)
    [osimulator] (1x64x64) @ (64x32) input=uint8 ... done (0.9s)
    [osimulator] (1x64x32) @ (32x16) input=uint8 ... done (0.2s)
    [osimulator] (1x1x1024) @ (1024x256) input=uint8 ... done (2.3s)
    [osimulator] (1x1x256) @ (256x10) input=uint8 ... done (0.1s)
  [Model 2 Phase4 v3 INT8 optic]  270/500 ( 54.0%) acc=89.26%  elapsed=1083s  ETA=922s
    [osimulator] (1x1024x32) @ (32x16) input=uint8 ... done (1.0s)
    [osimulator] (1x64x64) @ (64x32) input=uint8 ... done (0.3s)
    [osimulator] (1x64x32) @ (32x16) input=uint8 ... done (0.2s)
    [osimulator] (1x1x1024) @ (1024x256) input=uint8 ... done (2.4s)
    [osimulator] (1x1x256) @ (256x10) input=uint8 ... done (0.1s)
  [Model 2 Phase4 v3 INT8 optic]  271/500 ( 54.2%) acc=89.30%  elapsed=1087s  ETA=918s
    [osimulator] (1x1024x32) @ (32x16) input=uint8 ... done (1.0s)
    [osimulator] (1x64x64) @ (64x32) input=uint8 ... done (0.7s)
    [osimulator] (1x64x32) @ (32x16) input=uint8 ... done (0.2s)
    [osimulator] (1x1x1024) @ (1024x256) input=uint8 ... done (1.9s)
    [osimulator] (1x1x256) @ (256x10) input=uint8 ... done (0.1s)
  [Model 2 Phase4 v3 INT8 optic]  272/500 ( 54.4%) acc=89.34%  elapsed=1091s  ETA=914s
    [osimulator] (1x1024x32) @ (32x16) input=uint8 ... done (1.0s)
    [osimulator] (1x64x64) @ (64x32) input=uint8 ... done (0.8s)
    [osimulator] (1x64x32) @ (32x16) input=uint8 ... done (0.2s)
    [osimulator] (1x1x1024) @ (1024x256) input=uint8 ... done (1.9s)
    [osimulator] (1x1x256) @ (256x10) input=uint8 ... done (0.1s)
  [Model 2 Phase4 v3 INT8 optic]  273/500 ( 54.6%) acc=89.38%  elapsed=1095s  ETA=910s
    [osimulator] (1x1024x32) @ (32x16) input=uint8 ... done (1.0s)
    [osimulator] (1x64x64) @ (64x32) input=uint8 ... done (0.8s)
    [osimulator] (1x64x32) @ (32x16) input=uint8 ... done (0.2s)
    [osimulator] (1x1x1024) @ (1024x256) input=uint8 ... done (2.4s)
    [osimulator] (1x1x256) @ (256x10) input=uint8 ... done (0.1s)
  [Model 2 Phase4 v3 INT8 optic]  274/500 ( 54.8%) acc=89.42%  elapsed=1099s  ETA=906s
    [osimulator] (1x1024x32) @ (32x16) input=uint8 ... done (0.7s)
    [osimulator] (1x64x64) @ (64x32) input=uint8 ... done (0.8s)
    [osimulator] (1x64x32) @ (32x16) input=uint8 ... done (0.2s)
    [osimulator] (1x1x1024) @ (1024x256) input=uint8 ... done (2.1s)
    [osimulator] (1x1x256) @ (256x10) input=uint8 ... done (0.1s)
  [Model 2 Phase4 v3 INT8 optic]  275/500 ( 55.0%) acc=89.45%  elapsed=1103s  ETA=902s
    [osimulator] (1x1024x32) @ (32x16) input=uint8 ... done (1.0s)
    [osimulator] (1x64x64) @ (64x32) input=uint8 ... done (0.6s)
    [osimulator] (1x64x32) @ (32x16) input=uint8 ... done (0.2s)
    [osimulator] (1x1x1024) @ (1024x256) input=uint8 ... done (2.4s)
    [osimulator] (1x1x256) @ (256x10) input=uint8 ... done (0.1s)
  [Model 2 Phase4 v3 INT8 optic]  276/500 ( 55.2%) acc=89.49%  elapsed=1107s  ETA=899s
    [osimulator] (1x1024x32) @ (32x16) input=uint8 ... done (1.0s)
    [osimulator] (1x64x64) @ (64x32) input=uint8 ... done (0.7s)
    [osimulator] (1x64x32) @ (32x16) input=uint8 ... done (0.2s)
    [osimulator] (1x1x1024) @ (1024x256) input=uint8 ... done (1.9s)
    [osimulator] (1x1x256) @ (256x10) input=uint8 ... done (0.1s)
  [Model 2 Phase4 v3 INT8 optic]  277/500 ( 55.4%) acc=89.53%  elapsed=1111s  ETA=894s
    [osimulator] (1x1024x32) @ (32x16) input=uint8 ... done (1.0s)
    [osimulator] (1x64x64) @ (64x32) input=uint8 ... done (0.8s)
    [osimulator] (1x64x32) @ (32x16) input=uint8 ... done (0.2s)
    [osimulator] (1x1x1024) @ (1024x256) input=uint8 ... done (1.9s)
    [osimulator] (1x1x256) @ (256x10) input=uint8 ... done (0.1s)
  [Model 2 Phase4 v3 INT8 optic]  278/500 ( 55.6%) acc=89.57%  elapsed=1115s  ETA=890s
    [osimulator] (1x1024x32) @ (32x16) input=uint8 ... done (1.0s)
    [osimulator] (1x64x64) @ (64x32) input=uint8 ... done (1.0s)
    [osimulator] (1x64x32) @ (32x16) input=uint8 ... done (0.2s)
    [osimulator] (1x1x1024) @ (1024x256) input=uint8 ... done (1.9s)
    [osimulator] (1x1x256) @ (256x10) input=uint8 ... done (0.1s)
  [Model 2 Phase4 v3 INT8 optic]  279/500 ( 55.8%) acc=89.61%  elapsed=1119s  ETA=887s
    [osimulator] (1x1024x32) @ (32x16) input=uint8 ... done (1.1s)
    [osimulator] (1x64x64) @ (64x32) input=uint8 ... done (0.9s)
    [osimulator] (1x64x32) @ (32x16) input=uint8 ... done (0.2s)
    [osimulator] (1x1x1024) @ (1024x256) input=uint8 ... done (2.5s)
    [osimulator] (1x1x256) @ (256x10) input=uint8 ... done (0.1s)
  [Model 2 Phase4 v3 INT8 optic]  280/500 ( 56.0%) acc=89.29%  elapsed=1124s  ETA=883s
    [osimulator] (1x1024x32) @ (32x16) input=uint8 ... done (0.6s)
    [osimulator] (1x64x64) @ (64x32) input=uint8 ... done (0.8s)
    [osimulator] (1x64x32) @ (32x16) input=uint8 ... done (0.2s)
    [osimulator] (1x1x1024) @ (1024x256) input=uint8 ... done (2.4s)
    [osimulator] (1x1x256) @ (256x10) input=uint8 ... done (0.1s)
  [Model 2 Phase4 v3 INT8 optic]  281/500 ( 56.2%) acc=89.32%  elapsed=1128s  ETA=879s
    [osimulator] (1x1024x32) @ (32x16) input=uint8 ... done (0.7s)
    [osimulator] (1x64x64) @ (64x32) input=uint8 ... done (0.8s)
    [osimulator] (1x64x32) @ (32x16) input=uint8 ... done (0.2s)
    [osimulator] (1x1x1024) @ (1024x256) input=uint8 ... done (2.4s)
    [osimulator] (1x1x256) @ (256x10) input=uint8 ... done (0.1s)
  [Model 2 Phase4 v3 INT8 optic]  282/500 ( 56.4%) acc=89.36%  elapsed=1132s  ETA=875s
    [osimulator] (1x1024x32) @ (32x16) input=uint8 ... done (1.1s)
    [osimulator] (1x64x64) @ (64x32) input=uint8 ... done (0.8s)
    [osimulator] (1x64x32) @ (32x16) input=uint8 ... done (7.5s)
    [osimulator] (1x1x1024) @ (1024x256) input=uint8 ... done (-5.5s)
    [osimulator] (1x1x256) @ (256x10) input=uint8 ... done (0.1s)
  [Model 2 Phase4 v3 INT8 optic]  283/500 ( 56.6%) acc=89.40%  elapsed=1136s  ETA=871s
    [osimulator] (1x1024x32) @ (32x16) input=uint8 ... done (1.0s)
    [osimulator] (1x64x64) @ (64x32) input=uint8 ... done (0.8s)
    [osimulator] (1x64x32) @ (32x16) input=uint8 ... done (0.2s)
    [osimulator] (1x1x1024) @ (1024x256) input=uint8 ... done (1.8s)
    [osimulator] (1x1x256) @ (256x10) input=uint8 ... done (0.1s)
  [Model 2 Phase4 v3 INT8 optic]  284/500 ( 56.8%) acc=89.44%  elapsed=1140s  ETA=867s
    [osimulator] (1x1024x32) @ (32x16) input=uint8 ... done (1.1s)
    [osimulator] (1x64x64) @ (64x32) input=uint8 ... done (0.8s)
    [osimulator] (1x64x32) @ (32x16) input=uint8 ... done (0.2s)
    [osimulator] (1x1x1024) @ (1024x256) input=uint8 ... done (1.9s)
    [osimulator] (1x1x256) @ (256x10) input=uint8 ... done (0.1s)
  [Model 2 Phase4 v3 INT8 optic]  285/500 ( 57.0%) acc=89.47%  elapsed=1144s  ETA=863s
    [osimulator] (1x1024x32) @ (32x16) input=uint8 ... done (1.2s)
    [osimulator] (1x64x64) @ (64x32) input=uint8 ... done (0.9s)
    [osimulator] (1x64x32) @ (32x16) input=uint8 ... done (0.2s)
    [osimulator] (1x1x1024) @ (1024x256) input=uint8 ... done (2.3s)
    [osimulator] (1x1x256) @ (256x10) input=uint8 ... done (0.1s)
  [Model 2 Phase4 v3 INT8 optic]  286/500 ( 57.2%) acc=89.51%  elapsed=1149s  ETA=860s
    [osimulator] (1x1024x32) @ (32x16) input=uint8 ... done (0.6s)
    [osimulator] (1x64x64) @ (64x32) input=uint8 ... done (0.9s)
    [osimulator] (1x64x32) @ (32x16) input=uint8 ... done (0.2s)
    [osimulator] (1x1x1024) @ (1024x256) input=uint8 ... done (2.4s)
    [osimulator] (1x1x256) @ (256x10) input=uint8 ... done (0.1s)
  [Model 2 Phase4 v3 INT8 optic]  287/500 ( 57.4%) acc=89.55%  elapsed=1153s  ETA=856s
    [osimulator] (1x1024x32) @ (32x16) input=uint8 ... done (8.5s)
    [osimulator] (1x64x64) @ (64x32) input=uint8 ... done (-7.0s)
    [osimulator] (1x64x32) @ (32x16) input=uint8 ... done (0.2s)
    [osimulator] (1x1x1024) @ (1024x256) input=uint8 ... done (2.3s)
    [osimulator] (1x1x256) @ (256x10) input=uint8 ... done (0.1s)
  [Model 2 Phase4 v3 INT8 optic]  288/500 ( 57.6%) acc=89.58%  elapsed=1157s  ETA=852s
    [osimulator] (1x1024x32) @ (32x16) input=uint8 ... done (1.1s)
    [osimulator] (1x64x64) @ (64x32) input=uint8 ... done (8.3s)
    [osimulator] (1x64x32) @ (32x16) input=uint8 ... done (0.2s)
    [osimulator] (1x1x1024) @ (1024x256) input=uint8 ... done (-5.5s)
    [osimulator] (1x1x256) @ (256x10) input=uint8 ... done (0.1s)
  [Model 2 Phase4 v3 INT8 optic]  289/500 ( 57.8%) acc=89.62%  elapsed=1161s  ETA=848s
    [osimulator] (1x1024x32) @ (32x16) input=uint8 ... done (1.1s)
    [osimulator] (1x64x64) @ (64x32) input=uint8 ... done (0.9s)
    [osimulator] (1x64x32) @ (32x16) input=uint8 ... done (0.2s)
    [osimulator] (1x1x1024) @ (1024x256) input=uint8 ... done (1.9s)
    [osimulator] (1x1x256) @ (256x10) input=uint8 ... done (0.1s)
  [Model 2 Phase4 v3 INT8 optic]  290/500 ( 58.0%) acc=89.31%  elapsed=1166s  ETA=844s
    [osimulator] (1x1024x32) @ (32x16) input=uint8 ... done (1.0s)
    [osimulator] (1x64x64) @ (64x32) input=uint8 ... done (0.8s)
    [osimulator] (1x64x32) @ (32x16) input=uint8 ... done (0.2s)
    [osimulator] (1x1x1024) @ (1024x256) input=uint8 ... done (1.8s)
    [osimulator] (1x1x256) @ (256x10) input=uint8 ... done (0.1s)
  [Model 2 Phase4 v3 INT8 optic]  291/500 ( 58.2%) acc=89.35%  elapsed=1169s  ETA=840s
    [osimulator] (1x1024x32) @ (32x16) input=uint8 ... done (1.0s)
    [osimulator] (1x64x64) @ (64x32) input=uint8 ... done (0.8s)
    [osimulator] (1x64x32) @ (32x16) input=uint8 ... done (0.2s)
    [osimulator] (1x1x1024) @ (1024x256) input=uint8 ... done (2.3s)
    [osimulator] (1x1x256) @ (256x10) input=uint8 ... done (0.1s)
  [Model 2 Phase4 v3 INT8 optic]  292/500 ( 58.4%) acc=89.38%  elapsed=1174s  ETA=836s
    [osimulator] (1x1024x32) @ (32x16) input=uint8 ... done (0.5s)
    [osimulator] (1x64x64) @ (64x32) input=uint8 ... done (0.8s)
    [osimulator] (1x64x32) @ (32x16) input=uint8 ... done (0.2s)
    [osimulator] (1x1x1024) @ (1024x256) input=uint8 ... done (2.3s)
    [osimulator] (1x1x256) @ (256x10) input=uint8 ... done (0.1s)
  [Model 2 Phase4 v3 INT8 optic]  293/500 ( 58.6%) acc=89.08%  elapsed=1178s  ETA=832s
    [osimulator] (1x1024x32) @ (32x16) input=uint8 ... done (1.1s)
    [osimulator] (1x64x64) @ (64x32) input=uint8 ... done (8.1s)
    [osimulator] (1x64x32) @ (32x16) input=uint8 ... done (-7.6s)
    [osimulator] (1x1x1024) @ (1024x256) input=uint8 ... done (2.3s)
    [osimulator] (1x1x256) @ (256x10) input=uint8 ... done (0.1s)
  [Model 2 Phase4 v3 INT8 optic]  294/500 ( 58.8%) acc=88.78%  elapsed=1182s  ETA=828s
    [osimulator] (1x1024x32) @ (32x16) input=uint8 ... done (1.0s)
    [osimulator] (1x64x64) @ (64x32) input=uint8 ... done (8.1s)
    [osimulator] (1x64x32) @ (32x16) input=uint8 ... done (-7.6s)
    [osimulator] (1x1x1024) @ (1024x256) input=uint8 ... done (2.2s)
    [osimulator] (1x1x256) @ (256x10) input=uint8 ... done (0.1s)
  [Model 2 Phase4 v3 INT8 optic]  295/500 ( 59.0%) acc=88.81%  elapsed=1185s  ETA=824s
    [osimulator] (1x1024x32) @ (32x16) input=uint8 ... done (1.0s)
    [osimulator] (1x64x64) @ (64x32) input=uint8 ... done (0.7s)
    [osimulator] (1x64x32) @ (32x16) input=uint8 ... done (0.2s)
    [osimulator] (1x1x1024) @ (1024x256) input=uint8 ... done (1.8s)
    [osimulator] (1x1x256) @ (256x10) input=uint8 ... done (0.1s)
  [Model 2 Phase4 v3 INT8 optic]  296/500 ( 59.2%) acc=88.85%  elapsed=1189s  ETA=820s
    [osimulator] (1x1024x32) @ (32x16) input=uint8 ... done (1.0s)
    [osimulator] (1x64x64) @ (64x32) input=uint8 ... done (0.8s)
    [osimulator] (1x64x32) @ (32x16) input=uint8 ... done (0.2s)
    [osimulator] (1x1x1024) @ (1024x256) input=uint8 ... done (2.3s)
    [osimulator] (1x1x256) @ (256x10) input=uint8 ... done (0.1s)
  [Model 2 Phase4 v3 INT8 optic]  297/500 ( 59.4%) acc=88.89%  elapsed=1194s  ETA=816s
    [osimulator] (1x1024x32) @ (32x16) input=uint8 ... done (0.5s)
    [osimulator] (1x64x64) @ (64x32) input=uint8 ... done (0.7s)
    [osimulator] (1x64x32) @ (32x16) input=uint8 ... done (0.2s)
    [osimulator] (1x1x1024) @ (1024x256) input=uint8 ... done (2.3s)
    [osimulator] (1x1x256) @ (256x10) input=uint8 ... done (0.1s)
  [Model 2 Phase4 v3 INT8 optic]  298/500 ( 59.6%) acc=88.93%  elapsed=1197s  ETA=812s
    [osimulator] (1x1024x32) @ (32x16) input=uint8 ... done (1.0s)
    [osimulator] (1x64x64) @ (64x32) input=uint8 ... done (8.2s)
    [osimulator] (1x64x32) @ (32x16) input=uint8 ... done (0.2s)
    [osimulator] (1x1x1024) @ (1024x256) input=uint8 ... done (-5.5s)
    [osimulator] (1x1x256) @ (256x10) input=uint8 ... done (0.1s)
  [Model 2 Phase4 v3 INT8 optic]  299/500 ( 59.8%) acc=88.96%  elapsed=1201s  ETA=808s
    [osimulator] (1x1024x32) @ (32x16) input=uint8 ... done (1.0s)
    [osimulator] (1x64x64) @ (64x32) input=uint8 ... done (0.8s)
    [osimulator] (1x64x32) @ (32x16) input=uint8 ... done (0.2s)
    [osimulator] (1x1x1024) @ (1024x256) input=uint8 ... done (1.8s)
    [osimulator] (1x1x256) @ (256x10) input=uint8 ... done (0.1s)
  [Model 2 Phase4 v3 INT8 optic]  300/500 ( 60.0%) acc=89.00%  elapsed=1205s  ETA=804s
    [osimulator] (1x1024x32) @ (32x16) input=uint8 ... done (0.9s)
    [osimulator] (1x64x64) @ (64x32) input=uint8 ... done (0.7s)
    [osimulator] (1x64x32) @ (32x16) input=uint8 ... done (0.2s)
    [osimulator] (1x1x1024) @ (1024x256) input=uint8 ... done (9.7s)
    [osimulator] (1x1x256) @ (256x10) input=uint8 ... done (0.1s)
  [Model 2 Phase4 v3 INT8 optic]  301/500 ( 60.2%) acc=89.04%  elapsed=1217s  ETA=805s
    [osimulator] (1x1024x32) @ (32x16) input=uint8 ... done (-6.8s)
    [osimulator] (1x64x64) @ (64x32) input=uint8 ... done (0.5s)
    [osimulator] (1x64x32) @ (32x16) input=uint8 ... done (0.2s)
    [osimulator] (1x1x1024) @ (1024x256) input=uint8 ... done (2.3s)
    [osimulator] (1x1x256) @ (256x10) input=uint8 ... done (0.1s)
  [Model 2 Phase4 v3 INT8 optic]  302/500 ( 60.4%) acc=89.07%  elapsed=1213s  ETA=795s
    [osimulator] (1x1024x32) @ (32x16) input=uint8 ... done (1.0s)
    [osimulator] (1x64x64) @ (64x32) input=uint8 ... done (0.4s)
    [osimulator] (1x64x32) @ (32x16) input=uint8 ... done (0.2s)
    [osimulator] (1x1x1024) @ (1024x256) input=uint8 ... done (2.3s)
    [osimulator] (1x1x256) @ (256x10) input=uint8 ... done (0.1s)
  [Model 2 Phase4 v3 INT8 optic]  303/500 ( 60.6%) acc=89.11%  elapsed=1217s  ETA=791s
    [osimulator] (1x1024x32) @ (32x16) input=uint8 ... done (1.0s)
    [osimulator] (1x64x64) @ (64x32) input=uint8 ... done (0.7s)
    [osimulator] (1x64x32) @ (32x16) input=uint8 ... done (0.2s)
    [osimulator] (1x1x1024) @ (1024x256) input=uint8 ... done (1.8s)
    [osimulator] (1x1x256) @ (256x10) input=uint8 ... done (0.1s)
  [Model 2 Phase4 v3 INT8 optic]  304/500 ( 60.8%) acc=89.14%  elapsed=1221s  ETA=787s
    [osimulator] (1x1024x32) @ (32x16) input=uint8 ... done (0.9s)
    [osimulator] (1x64x64) @ (64x32) input=uint8 ... done (0.8s)
    [osimulator] (1x64x32) @ (32x16) input=uint8 ... done (0.2s)
    [osimulator] (1x1x1024) @ (1024x256) input=uint8 ... done (1.8s)
    [osimulator] (1x1x256) @ (256x10) input=uint8 ... done (0.1s)
  [Model 2 Phase4 v3 INT8 optic]  305/500 ( 61.0%) acc=89.18%  elapsed=1225s  ETA=783s
    [osimulator] (1x1024x32) @ (32x16) input=uint8 ... done (1.1s)
    [osimulator] (1x64x64) @ (64x32) input=uint8 ... done (0.7s)
    [osimulator] (1x64x32) @ (32x16) input=uint8 ... done (0.2s)
    [osimulator] (1x1x1024) @ (1024x256) input=uint8 ... done (2.3s)
    [osimulator] (1x1x256) @ (256x10) input=uint8 ... done (0.1s)
  [Model 2 Phase4 v3 INT8 optic]  306/500 ( 61.2%) acc=89.22%  elapsed=1229s  ETA=779s
    [osimulator] (1x1024x32) @ (32x16) input=uint8 ... done (0.6s)
    [osimulator] (1x64x64) @ (64x32) input=uint8 ... done (0.8s)
    [osimulator] (1x64x32) @ (32x16) input=uint8 ... done (0.2s)
    [osimulator] (1x1x1024) @ (1024x256) input=uint8 ... done (2.3s)
    [osimulator] (1x1x256) @ (256x10) input=uint8 ... done (0.1s)
  [Model 2 Phase4 v3 INT8 optic]  307/500 ( 61.4%) acc=89.25%  elapsed=1233s  ETA=775s
    [osimulator] (1x1024x32) @ (32x16) input=uint8 ... done (1.1s)
    [osimulator] (1x64x64) @ (64x32) input=uint8 ... done (0.3s)
    [osimulator] (1x64x32) @ (32x16) input=uint8 ... done (0.2s)
    [osimulator] (1x1x1024) @ (1024x256) input=uint8 ... done (2.3s)
    [osimulator] (1x1x256) @ (256x10) input=uint8 ... done (0.1s)
  [Model 2 Phase4 v3 INT8 optic]  308/500 ( 61.6%) acc=89.29%  elapsed=1237s  ETA=771s
    [osimulator] (1x1024x32) @ (32x16) input=uint8 ... done (0.8s)
    [osimulator] (1x64x64) @ (64x32) input=uint8 ... done (0.7s)
    [osimulator] (1x64x32) @ (32x16) input=uint8 ... done (0.2s)
    [osimulator] (1x1x1024) @ (1024x256) input=uint8 ... done (2.1s)
    [osimulator] (1x1x256) @ (256x10) input=uint8 ... done (0.1s)
  [Model 2 Phase4 v3 INT8 optic]  309/500 ( 61.8%) acc=89.32%  elapsed=1241s  ETA=767s
    [osimulator] (1x1024x32) @ (32x16) input=uint8 ... done (1.0s)
    [osimulator] (1x64x64) @ (64x32) input=uint8 ... done (0.8s)
    [osimulator] (1x64x32) @ (32x16) input=uint8 ... done (0.2s)
    [osimulator] (1x1x1024) @ (1024x256) input=uint8 ... done (1.8s)
    [osimulator] (1x1x256) @ (256x10) input=uint8 ... done (0.1s)
  [Model 2 Phase4 v3 INT8 optic]  310/500 ( 62.0%) acc=89.35%  elapsed=1245s  ETA=763s
    [osimulator] (1x1024x32) @ (32x16) input=uint8 ... done (0.9s)
    [osimulator] (1x64x64) @ (64x32) input=uint8 ... done (0.7s)
    [osimulator] (1x64x32) @ (32x16) input=uint8 ... done (0.2s)
    [osimulator] (1x1x1024) @ (1024x256) input=uint8 ... done (2.3s)
    [osimulator] (1x1x256) @ (256x10) input=uint8 ... done (0.1s)
  [Model 2 Phase4 v3 INT8 optic]  311/500 ( 62.2%) acc=89.39%  elapsed=1249s  ETA=759s
    [osimulator] (1x1024x32) @ (32x16) input=uint8 ... done (0.5s)
    [osimulator] (1x64x64) @ (64x32) input=uint8 ... done (0.7s)
    [osimulator] (1x64x32) @ (32x16) input=uint8 ... done (0.2s)
    [osimulator] (1x1x1024) @ (1024x256) input=uint8 ... done (2.4s)
    [osimulator] (1x1x256) @ (256x10) input=uint8 ... done (0.1s)
  [Model 2 Phase4 v3 INT8 optic]  312/500 ( 62.4%) acc=89.42%  elapsed=1253s  ETA=755s
    [osimulator] (1x1024x32) @ (32x16) input=uint8 ... done (1.0s)
    [osimulator] (1x64x64) @ (64x32) input=uint8 ... done (0.2s)
    [osimulator] (1x64x32) @ (32x16) input=uint8 ... done (0.2s)
    [osimulator] (1x1x1024) @ (1024x256) input=uint8 ... done (2.3s)
    [osimulator] (1x1x256) @ (256x10) input=uint8 ... done (0.1s)
  [Model 2 Phase4 v3 INT8 optic]  313/500 ( 62.6%) acc=89.46%  elapsed=1257s  ETA=751s
    [osimulator] (1x1024x32) @ (32x16) input=uint8 ... done (1.0s)
    [osimulator] (1x64x64) @ (64x32) input=uint8 ... done (0.7s)
    [osimulator] (1x64x32) @ (32x16) input=uint8 ... done (0.2s)
    [osimulator] (1x1x1024) @ (1024x256) input=uint8 ... done (1.8s)
    [osimulator] (1x1x256) @ (256x10) input=uint8 ... done (0.1s)
  [Model 2 Phase4 v3 INT8 optic]  314/500 ( 62.8%) acc=89.49%  elapsed=1261s  ETA=747s
    [osimulator] (1x1024x32) @ (32x16) input=uint8 ... done (1.1s)
    [osimulator] (1x64x64) @ (64x32) input=uint8 ... done (0.8s)
    [osimulator] (1x64x32) @ (32x16) input=uint8 ... done (0.2s)
    [osimulator] (1x1x1024) @ (1024x256) input=uint8 ... done (1.8s)
    [osimulator] (1x1x256) @ (256x10) input=uint8 ... done (0.1s)
  [Model 2 Phase4 v3 INT8 optic]  315/500 ( 63.0%) acc=89.52%  elapsed=1265s  ETA=743s
    [osimulator] (1x1024x32) @ (32x16) input=uint8 ... done (0.9s)
    [osimulator] (1x64x64) @ (64x32) input=uint8 ... done (0.8s)
    [osimulator] (1x64x32) @ (32x16) input=uint8 ... done (0.2s)
    [osimulator] (1x1x1024) @ (1024x256) input=uint8 ... done (2.2s)
    [osimulator] (1x1x256) @ (256x10) input=uint8 ... done (0.1s)
  [Model 2 Phase4 v3 INT8 optic]  316/500 ( 63.2%) acc=89.56%  elapsed=1269s  ETA=739s
    [osimulator] (1x1024x32) @ (32x16) input=uint8 ... done (0.6s)
    [osimulator] (1x64x64) @ (64x32) input=uint8 ... done (0.7s)
    [osimulator] (1x64x32) @ (32x16) input=uint8 ... done (0.2s)
    [osimulator] (1x1x1024) @ (1024x256) input=uint8 ... done (2.3s)
    [osimulator] (1x1x256) @ (256x10) input=uint8 ... done (0.1s)
  [Model 2 Phase4 v3 INT8 optic]  317/500 ( 63.4%) acc=89.59%  elapsed=1273s  ETA=735s
    [osimulator] (1x1024x32) @ (32x16) input=uint8 ... done (1.0s)
    [osimulator] (1x64x64) @ (64x32) input=uint8 ... done (8.1s)
    [osimulator] (1x64x32) @ (32x16) input=uint8 ... done (-7.6s)
    [osimulator] (1x1x1024) @ (1024x256) input=uint8 ... done (2.3s)
    [osimulator] (1x1x256) @ (256x10) input=uint8 ... done (0.1s)
  [Model 2 Phase4 v3 INT8 optic]  318/500 ( 63.6%) acc=89.62%  elapsed=1277s  ETA=731s
    [osimulator] (1x1024x32) @ (32x16) input=uint8 ... done (1.0s)
    [osimulator] (1x64x64) @ (64x32) input=uint8 ... done (0.8s)
    [osimulator] (1x64x32) @ (32x16) input=uint8 ... done (0.2s)
    [osimulator] (1x1x1024) @ (1024x256) input=uint8 ... done (1.8s)
    [osimulator] (1x1x256) @ (256x10) input=uint8 ... done (0.1s)
  [Model 2 Phase4 v3 INT8 optic]  319/500 ( 63.8%) acc=89.34%  elapsed=1281s  ETA=727s
    [osimulator] (1x1024x32) @ (32x16) input=uint8 ... done (1.0s)
    [osimulator] (1x64x64) @ (64x32) input=uint8 ... done (0.7s)
    [osimulator] (1x64x32) @ (32x16) input=uint8 ... done (0.2s)
    [osimulator] (1x1x1024) @ (1024x256) input=uint8 ... done (1.8s)
    [osimulator] (1x1x256) @ (256x10) input=uint8 ... done (0.1s)
  [Model 2 Phase4 v3 INT8 optic]  320/500 ( 64.0%) acc=89.38%  elapsed=1284s  ETA=723s
    [osimulator] (1x1024x32) @ (32x16) input=uint8 ... done (1.0s)
    [osimulator] (1x64x64) @ (64x32) input=uint8 ... done (0.8s)
    [osimulator] (1x64x32) @ (32x16) input=uint8 ... done (0.2s)
    [osimulator] (1x1x1024) @ (1024x256) input=uint8 ... done (2.3s)
    [osimulator] (1x1x256) @ (256x10) input=uint8 ... done (0.1s)
  [Model 2 Phase4 v3 INT8 optic]  321/500 ( 64.2%) acc=89.41%  elapsed=1289s  ETA=719s
    [osimulator] (1x1024x32) @ (32x16) input=uint8 ... done (0.5s)
    [osimulator] (1x64x64) @ (64x32) input=uint8 ... done (0.8s)
    [osimulator] (1x64x32) @ (32x16) input=uint8 ... done (0.2s)
    [osimulator] (1x1x1024) @ (1024x256) input=uint8 ... done (2.1s)
    [osimulator] (1x1x256) @ (256x10) input=uint8 ... done (0.1s)
  [Model 2 Phase4 v3 INT8 optic]  322/500 ( 64.4%) acc=89.13%  elapsed=1293s  ETA=715s
    [osimulator] (1x1024x32) @ (32x16) input=uint8 ... done (1.0s)
    [osimulator] (1x64x64) @ (64x32) input=uint8 ... done (8.4s)
    [osimulator] (1x64x32) @ (32x16) input=uint8 ... done (-7.6s)
    [osimulator] (1x1x1024) @ (1024x256) input=uint8 ... done (2.3s)
    [osimulator] (1x1x256) @ (256x10) input=uint8 ... done (0.1s)
  [Model 2 Phase4 v3 INT8 optic]  323/500 ( 64.6%) acc=89.16%  elapsed=1297s  ETA=711s
    [osimulator] (1x1024x32) @ (32x16) input=uint8 ... done (1.0s)
    [osimulator] (1x64x64) @ (64x32) input=uint8 ... done (0.7s)
    [osimulator] (1x64x32) @ (32x16) input=uint8 ... done (0.2s)
    [osimulator] (1x1x1024) @ (1024x256) input=uint8 ... done (1.8s)
    [osimulator] (1x1x256) @ (256x10) input=uint8 ... done (0.1s)
  [Model 2 Phase4 v3 INT8 optic]  324/500 ( 64.8%) acc=89.20%  elapsed=1301s  ETA=707s
    [osimulator] (1x1024x32) @ (32x16) input=uint8 ... done (1.0s)
    [osimulator] (1x64x64) @ (64x32) input=uint8 ... done (0.7s)
    [osimulator] (1x64x32) @ (32x16) input=uint8 ... done (0.2s)
    [osimulator] (1x1x1024) @ (1024x256) input=uint8 ... done (1.8s)
    [osimulator] (1x1x256) @ (256x10) input=uint8 ... done (0.1s)
  [Model 2 Phase4 v3 INT8 optic]  325/500 ( 65.0%) acc=88.92%  elapsed=1304s  ETA=702s
    [osimulator] (1x1024x32) @ (32x16) input=uint8 ... done (1.0s)
    [osimulator] (1x64x64) @ (64x32) input=uint8 ... done (0.7s)
    [osimulator] (1x64x32) @ (32x16) input=uint8 ... done (0.2s)
    [osimulator] (1x1x1024) @ (1024x256) input=uint8 ... done (2.3s)
    [osimulator] (1x1x256) @ (256x10) input=uint8 ... done (0.1s)
  [Model 2 Phase4 v3 INT8 optic]  326/500 ( 65.2%) acc=88.96%  elapsed=1309s  ETA=699s
    [osimulator] (1x1024x32) @ (32x16) input=uint8 ... done (0.5s)
    [osimulator] (1x64x64) @ (64x32) input=uint8 ... done (0.7s)
    [osimulator] (1x64x32) @ (32x16) input=uint8 ... done (0.2s)
    [osimulator] (1x1x1024) @ (1024x256) input=uint8 ... done (2.3s)
    [osimulator] (1x1x256) @ (256x10) input=uint8 ... done (0.1s)
  [Model 2 Phase4 v3 INT8 optic]  327/500 ( 65.4%) acc=88.99%  elapsed=1313s  ETA=694s
    [osimulator] (1x1024x32) @ (32x16) input=uint8 ... done (1.0s)
    [osimulator] (1x64x64) @ (64x32) input=uint8 ... done (0.8s)
    [osimulator] (1x64x32) @ (32x16) input=uint8 ... done (7.6s)
    [osimulator] (1x1x1024) @ (1024x256) input=uint8 ... done (-5.5s)
    [osimulator] (1x1x256) @ (256x10) input=uint8 ... done (0.1s)
  [Model 2 Phase4 v3 INT8 optic]  328/500 ( 65.6%) acc=89.02%  elapsed=1317s  ETA=690s
    [osimulator] (1x1024x32) @ (32x16) input=uint8 ... done (1.0s)
    [osimulator] (1x64x64) @ (64x32) input=uint8 ... done (0.7s)
    [osimulator] (1x64x32) @ (32x16) input=uint8 ... done (0.2s)
    [osimulator] (1x1x1024) @ (1024x256) input=uint8 ... done (1.8s)
    [osimulator] (1x1x256) @ (256x10) input=uint8 ... done (0.1s)
  [Model 2 Phase4 v3 INT8 optic]  329/500 ( 65.8%) acc=89.06%  elapsed=1320s  ETA=686s
    [osimulator] (1x1024x32) @ (32x16) input=uint8 ... done (1.0s)
    [osimulator] (1x64x64) @ (64x32) input=uint8 ... done (0.7s)
    [osimulator] (1x64x32) @ (32x16) input=uint8 ... done (0.2s)
    [osimulator] (1x1x1024) @ (1024x256) input=uint8 ... done (9.7s)
    [osimulator] (1x1x256) @ (256x10) input=uint8 ... done (0.1s)
  [Model 2 Phase4 v3 INT8 optic]  330/500 ( 66.0%) acc=89.09%  elapsed=1332s  ETA=686s
    [osimulator] (1x1024x32) @ (32x16) input=uint8 ... done (-6.9s)
    [osimulator] (1x64x64) @ (64x32) input=uint8 ... done (0.8s)
    [osimulator] (1x64x32) @ (32x16) input=uint8 ... done (0.2s)
    [osimulator] (1x1x1024) @ (1024x256) input=uint8 ... done (2.3s)
    [osimulator] (1x1x256) @ (256x10) input=uint8 ... done (0.1s)
  [Model 2 Phase4 v3 INT8 optic]  331/500 ( 66.2%) acc=89.12%  elapsed=1329s  ETA=678s
    [osimulator] (1x1024x32) @ (32x16) input=uint8 ... done (8.4s)
    [osimulator] (1x64x64) @ (64x32) input=uint8 ... done (-7.1s)
    [osimulator] (1x64x32) @ (32x16) input=uint8 ... done (0.2s)
    [osimulator] (1x1x1024) @ (1024x256) input=uint8 ... done (2.3s)
    [osimulator] (1x1x256) @ (256x10) input=uint8 ... done (0.1s)
  [Model 2 Phase4 v3 INT8 optic]  332/500 ( 66.4%) acc=88.86%  elapsed=1332s  ETA=674s
    [osimulator] (1x1024x32) @ (32x16) input=uint8 ... done (1.0s)
    [osimulator] (1x64x64) @ (64x32) input=uint8 ... done (0.8s)
    [osimulator] (1x64x32) @ (32x16) input=uint8 ... done (0.2s)
    [osimulator] (1x1x1024) @ (1024x256) input=uint8 ... done (1.8s)
    [osimulator] (1x1x256) @ (256x10) input=uint8 ... done (0.1s)
  [Model 2 Phase4 v3 INT8 optic]  333/500 ( 66.6%) acc=88.89%  elapsed=1336s  ETA=670s
    [osimulator] (1x1024x32) @ (32x16) input=uint8 ... done (0.9s)
    [osimulator] (1x64x64) @ (64x32) input=uint8 ... done (0.7s)
    [osimulator] (1x64x32) @ (32x16) input=uint8 ... done (0.2s)
    [osimulator] (1x1x1024) @ (1024x256) input=uint8 ... done (1.8s)
    [osimulator] (1x1x256) @ (256x10) input=uint8 ... done (0.1s)
  [Model 2 Phase4 v3 INT8 optic]  334/500 ( 66.8%) acc=88.92%  elapsed=1340s  ETA=666s
    [osimulator] (1x1024x32) @ (32x16) input=uint8 ... done (1.0s)
    [osimulator] (1x64x64) @ (64x32) input=uint8 ... done (0.7s)
    [osimulator] (1x64x32) @ (32x16) input=uint8 ... done (0.2s)
    [osimulator] (1x1x1024) @ (1024x256) input=uint8 ... done (2.3s)
    [osimulator] (1x1x256) @ (256x10) input=uint8 ... done (0.1s)
  [Model 2 Phase4 v3 INT8 optic]  335/500 ( 67.0%) acc=88.96%  elapsed=1344s  ETA=662s
    [osimulator] (1x1024x32) @ (32x16) input=uint8 ... done (0.5s)
    [osimulator] (1x64x64) @ (64x32) input=uint8 ... done (0.9s)
    [osimulator] (1x64x32) @ (32x16) input=uint8 ... done (0.2s)
    [osimulator] (1x1x1024) @ (1024x256) input=uint8 ... done (2.1s)
    [osimulator] (1x1x256) @ (256x10) input=uint8 ... done (0.1s)
  [Model 2 Phase4 v3 INT8 optic]  336/500 ( 67.2%) acc=88.99%  elapsed=1348s  ETA=658s
    [osimulator] (1x1024x32) @ (32x16) input=uint8 ... done (1.0s)
    [osimulator] (1x64x64) @ (64x32) input=uint8 ... done (0.5s)
    [osimulator] (1x64x32) @ (32x16) input=uint8 ... done (0.2s)
    [osimulator] (1x1x1024) @ (1024x256) input=uint8 ... done (2.3s)
    [osimulator] (1x1x256) @ (256x10) input=uint8 ... done (0.1s)
  [Model 2 Phase4 v3 INT8 optic]  337/500 ( 67.4%) acc=89.02%  elapsed=1352s  ETA=654s
    [osimulator] (1x1024x32) @ (32x16) input=uint8 ... done (1.0s)
    [osimulator] (1x64x64) @ (64x32) input=uint8 ... done (0.7s)
    [osimulator] (1x64x32) @ (32x16) input=uint8 ... done (0.2s)
    [osimulator] (1x1x1024) @ (1024x256) input=uint8 ... done (1.8s)
    [osimulator] (1x1x256) @ (256x10) input=uint8 ... done (0.1s)
  [Model 2 Phase4 v3 INT8 optic]  338/500 ( 67.6%) acc=89.05%  elapsed=1356s  ETA=650s
    [osimulator] (1x1024x32) @ (32x16) input=uint8 ... done (1.1s)
    [osimulator] (1x64x64) @ (64x32) input=uint8 ... done (0.8s)
    [osimulator] (1x64x32) @ (32x16) input=uint8 ... done (0.2s)
    [osimulator] (1x1x1024) @ (1024x256) input=uint8 ... done (1.8s)
    [osimulator] (1x1x256) @ (256x10) input=uint8 ... done (0.1s)
  [Model 2 Phase4 v3 INT8 optic]  339/500 ( 67.8%) acc=89.09%  elapsed=1360s  ETA=646s
    [osimulator] (1x1024x32) @ (32x16) input=uint8 ... done (1.0s)
    [osimulator] (1x64x64) @ (64x32) input=uint8 ... done (0.7s)
    [osimulator] (1x64x32) @ (32x16) input=uint8 ... done (0.2s)
    [osimulator] (1x1x1024) @ (1024x256) input=uint8 ... done (2.3s)
    [osimulator] (1x1x256) @ (256x10) input=uint8 ... done (0.1s)
  [Model 2 Phase4 v3 INT8 optic]  340/500 ( 68.0%) acc=88.82%  elapsed=1364s  ETA=642s
    [osimulator] (1x1024x32) @ (32x16) input=uint8 ... done (0.5s)
    [osimulator] (1x64x64) @ (64x32) input=uint8 ... done (0.7s)
    [osimulator] (1x64x32) @ (32x16) input=uint8 ... done (0.2s)
    [osimulator] (1x1x1024) @ (1024x256) input=uint8 ... done (2.3s)
    [osimulator] (1x1x256) @ (256x10) input=uint8 ... done (0.1s)
  [Model 2 Phase4 v3 INT8 optic]  341/500 ( 68.2%) acc=88.56%  elapsed=1368s  ETA=638s
    [osimulator] (1x1024x32) @ (32x16) input=uint8 ... done (0.9s)
    [osimulator] (1x64x64) @ (64x32) input=uint8 ... done (0.2s)
    [osimulator] (1x64x32) @ (32x16) input=uint8 ... done (0.2s)
    [osimulator] (1x1x1024) @ (1024x256) input=uint8 ... done (2.3s)
    [osimulator] (1x1x256) @ (256x10) input=uint8 ... done (0.1s)
  [Model 2 Phase4 v3 INT8 optic]  342/500 ( 68.4%) acc=88.60%  elapsed=1372s  ETA=634s
    [osimulator] (1x1024x32) @ (32x16) input=uint8 ... done (1.0s)
    [osimulator] (1x64x64) @ (64x32) input=uint8 ... done (0.7s)
    [osimulator] (1x64x32) @ (32x16) input=uint8 ... done (0.2s)
    [osimulator] (1x1x1024) @ (1024x256) input=uint8 ... done (1.8s)
    [osimulator] (1x1x256) @ (256x10) input=uint8 ... done (0.1s)
  [Model 2 Phase4 v3 INT8 optic]  343/500 ( 68.6%) acc=88.63%  elapsed=1376s  ETA=630s
    [osimulator] (1x1024x32) @ (32x16) input=uint8 ... done (0.9s)
    [osimulator] (1x64x64) @ (64x32) input=uint8 ... done (0.7s)
    [osimulator] (1x64x32) @ (32x16) input=uint8 ... done (0.2s)
    [osimulator] (1x1x1024) @ (1024x256) input=uint8 ... done (1.8s)
    [osimulator] (1x1x256) @ (256x10) input=uint8 ... done (0.1s)
  [Model 2 Phase4 v3 INT8 optic]  344/500 ( 68.8%) acc=88.66%  elapsed=1380s  ETA=626s
    [osimulator] (1x1024x32) @ (32x16) input=uint8 ... done (1.0s)
    [osimulator] (1x64x64) @ (64x32) input=uint8 ... done (0.8s)
    [osimulator] (1x64x32) @ (32x16) input=uint8 ... done (0.2s)
    [osimulator] (1x1x1024) @ (1024x256) input=uint8 ... done (2.3s)
    [osimulator] (1x1x256) @ (256x10) input=uint8 ... done (0.1s)
  [Model 2 Phase4 v3 INT8 optic]  345/500 ( 69.0%) acc=88.70%  elapsed=1384s  ETA=622s
    [osimulator] (1x1024x32) @ (32x16) input=uint8 ... done (8.3s)
    [osimulator] (1x64x64) @ (64x32) input=uint8 ... done (-7.2s)
    [osimulator] (1x64x32) @ (32x16) input=uint8 ... done (0.2s)
    [osimulator] (1x1x1024) @ (1024x256) input=uint8 ... done (2.2s)
    [osimulator] (1x1x256) @ (256x10) input=uint8 ... done (0.1s)
  [Model 2 Phase4 v3 INT8 optic]  346/500 ( 69.2%) acc=88.73%  elapsed=1388s  ETA=618s
    [osimulator] (1x1024x32) @ (32x16) input=uint8 ... done (1.0s)
    [osimulator] (1x64x64) @ (64x32) input=uint8 ... done (0.8s)
    [osimulator] (1x64x32) @ (32x16) input=uint8 ... done (0.2s)
    [osimulator] (1x1x1024) @ (1024x256) input=uint8 ... done (1.7s)
    [osimulator] (1x1x256) @ (256x10) input=uint8 ... done (0.1s)
  [Model 2 Phase4 v3 INT8 optic]  347/500 ( 69.4%) acc=88.76%  elapsed=1391s  ETA=613s
    [osimulator] (1x1024x32) @ (32x16) input=uint8 ... done (1.0s)
    [osimulator] (1x64x64) @ (64x32) input=uint8 ... done (0.7s)
    [osimulator] (1x64x32) @ (32x16) input=uint8 ... done (0.2s)
    [osimulator] (1x1x1024) @ (1024x256) input=uint8 ... done (1.8s)
    [osimulator] (1x1x256) @ (256x10) input=uint8 ... done (0.1s)
  [Model 2 Phase4 v3 INT8 optic]  348/500 ( 69.6%) acc=88.79%  elapsed=1395s  ETA=609s
    [osimulator] (1x1024x32) @ (32x16) input=uint8 ... done (1.0s)
    [osimulator] (1x64x64) @ (64x32) input=uint8 ... done (0.8s)
    [osimulator] (1x64x32) @ (32x16) input=uint8 ... done (0.2s)
    [osimulator] (1x1x1024) @ (1024x256) input=uint8 ... done (2.3s)
    [osimulator] (1x1x256) @ (256x10) input=uint8 ... done (0.1s)
  [Model 2 Phase4 v3 INT8 optic]  349/500 ( 69.8%) acc=88.83%  elapsed=1399s  ETA=606s
    [osimulator] (1x1024x32) @ (32x16) input=uint8 ... done (0.4s)
    [osimulator] (1x64x64) @ (64x32) input=uint8 ... done (0.8s)
    [osimulator] (1x64x32) @ (32x16) input=uint8 ... done (0.2s)
    [osimulator] (1x1x1024) @ (1024x256) input=uint8 ... done (2.1s)
    [osimulator] (1x1x256) @ (256x10) input=uint8 ... done (0.1s)
  [Model 2 Phase4 v3 INT8 optic]  350/500 ( 70.0%) acc=88.86%  elapsed=1403s  ETA=601s
    [osimulator] (1x1024x32) @ (32x16) input=uint8 ... done (1.1s)
    [osimulator] (1x64x64) @ (64x32) input=uint8 ... done (0.5s)
    [osimulator] (1x64x32) @ (32x16) input=uint8 ... done (0.2s)
    [osimulator] (1x1x1024) @ (1024x256) input=uint8 ... done (2.3s)
    [osimulator] (1x1x256) @ (256x10) input=uint8 ... done (0.1s)
  [Model 2 Phase4 v3 INT8 optic]  351/500 ( 70.2%) acc=88.89%  elapsed=1407s  ETA=597s
    [osimulator] (1x1024x32) @ (32x16) input=uint8 ... done (1.0s)
    [osimulator] (1x64x64) @ (64x32) input=uint8 ... done (0.8s)
    [osimulator] (1x64x32) @ (32x16) input=uint8 ... done (0.2s)
    [osimulator] (1x1x1024) @ (1024x256) input=uint8 ... done (1.8s)
    [osimulator] (1x1x256) @ (256x10) input=uint8 ... done (0.1s)
  [Model 2 Phase4 v3 INT8 optic]  352/500 ( 70.4%) acc=88.64%  elapsed=1411s  ETA=593s
    [osimulator] (1x1024x32) @ (32x16) input=uint8 ... done (1.1s)
    [osimulator] (1x64x64) @ (64x32) input=uint8 ... done (0.7s)
    [osimulator] (1x64x32) @ (32x16) input=uint8 ... done (0.2s)
    [osimulator] (1x1x1024) @ (1024x256) input=uint8 ... done (1.8s)
    [osimulator] (1x1x256) @ (256x10) input=uint8 ... done (0.1s)
  [Model 2 Phase4 v3 INT8 optic]  353/500 ( 70.6%) acc=88.67%  elapsed=1415s  ETA=589s
    [osimulator] (1x1024x32) @ (32x16) input=uint8 ... done (1.0s)
    [osimulator] (1x64x64) @ (64x32) input=uint8 ... done (0.6s)
    [osimulator] (1x64x32) @ (32x16) input=uint8 ... done (0.2s)
    [osimulator] (1x1x1024) @ (1024x256) input=uint8 ... done (2.3s)
    [osimulator] (1x1x256) @ (256x10) input=uint8 ... done (0.1s)
  [Model 2 Phase4 v3 INT8 optic]  354/500 ( 70.8%) acc=88.70%  elapsed=1419s  ETA=585s
    [osimulator] (1x1024x32) @ (32x16) input=uint8 ... done (0.4s)
    [osimulator] (1x64x64) @ (64x32) input=uint8 ... done (0.7s)
    [osimulator] (1x64x32) @ (32x16) input=uint8 ... done (0.2s)
    [osimulator] (1x1x1024) @ (1024x256) input=uint8 ... done (2.3s)
    [osimulator] (1x1x256) @ (256x10) input=uint8 ... done (0.1s)
  [Model 2 Phase4 v3 INT8 optic]  355/500 ( 71.0%) acc=88.73%  elapsed=1423s  ETA=581s
    [osimulator] (1x1024x32) @ (32x16) input=uint8 ... done (0.9s)
    [osimulator] (1x64x64) @ (64x32) input=uint8 ... done (0.8s)
    [osimulator] (1x64x32) @ (32x16) input=uint8 ... done (7.6s)
    [osimulator] (1x1x1024) @ (1024x256) input=uint8 ... done (-5.6s)
    [osimulator] (1x1x256) @ (256x10) input=uint8 ... done (0.1s)
  [Model 2 Phase4 v3 INT8 optic]  356/500 ( 71.2%) acc=88.76%  elapsed=1427s  ETA=577s
    [osimulator] (1x1024x32) @ (32x16) input=uint8 ... done (1.0s)
    [osimulator] (1x64x64) @ (64x32) input=uint8 ... done (0.8s)
    [osimulator] (1x64x32) @ (32x16) input=uint8 ... done (0.2s)
    [osimulator] (1x1x1024) @ (1024x256) input=uint8 ... done (1.8s)
    [osimulator] (1x1x256) @ (256x10) input=uint8 ... done (0.1s)
  [Model 2 Phase4 v3 INT8 optic]  357/500 ( 71.4%) acc=88.80%  elapsed=1431s  ETA=573s
    [osimulator] (1x1024x32) @ (32x16) input=uint8 ... done (1.0s)
    [osimulator] (1x64x64) @ (64x32) input=uint8 ... done (0.8s)
    [osimulator] (1x64x32) @ (32x16) input=uint8 ... done (0.2s)
    [osimulator] (1x1x1024) @ (1024x256) input=uint8 ... done (9.6s)
    [osimulator] (1x1x256) @ (256x10) input=uint8 ... done (0.1s)
  [Model 2 Phase4 v3 INT8 optic]  358/500 ( 71.6%) acc=88.83%  elapsed=1442s  ETA=572s
    [osimulator] (1x1024x32) @ (32x16) input=uint8 ... done (1.1s)
    [osimulator] (1x64x64) @ (64x32) input=uint8 ... done (0.7s)
    [osimulator] (1x64x32) @ (32x16) input=uint8 ... done (0.2s)
    [osimulator] (1x1x1024) @ (1024x256) input=uint8 ... done (2.3s)
    [osimulator] (1x1x256) @ (256x10) input=uint8 ... done (0.1s)
  [Model 2 Phase4 v3 INT8 optic]  359/500 ( 71.8%) acc=88.86%  elapsed=1439s  ETA=565s
    [osimulator] (1x1024x32) @ (32x16) input=uint8 ... done (8.4s)
    [osimulator] (1x64x64) @ (64x32) input=uint8 ... done (-7.1s)
    [osimulator] (1x64x32) @ (32x16) input=uint8 ... done (0.2s)
    [osimulator] (1x1x1024) @ (1024x256) input=uint8 ... done (2.3s)
    [osimulator] (1x1x256) @ (256x10) input=uint8 ... done (0.1s)
  [Model 2 Phase4 v3 INT8 optic]  360/500 ( 72.0%) acc=88.89%  elapsed=1443s  ETA=561s
    [osimulator] (1x1024x32) @ (32x16) input=uint8 ... done (1.0s)
    [osimulator] (1x64x64) @ (64x32) input=uint8 ... done (0.6s)
    [osimulator] (1x64x32) @ (32x16) input=uint8 ... done (0.2s)
    [osimulator] (1x1x1024) @ (1024x256) input=uint8 ... done (1.8s)
    [osimulator] (1x1x256) @ (256x10) input=uint8 ... done (0.1s)
  [Model 2 Phase4 v3 INT8 optic]  361/500 ( 72.2%) acc=88.92%  elapsed=1446s  ETA=557s
    [osimulator] (1x1024x32) @ (32x16) input=uint8 ... done (1.0s)
    [osimulator] (1x64x64) @ (64x32) input=uint8 ... done (0.8s)
    [osimulator] (1x64x32) @ (32x16) input=uint8 ... done (0.2s)
    [osimulator] (1x1x1024) @ (1024x256) input=uint8 ... done (1.8s)
    [osimulator] (1x1x256) @ (256x10) input=uint8 ... done (0.1s)
  [Model 2 Phase4 v3 INT8 optic]  362/500 ( 72.4%) acc=88.95%  elapsed=1450s  ETA=553s
    [osimulator] (1x1024x32) @ (32x16) input=uint8 ... done (1.0s)
    [osimulator] (1x64x64) @ (64x32) input=uint8 ... done (0.7s)
    [osimulator] (1x64x32) @ (32x16) input=uint8 ... done (0.2s)
    [osimulator] (1x1x1024) @ (1024x256) input=uint8 ... done (2.3s)
    [osimulator] (1x1x256) @ (256x10) input=uint8 ... done (0.1s)
  [Model 2 Phase4 v3 INT8 optic]  363/500 ( 72.6%) acc=88.98%  elapsed=1455s  ETA=549s
    [osimulator] (1x1024x32) @ (32x16) input=uint8 ... done (0.6s)
    [osimulator] (1x64x64) @ (64x32) input=uint8 ... done (8.4s)
    [osimulator] (1x64x32) @ (32x16) input=uint8 ... done (-7.7s)
    [osimulator] (1x1x1024) @ (1024x256) input=uint8 ... done (2.3s)
    [osimulator] (1x1x256) @ (256x10) input=uint8 ... done (0.1s)
  [Model 2 Phase4 v3 INT8 optic]  364/500 ( 72.8%) acc=89.01%  elapsed=1458s  ETA=545s
    [osimulator] (1x1024x32) @ (32x16) input=uint8 ... done (1.0s)
    [osimulator] (1x64x64) @ (64x32) input=uint8 ... done (0.4s)
    [osimulator] (1x64x32) @ (32x16) input=uint8 ... done (0.2s)
    [osimulator] (1x1x1024) @ (1024x256) input=uint8 ... done (2.3s)
    [osimulator] (1x1x256) @ (256x10) input=uint8 ... done (0.1s)
  [Model 2 Phase4 v3 INT8 optic]  365/500 ( 73.0%) acc=89.04%  elapsed=1462s  ETA=541s
    [osimulator] (1x1024x32) @ (32x16) input=uint8 ... done (1.1s)
    [osimulator] (1x64x64) @ (64x32) input=uint8 ... done (0.8s)
    [osimulator] (1x64x32) @ (32x16) input=uint8 ... done (0.2s)
    [osimulator] (1x1x1024) @ (1024x256) input=uint8 ... done (1.8s)
    [osimulator] (1x1x256) @ (256x10) input=uint8 ... done (0.1s)
  [Model 2 Phase4 v3 INT8 optic]  366/500 ( 73.2%) acc=89.07%  elapsed=1466s  ETA=537s
    [osimulator] (1x1024x32) @ (32x16) input=uint8 ... done (1.0s)
    [osimulator] (1x64x64) @ (64x32) input=uint8 ... done (0.7s)
    [osimulator] (1x64x32) @ (32x16) input=uint8 ... done (0.2s)
    [osimulator] (1x1x1024) @ (1024x256) input=uint8 ... done (1.8s)
    [osimulator] (1x1x256) @ (256x10) input=uint8 ... done (0.1s)
  [Model 2 Phase4 v3 INT8 optic]  367/500 ( 73.4%) acc=89.10%  elapsed=1470s  ETA=533s
    [osimulator] (1x1024x32) @ (32x16) input=uint8 ... done (1.0s)
    [osimulator] (1x64x64) @ (64x32) input=uint8 ... done (0.7s)
    [osimulator] (1x64x32) @ (32x16) input=uint8 ... done (0.2s)
    [osimulator] (1x1x1024) @ (1024x256) input=uint8 ... done (2.3s)
    [osimulator] (1x1x256) @ (256x10) input=uint8 ... done (0.1s)
  [Model 2 Phase4 v3 INT8 optic]  368/500 ( 73.6%) acc=89.13%  elapsed=1475s  ETA=529s
    [osimulator] (1x1024x32) @ (32x16) input=uint8 ... done (0.5s)
    [osimulator] (1x64x64) @ (64x32) input=uint8 ... done (0.7s)
    [osimulator] (1x64x32) @ (32x16) input=uint8 ... done (0.2s)
    [osimulator] (1x1x1024) @ (1024x256) input=uint8 ... done (2.3s)
    [osimulator] (1x1x256) @ (256x10) input=uint8 ... done (0.1s)
  [Model 2 Phase4 v3 INT8 optic]  369/500 ( 73.8%) acc=89.16%  elapsed=1478s  ETA=525s
    [osimulator] (1x1024x32) @ (32x16) input=uint8 ... done (1.1s)
    [osimulator] (1x64x64) @ (64x32) input=uint8 ... done (0.2s)
    [osimulator] (1x64x32) @ (32x16) input=uint8 ... done (0.2s)
    [osimulator] (1x1x1024) @ (1024x256) input=uint8 ... done (2.3s)
    [osimulator] (1x1x256) @ (256x10) input=uint8 ... done (0.1s)
  [Model 2 Phase4 v3 INT8 optic]  370/500 ( 74.0%) acc=89.19%  elapsed=1482s  ETA=521s
    [osimulator] (1x1024x32) @ (32x16) input=uint8 ... done (0.9s)
    [osimulator] (1x64x64) @ (64x32) input=uint8 ... done (0.3s)
    [osimulator] (1x64x32) @ (32x16) input=uint8 ... done (0.2s)
    [osimulator] (1x1x1024) @ (1024x256) input=uint8 ... done (2.2s)
    [osimulator] (1x1x256) @ (256x10) input=uint8 ... done (0.1s)
  [Model 2 Phase4 v3 INT8 optic]  371/500 ( 74.2%) acc=88.95%  elapsed=1486s  ETA=517s
    [osimulator] (1x1024x32) @ (32x16) input=uint8 ... done (1.0s)
    [osimulator] (1x64x64) @ (64x32) input=uint8 ... done (0.7s)
    [osimulator] (1x64x32) @ (32x16) input=uint8 ... done (0.2s)
    [osimulator] (1x1x1024) @ (1024x256) input=uint8 ... done (1.7s)
    [osimulator] (1x1x256) @ (256x10) input=uint8 ... done (0.1s)
  [Model 2 Phase4 v3 INT8 optic]  372/500 ( 74.4%) acc=88.98%  elapsed=1490s  ETA=513s
    [osimulator] (1x1024x32) @ (32x16) input=uint8 ... done (1.1s)
    [osimulator] (1x64x64) @ (64x32) input=uint8 ... done (0.8s)
    [osimulator] (1x64x32) @ (32x16) input=uint8 ... done (0.2s)
    [osimulator] (1x1x1024) @ (1024x256) input=uint8 ... done (2.3s)
    [osimulator] (1x1x256) @ (256x10) input=uint8 ... done (0.1s)
  [Model 2 Phase4 v3 INT8 optic]  373/500 ( 74.6%) acc=89.01%  elapsed=1494s  ETA=509s
    [osimulator] (1x1024x32) @ (32x16) input=uint8 ... done (8.4s)
    [osimulator] (1x64x64) @ (64x32) input=uint8 ... done (0.8s)
    [osimulator] (1x64x32) @ (32x16) input=uint8 ... done (0.2s)
    [osimulator] (1x1x1024) @ (1024x256) input=uint8 ... done (2.3s)
    [osimulator] (1x1x256) @ (256x10) input=uint8 ... done (0.1s)
  [Model 2 Phase4 v3 INT8 optic]  374/500 ( 74.8%) acc=89.04%  elapsed=1506s  ETA=507s
    [osimulator] (1x1024x32) @ (32x16) input=uint8 ... done (1.0s)
    [osimulator] (1x64x64) @ (64x32) input=uint8 ... done (0.7s)
    [osimulator] (1x64x32) @ (32x16) input=uint8 ... done (0.2s)
    [osimulator] (1x1x1024) @ (1024x256) input=uint8 ... done (2.3s)
    [osimulator] (1x1x256) @ (256x10) input=uint8 ... done (0.1s)
  [Model 2 Phase4 v3 INT8 optic]  375/500 ( 75.0%) acc=89.07%  elapsed=1510s  ETA=503s
    [osimulator] (1x1024x32) @ (32x16) input=uint8 ... done (1.0s)
    [osimulator] (1x64x64) @ (64x32) input=uint8 ... done (0.8s)
    [osimulator] (1x64x32) @ (32x16) input=uint8 ... done (0.2s)
    [osimulator] (1x1x1024) @ (1024x256) input=uint8 ... done (2.3s)
    [osimulator] (1x1x256) @ (256x10) input=uint8 ... done (0.1s)
  [Model 2 Phase4 v3 INT8 optic]  376/500 ( 75.2%) acc=89.10%  elapsed=1515s  ETA=500s
    [osimulator] (1x1024x32) @ (32x16) input=uint8 ... done (1.0s)
    [osimulator] (1x64x64) @ (64x32) input=uint8 ... done (0.7s)
    [osimulator] (1x64x32) @ (32x16) input=uint8 ... done (0.2s)
    [osimulator] (1x1x1024) @ (1024x256) input=uint8 ... done (-7.1s)
    [osimulator] (1x1x256) @ (256x10) input=uint8 ... done (0.1s)
  [Model 2 Phase4 v3 INT8 optic]  377/500 ( 75.4%) acc=89.12%  elapsed=1510s  ETA=493s
    [osimulator] (1x1024x32) @ (32x16) input=uint8 ... done (1.0s)
    [osimulator] (1x64x64) @ (64x32) input=uint8 ... done (0.7s)
    [osimulator] (1x64x32) @ (32x16) input=uint8 ... done (0.2s)
    [osimulator] (1x1x1024) @ (1024x256) input=uint8 ... done (2.3s)
    [osimulator] (1x1x256) @ (256x10) input=uint8 ... done (0.1s)
  [Model 2 Phase4 v3 INT8 optic]  378/500 ( 75.6%) acc=89.15%  elapsed=1514s  ETA=489s
    [osimulator] (1x1024x32) @ (32x16) input=uint8 ... done (0.6s)
    [osimulator] (1x64x64) @ (64x32) input=uint8 ... done (0.7s)
    [osimulator] (1x64x32) @ (32x16) input=uint8 ... done (0.2s)
    [osimulator] (1x1x1024) @ (1024x256) input=uint8 ... done (2.3s)
    [osimulator] (1x1x256) @ (256x10) input=uint8 ... done (0.1s)
  [Model 2 Phase4 v3 INT8 optic]  379/500 ( 75.8%) acc=89.18%  elapsed=1518s  ETA=485s
    [osimulator] (1x1024x32) @ (32x16) input=uint8 ... done (1.0s)
    [osimulator] (1x64x64) @ (64x32) input=uint8 ... done (0.8s)
    [osimulator] (1x64x32) @ (32x16) input=uint8 ... done (7.6s)
    [osimulator] (1x1x1024) @ (1024x256) input=uint8 ... done (-5.6s)
    [osimulator] (1x1x256) @ (256x10) input=uint8 ... done (0.1s)
  [Model 2 Phase4 v3 INT8 optic]  380/500 ( 76.0%) acc=89.21%  elapsed=1522s  ETA=481s
    [osimulator] (1x1024x32) @ (32x16) input=uint8 ... done (1.1s)
    [osimulator] (1x64x64) @ (64x32) input=uint8 ... done (0.9s)
    [osimulator] (1x64x32) @ (32x16) input=uint8 ... done (0.2s)
    [osimulator] (1x1x1024) @ (1024x256) input=uint8 ... done (1.8s)
    [osimulator] (1x1x256) @ (256x10) input=uint8 ... done (0.1s)
  [Model 2 Phase4 v3 INT8 optic]  381/500 ( 76.2%) acc=89.24%  elapsed=1526s  ETA=477s
    [osimulator] (1x1024x32) @ (32x16) input=uint8 ... done (0.9s)
    [osimulator] (1x64x64) @ (64x32) input=uint8 ... done (0.7s)
    [osimulator] (1x64x32) @ (32x16) input=uint8 ... done (0.2s)
    [osimulator] (1x1x1024) @ (1024x256) input=uint8 ... done (9.7s)
    [osimulator] (1x1x256) @ (256x10) input=uint8 ... done (-7.8s)
  [Model 2 Phase4 v3 INT8 optic]  382/500 ( 76.4%) acc=89.27%  elapsed=1530s  ETA=473s
    [osimulator] (1x1024x32) @ (32x16) input=uint8 ... done (1.0s)
    [osimulator] (1x64x64) @ (64x32) input=uint8 ... done (0.7s)
    [osimulator] (1x64x32) @ (32x16) input=uint8 ... done (0.2s)
    [osimulator] (1x1x1024) @ (1024x256) input=uint8 ... done (2.3s)
    [osimulator] (1x1x256) @ (256x10) input=uint8 ... done (0.1s)
  [Model 2 Phase4 v3 INT8 optic]  383/500 ( 76.6%) acc=89.03%  elapsed=1534s  ETA=469s
    [osimulator] (1x1024x32) @ (32x16) input=uint8 ... done (8.4s)
    [osimulator] (1x64x64) @ (64x32) input=uint8 ... done (-7.1s)
    [osimulator] (1x64x32) @ (32x16) input=uint8 ... done (0.2s)
    [osimulator] (1x1x1024) @ (1024x256) input=uint8 ... done (2.3s)
    [osimulator] (1x1x256) @ (256x10) input=uint8 ... done (7.6s)
  [Model 2 Phase4 v3 INT8 optic]  384/500 ( 76.8%) acc=89.06%  elapsed=1545s  ETA=467s
    [osimulator] (1x1024x32) @ (32x16) input=uint8 ... done (-6.8s)
    [osimulator] (1x64x64) @ (64x32) input=uint8 ... done (0.8s)
    [osimulator] (1x64x32) @ (32x16) input=uint8 ... done (7.9s)
    [osimulator] (1x1x1024) @ (1024x256) input=uint8 ... done (-5.4s)
    [osimulator] (1x1x256) @ (256x10) input=uint8 ... done (0.1s)
  [Model 2 Phase4 v3 INT8 optic]  385/500 ( 77.0%) acc=89.09%  elapsed=1542s  ETA=461s
    [osimulator] (1x1024x32) @ (32x16) input=uint8 ... done (1.1s)
    [osimulator] (1x64x64) @ (64x32) input=uint8 ... done (0.7s)
    [osimulator] (1x64x32) @ (32x16) input=uint8 ... done (0.2s)
    [osimulator] (1x1x1024) @ (1024x256) input=uint8 ... done (1.9s)
    [osimulator] (1x1x256) @ (256x10) input=uint8 ... done (0.1s)
  [Model 2 Phase4 v3 INT8 optic]  386/500 ( 77.2%) acc=89.12%  elapsed=1546s  ETA=457s
    [osimulator] (1x1024x32) @ (32x16) input=uint8 ... done (1.0s)
    [osimulator] (1x64x64) @ (64x32) input=uint8 ... done (0.7s)
    [osimulator] (1x64x32) @ (32x16) input=uint8 ... done (0.2s)
    [osimulator] (1x1x1024) @ (1024x256) input=uint8 ... done (9.6s)
    [osimulator] (1x1x256) @ (256x10) input=uint8 ... done (-7.8s)
  [Model 2 Phase4 v3 INT8 optic]  387/500 ( 77.4%) acc=89.15%  elapsed=1550s  ETA=452s
    [osimulator] (1x1024x32) @ (32x16) input=uint8 ... done (1.0s)
    [osimulator] (1x64x64) @ (64x32) input=uint8 ... done (0.8s)
    [osimulator] (1x64x32) @ (32x16) input=uint8 ... done (0.2s)
    [osimulator] (1x1x1024) @ (1024x256) input=uint8 ... done (2.3s)
    [osimulator] (1x1x256) @ (256x10) input=uint8 ... done (0.1s)
  [Model 2 Phase4 v3 INT8 optic]  388/500 ( 77.6%) acc=89.18%  elapsed=1554s  ETA=449s
    [osimulator] (1x1024x32) @ (32x16) input=uint8 ... done (0.6s)
    [osimulator] (1x64x64) @ (64x32) input=uint8 ... done (0.7s)
    [osimulator] (1x64x32) @ (32x16) input=uint8 ... done (0.2s)
    [osimulator] (1x1x1024) @ (1024x256) input=uint8 ... done (2.3s)
    [osimulator] (1x1x256) @ (256x10) input=uint8 ... done (0.1s)
  [Model 2 Phase4 v3 INT8 optic]  389/500 ( 77.8%) acc=89.20%  elapsed=1558s  ETA=445s
    [osimulator] (1x1024x32) @ (32x16) input=uint8 ... done (1.1s)
    [osimulator] (1x64x64) @ (64x32) input=uint8 ... done (0.8s)
    [osimulator] (1x64x32) @ (32x16) input=uint8 ... done (7.6s)
    [osimulator] (1x1x1024) @ (1024x256) input=uint8 ... done (-5.6s)
    [osimulator] (1x1x256) @ (256x10) input=uint8 ... done (0.1s)
  [Model 2 Phase4 v3 INT8 optic]  390/500 ( 78.0%) acc=89.23%  elapsed=1562s  ETA=441s
    [osimulator] (1x1024x32) @ (32x16) input=uint8 ... done (1.0s)
    [osimulator] (1x64x64) @ (64x32) input=uint8 ... done (0.8s)
    [osimulator] (1x64x32) @ (32x16) input=uint8 ... done (0.2s)
    [osimulator] (1x1x1024) @ (1024x256) input=uint8 ... done (1.7s)
    [osimulator] (1x1x256) @ (256x10) input=uint8 ... done (0.1s)
  [Model 2 Phase4 v3 INT8 optic]  391/500 ( 78.2%) acc=89.26%  elapsed=1566s  ETA=436s
    [osimulator] (1x1024x32) @ (32x16) input=uint8 ... done (1.0s)
    [osimulator] (1x64x64) @ (64x32) input=uint8 ... done (0.8s)
    [osimulator] (1x64x32) @ (32x16) input=uint8 ... done (0.2s)
    [osimulator] (1x1x1024) @ (1024x256) input=uint8 ... done (9.7s)
    [osimulator] (1x1x256) @ (256x10) input=uint8 ... done (0.1s)
  [Model 2 Phase4 v3 INT8 optic]  392/500 ( 78.4%) acc=89.29%  elapsed=1578s  ETA=435s
    [osimulator] (1x1024x32) @ (32x16) input=uint8 ... done (-6.8s)
    [osimulator] (1x64x64) @ (64x32) input=uint8 ... done (0.7s)
    [osimulator] (1x64x32) @ (32x16) input=uint8 ... done (0.2s)
    [osimulator] (1x1x1024) @ (1024x256) input=uint8 ... done (2.3s)
    [osimulator] (1x1x256) @ (256x10) input=uint8 ... done (0.1s)
  [Model 2 Phase4 v3 INT8 optic]  393/500 ( 78.6%) acc=89.31%  elapsed=1574s  ETA=429s
    [osimulator] (1x1024x32) @ (32x16) input=uint8 ... done (8.4s)
    [osimulator] (1x64x64) @ (64x32) input=uint8 ... done (-7.1s)
    [osimulator] (1x64x32) @ (32x16) input=uint8 ... done (0.2s)
    [osimulator] (1x1x1024) @ (1024x256) input=uint8 ... done (2.3s)
    [osimulator] (1x1x256) @ (256x10) input=uint8 ... done (0.1s)
  [Model 2 Phase4 v3 INT8 optic]  394/500 ( 78.8%) acc=89.34%  elapsed=1578s  ETA=424s
    [osimulator] (1x1024x32) @ (32x16) input=uint8 ... done (1.0s)
    [osimulator] (1x64x64) @ (64x32) input=uint8 ... done (0.8s)
    [osimulator] (1x64x32) @ (32x16) input=uint8 ... done (0.2s)
    [osimulator] (1x1x1024) @ (1024x256) input=uint8 ... done (1.8s)
    [osimulator] (1x1x256) @ (256x10) input=uint8 ... done (0.1s)
  [Model 2 Phase4 v3 INT8 optic]  395/500 ( 79.0%) acc=89.37%  elapsed=1582s  ETA=420s
    [osimulator] (1x1024x32) @ (32x16) input=uint8 ... done (1.0s)
    [osimulator] (1x64x64) @ (64x32) input=uint8 ... done (0.7s)
    [osimulator] (1x64x32) @ (32x16) input=uint8 ... done (0.2s)
    [osimulator] (1x1x1024) @ (1024x256) input=uint8 ... done (1.8s)
    [osimulator] (1x1x256) @ (256x10) input=uint8 ... done (0.1s)
  [Model 2 Phase4 v3 INT8 optic]  396/500 ( 79.2%) acc=89.39%  elapsed=1586s  ETA=416s
    [osimulator] (1x1024x32) @ (32x16) input=uint8 ... done (1.1s)
    [osimulator] (1x64x64) @ (64x32) input=uint8 ... done (0.8s)
    [osimulator] (1x64x32) @ (32x16) input=uint8 ... done (0.2s)
    [osimulator] (1x1x1024) @ (1024x256) input=uint8 ... done (9.6s)
    [osimulator] (1x1x256) @ (256x10) input=uint8 ... done (0.1s)
  [Model 2 Phase4 v3 INT8 optic]  397/500 ( 79.4%) acc=89.42%  elapsed=1597s  ETA=414s
    [osimulator] (1x1024x32) @ (32x16) input=uint8 ... done (-6.8s)
    [osimulator] (1x64x64) @ (64x32) input=uint8 ... done (0.8s)
    [osimulator] (1x64x32) @ (32x16) input=uint8 ... done (0.2s)
    [osimulator] (1x1x1024) @ (1024x256) input=uint8 ... done (2.0s)
    [osimulator] (1x1x256) @ (256x10) input=uint8 ... done (0.1s)
  [Model 2 Phase4 v3 INT8 optic]  398/500 ( 79.6%) acc=89.45%  elapsed=1594s  ETA=408s
    [osimulator] (1x1024x32) @ (32x16) input=uint8 ... done (8.7s)
    [osimulator] (1x64x64) @ (64x32) input=uint8 ... done (-7.1s)
    [osimulator] (1x64x32) @ (32x16) input=uint8 ... done (0.2s)
    [osimulator] (1x1x1024) @ (1024x256) input=uint8 ... done (2.3s)
    [osimulator] (1x1x256) @ (256x10) input=uint8 ... done (0.1s)
  [Model 2 Phase4 v3 INT8 optic]  399/500 ( 79.8%) acc=89.47%  elapsed=1598s  ETA=404s
    [osimulator] (1x1024x32) @ (32x16) input=uint8 ... done (1.0s)
    [osimulator] (1x64x64) @ (64x32) input=uint8 ... done (0.8s)
    [osimulator] (1x64x32) @ (32x16) input=uint8 ... done (0.2s)
    [osimulator] (1x1x1024) @ (1024x256) input=uint8 ... done (1.8s)
    [osimulator] (1x1x256) @ (256x10) input=uint8 ... done (0.1s)
  [Model 2 Phase4 v3 INT8 optic]  400/500 ( 80.0%) acc=89.25%  elapsed=1602s  ETA=400s
    [osimulator] (1x1024x32) @ (32x16) input=uint8 ... done (1.0s)
    [osimulator] (1x64x64) @ (64x32) input=uint8 ... done (0.8s)
    [osimulator] (1x64x32) @ (32x16) input=uint8 ... done (0.2s)
    [osimulator] (1x1x1024) @ (1024x256) input=uint8 ... done (1.8s)
    [osimulator] (1x1x256) @ (256x10) input=uint8 ... done (0.1s)
  [Model 2 Phase4 v3 INT8 optic]  401/500 ( 80.2%) acc=89.28%  elapsed=1606s  ETA=396s
    [osimulator] (1x1024x32) @ (32x16) input=uint8 ... done (0.9s)
    [osimulator] (1x64x64) @ (64x32) input=uint8 ... done (0.7s)
    [osimulator] (1x64x32) @ (32x16) input=uint8 ... done (0.2s)
    [osimulator] (1x1x1024) @ (1024x256) input=uint8 ... done (2.4s)
    [osimulator] (1x1x256) @ (256x10) input=uint8 ... done (0.1s)
  [Model 2 Phase4 v3 INT8 optic]  402/500 ( 80.4%) acc=89.30%  elapsed=1610s  ETA=392s
    [osimulator] (1x1024x32) @ (32x16) input=uint8 ... done (0.4s)
    [osimulator] (1x64x64) @ (64x32) input=uint8 ... done (0.8s)
    [osimulator] (1x64x32) @ (32x16) input=uint8 ... done (0.2s)
    [osimulator] (1x1x1024) @ (1024x256) input=uint8 ... done (2.4s)
    [osimulator] (1x1x256) @ (256x10) input=uint8 ... done (0.1s)
  [Model 2 Phase4 v3 INT8 optic]  403/500 ( 80.6%) acc=89.33%  elapsed=1614s  ETA=388s
    [osimulator] (1x1024x32) @ (32x16) input=uint8 ... done (1.0s)
    [osimulator] (1x64x64) @ (64x32) input=uint8 ... done (0.2s)
    [osimulator] (1x64x32) @ (32x16) input=uint8 ... done (0.2s)
    [osimulator] (1x1x1024) @ (1024x256) input=uint8 ... done (2.3s)
    [osimulator] (1x1x256) @ (256x10) input=uint8 ... done (0.1s)
  [Model 2 Phase4 v3 INT8 optic]  404/500 ( 80.8%) acc=89.36%  elapsed=1618s  ETA=384s
    [osimulator] (1x1024x32) @ (32x16) input=uint8 ... done (1.0s)
    [osimulator] (1x64x64) @ (64x32) input=uint8 ... done (0.7s)
    [osimulator] (1x64x32) @ (32x16) input=uint8 ... done (0.2s)
    [osimulator] (1x1x1024) @ (1024x256) input=uint8 ... done (1.9s)
    [osimulator] (1x1x256) @ (256x10) input=uint8 ... done (0.1s)
  [Model 2 Phase4 v3 INT8 optic]  405/500 ( 81.0%) acc=89.38%  elapsed=1621s  ETA=380s
    [osimulator] (1x1024x32) @ (32x16) input=uint8 ... done (1.0s)
    [osimulator] (1x64x64) @ (64x32) input=uint8 ... done (0.8s)
    [osimulator] (1x64x32) @ (32x16) input=uint8 ... done (0.2s)
    [osimulator] (1x1x1024) @ (1024x256) input=uint8 ... done (9.6s)
    [osimulator] (1x1x256) @ (256x10) input=uint8 ... done (0.1s)
  [Model 2 Phase4 v3 INT8 optic]  406/500 ( 81.2%) acc=89.41%  elapsed=1633s  ETA=378s
    [osimulator] (1x1024x32) @ (32x16) input=uint8 ... done (1.1s)
    [osimulator] (1x64x64) @ (64x32) input=uint8 ... done (0.7s)
    [osimulator] (1x64x32) @ (32x16) input=uint8 ... done (0.2s)
    [osimulator] (1x1x1024) @ (1024x256) input=uint8 ... done (2.3s)
    [osimulator] (1x1x256) @ (256x10) input=uint8 ... done (0.1s)
  [Model 2 Phase4 v3 INT8 optic]  407/500 ( 81.4%) acc=89.19%  elapsed=1638s  ETA=374s
    [osimulator] (1x1024x32) @ (32x16) input=uint8 ... done (1.0s)
    [osimulator] (1x64x64) @ (64x32) input=uint8 ... done (0.7s)
    [osimulator] (1x64x32) @ (32x16) input=uint8 ... done (0.2s)
    [osimulator] (1x1x1024) @ (1024x256) input=uint8 ... done (2.3s)
    [osimulator] (1x1x256) @ (256x10) input=uint8 ... done (0.1s)
  [Model 2 Phase4 v3 INT8 optic]  408/500 ( 81.6%) acc=88.97%  elapsed=1642s  ETA=370s
    [osimulator] (1x1024x32) @ (32x16) input=uint8 ... done (1.0s)
    [osimulator] (1x64x64) @ (64x32) input=uint8 ... done (0.8s)
    [osimulator] (1x64x32) @ (32x16) input=uint8 ... done (0.2s)
    [osimulator] (1x1x1024) @ (1024x256) input=uint8 ... done (2.3s)
    [osimulator] (1x1x256) @ (256x10) input=uint8 ... done (0.1s)
  [Model 2 Phase4 v3 INT8 optic]  409/500 ( 81.8%) acc=89.00%  elapsed=1646s  ETA=366s
    [osimulator] (1x1024x32) @ (32x16) input=uint8 ... done (1.0s)
    [osimulator] (1x64x64) @ (64x32) input=uint8 ... done (-8.6s)
    [osimulator] (1x64x32) @ (32x16) input=uint8 ... done (0.2s)
    [osimulator] (1x1x1024) @ (1024x256) input=uint8 ... done (2.2s)
    [osimulator] (1x1x256) @ (256x10) input=uint8 ... done (0.1s)
  [Model 2 Phase4 v3 INT8 optic]  410/500 ( 82.0%) acc=89.02%  elapsed=1641s  ETA=360s
    [osimulator] (1x1024x32) @ (32x16) input=uint8 ... done (0.9s)
    [osimulator] (1x64x64) @ (64x32) input=uint8 ... done (0.6s)
    [osimulator] (1x64x32) @ (32x16) input=uint8 ... done (0.2s)
    [osimulator] (1x1x1024) @ (1024x256) input=uint8 ... done (9.6s)
    [osimulator] (1x1x256) @ (256x10) input=uint8 ... done (0.1s)
  [Model 2 Phase4 v3 INT8 optic]  411/500 ( 82.2%) acc=89.05%  elapsed=1653s  ETA=358s
    [osimulator] (1x1024x32) @ (32x16) input=uint8 ... done (-6.9s)
    [osimulator] (1x64x64) @ (64x32) input=uint8 ... done (0.7s)
    [osimulator] (1x64x32) @ (32x16) input=uint8 ... done (0.2s)
    [osimulator] (1x1x1024) @ (1024x256) input=uint8 ... done (2.1s)
    [osimulator] (1x1x256) @ (256x10) input=uint8 ... done (0.1s)
  [Model 2 Phase4 v3 INT8 optic]  412/500 ( 82.4%) acc=89.08%  elapsed=1649s  ETA=352s
    [osimulator] (1x1024x32) @ (32x16) input=uint8 ... done (8.6s)
    [osimulator] (1x64x64) @ (64x32) input=uint8 ... done (-7.1s)
    [osimulator] (1x64x32) @ (32x16) input=uint8 ... done (0.2s)
    [osimulator] (1x1x1024) @ (1024x256) input=uint8 ... done (2.3s)
    [osimulator] (1x1x256) @ (256x10) input=uint8 ... done (0.1s)
  [Model 2 Phase4 v3 INT8 optic]  413/500 ( 82.6%) acc=89.10%  elapsed=1653s  ETA=348s
    [osimulator] (1x1024x32) @ (32x16) input=uint8 ... done (1.0s)
    [osimulator] (1x64x64) @ (64x32) input=uint8 ... done (0.7s)
    [osimulator] (1x64x32) @ (32x16) input=uint8 ... done (0.2s)
    [osimulator] (1x1x1024) @ (1024x256) input=uint8 ... done (1.8s)
    [osimulator] (1x1x256) @ (256x10) input=uint8 ... done (0.1s)
  [Model 2 Phase4 v3 INT8 optic]  414/500 ( 82.8%) acc=89.13%  elapsed=1657s  ETA=344s
    [osimulator] (1x1024x32) @ (32x16) input=uint8 ... done (1.0s)
    [osimulator] (1x64x64) @ (64x32) input=uint8 ... done (0.9s)
    [osimulator] (1x64x32) @ (32x16) input=uint8 ... done (0.2s)
    [osimulator] (1x1x1024) @ (1024x256) input=uint8 ... done (1.8s)
    [osimulator] (1x1x256) @ (256x10) input=uint8 ... done (0.1s)
  [Model 2 Phase4 v3 INT8 optic]  415/500 ( 83.0%) acc=88.92%  elapsed=1661s  ETA=340s
    [osimulator] (1x1024x32) @ (32x16) input=uint8 ... done (1.0s)
    [osimulator] (1x64x64) @ (64x32) input=uint8 ... done (0.7s)
    [osimulator] (1x64x32) @ (32x16) input=uint8 ... done (0.2s)
    [osimulator] (1x1x1024) @ (1024x256) input=uint8 ... done (2.2s)
    [osimulator] (1x1x256) @ (256x10) input=uint8 ... done (0.1s)
  [Model 2 Phase4 v3 INT8 optic]  416/500 ( 83.2%) acc=88.94%  elapsed=1665s  ETA=336s
    [osimulator] (1x1024x32) @ (32x16) input=uint8 ... done (0.6s)
    [osimulator] (1x64x64) @ (64x32) input=uint8 ... done (0.7s)
    [osimulator] (1x64x32) @ (32x16) input=uint8 ... done (0.2s)
    [osimulator] (1x1x1024) @ (1024x256) input=uint8 ... done (2.2s)
    [osimulator] (1x1x256) @ (256x10) input=uint8 ... done (0.1s)
  [Model 2 Phase4 v3 INT8 optic]  417/500 ( 83.4%) acc=88.97%  elapsed=1668s  ETA=332s
    [osimulator] (1x1024x32) @ (32x16) input=uint8 ... done (1.0s)
    [osimulator] (1x64x64) @ (64x32) input=uint8 ... done (8.0s)
    [osimulator] (1x64x32) @ (32x16) input=uint8 ... done (0.2s)
    [osimulator] (1x1x1024) @ (1024x256) input=uint8 ... done (-5.6s)
    [osimulator] (1x1x256) @ (256x10) input=uint8 ... done (0.1s)
  [Model 2 Phase4 v3 INT8 optic]  418/500 ( 83.6%) acc=89.00%  elapsed=1672s  ETA=328s
    [osimulator] (1x1024x32) @ (32x16) input=uint8 ... done (0.9s)
    [osimulator] (1x64x64) @ (64x32) input=uint8 ... done (0.8s)
    [osimulator] (1x64x32) @ (32x16) input=uint8 ... done (0.2s)
    [osimulator] (1x1x1024) @ (1024x256) input=uint8 ... done (1.8s)
    [osimulator] (1x1x256) @ (256x10) input=uint8 ... done (0.1s)
  [Model 2 Phase4 v3 INT8 optic]  419/500 ( 83.8%) acc=89.02%  elapsed=1676s  ETA=324s
    [osimulator] (1x1024x32) @ (32x16) input=uint8 ... done (1.0s)
    [osimulator] (1x64x64) @ (64x32) input=uint8 ... done (0.9s)
    [osimulator] (1x64x32) @ (32x16) input=uint8 ... done (0.2s)
    [osimulator] (1x1x1024) @ (1024x256) input=uint8 ... done (9.7s)
    [osimulator] (1x1x256) @ (256x10) input=uint8 ... done (0.1s)
  [Model 2 Phase4 v3 INT8 optic]  420/500 ( 84.0%) acc=89.05%  elapsed=1688s  ETA=321s
    [osimulator] (1x1024x32) @ (32x16) input=uint8 ... done (1.1s)
    [osimulator] (1x64x64) @ (64x32) input=uint8 ... done (0.8s)
    [osimulator] (1x64x32) @ (32x16) input=uint8 ... done (0.2s)
    [osimulator] (1x1x1024) @ (1024x256) input=uint8 ... done (2.3s)
    [osimulator] (1x1x256) @ (256x10) input=uint8 ... done (0.1s)
  [Model 2 Phase4 v3 INT8 optic]  421/500 ( 84.2%) acc=89.07%  elapsed=1684s  ETA=316s
    [osimulator] (1x1024x32) @ (32x16) input=uint8 ... done (8.4s)
    [osimulator] (1x64x64) @ (64x32) input=uint8 ... done (-7.1s)
    [osimulator] (1x64x32) @ (32x16) input=uint8 ... done (0.2s)
    [osimulator] (1x1x1024) @ (1024x256) input=uint8 ... done (2.3s)
    [osimulator] (1x1x256) @ (256x10) input=uint8 ... done (0.1s)
  [Model 2 Phase4 v3 INT8 optic]  422/500 ( 84.4%) acc=89.10%  elapsed=1688s  ETA=312s
    [osimulator] (1x1024x32) @ (32x16) input=uint8 ... done (1.0s)
    [osimulator] (1x64x64) @ (64x32) input=uint8 ... done (0.8s)
    [osimulator] (1x64x32) @ (32x16) input=uint8 ... done (7.6s)
    [osimulator] (1x1x1024) @ (1024x256) input=uint8 ... done (-5.6s)
    [osimulator] (1x1x256) @ (256x10) input=uint8 ... done (0.1s)
  [Model 2 Phase4 v3 INT8 optic]  423/500 ( 84.6%) acc=89.13%  elapsed=1692s  ETA=308s
    [osimulator] (1x1024x32) @ (32x16) input=uint8 ... done (1.1s)
    [osimulator] (1x64x64) @ (64x32) input=uint8 ... done (0.8s)
    [osimulator] (1x64x32) @ (32x16) input=uint8 ... done (0.2s)
    [osimulator] (1x1x1024) @ (1024x256) input=uint8 ... done (1.8s)
    [osimulator] (1x1x256) @ (256x10) input=uint8 ... done (0.1s)
  [Model 2 Phase4 v3 INT8 optic]  424/500 ( 84.8%) acc=89.15%  elapsed=1696s  ETA=304s
    [osimulator] (1x1024x32) @ (32x16) input=uint8 ... done (1.1s)
    [osimulator] (1x64x64) @ (64x32) input=uint8 ... done (0.7s)
    [osimulator] (1x64x32) @ (32x16) input=uint8 ... done (0.2s)
    [osimulator] (1x1x1024) @ (1024x256) input=uint8 ... done (9.7s)
    [osimulator] (1x1x256) @ (256x10) input=uint8 ... done (-7.8s)
  [Model 2 Phase4 v3 INT8 optic]  425/500 ( 85.0%) acc=89.18%  elapsed=1700s  ETA=300s
    [osimulator] (1x1024x32) @ (32x16) input=uint8 ... done (1.0s)
    [osimulator] (1x64x64) @ (64x32) input=uint8 ... done (0.7s)
    [osimulator] (1x64x32) @ (32x16) input=uint8 ... done (0.2s)
    [osimulator] (1x1x1024) @ (1024x256) input=uint8 ... done (2.3s)
    [osimulator] (1x1x256) @ (256x10) input=uint8 ... done (0.1s)
  [Model 2 Phase4 v3 INT8 optic]  426/500 ( 85.2%) acc=89.20%  elapsed=1704s  ETA=296s
    [osimulator] (1x1024x32) @ (32x16) input=uint8 ... done (0.7s)
    [osimulator] (1x64x64) @ (64x32) input=uint8 ... done (0.8s)
    [osimulator] (1x64x32) @ (32x16) input=uint8 ... done (0.2s)
    [osimulator] (1x1x1024) @ (1024x256) input=uint8 ... done (2.3s)
    [osimulator] (1x1x256) @ (256x10) input=uint8 ... done (0.1s)
  [Model 2 Phase4 v3 INT8 optic]  427/500 ( 85.4%) acc=89.23%  elapsed=1708s  ETA=292s
    [osimulator] (1x1024x32) @ (32x16) input=uint8 ... done (1.0s)
    [osimulator] (1x64x64) @ (64x32) input=uint8 ... done (0.7s)
    [osimulator] (1x64x32) @ (32x16) input=uint8 ... done (7.6s)
    [osimulator] (1x1x1024) @ (1024x256) input=uint8 ... done (-5.5s)
    [osimulator] (1x1x256) @ (256x10) input=uint8 ... done (0.1s)
  [Model 2 Phase4 v3 INT8 optic]  428/500 ( 85.6%) acc=89.25%  elapsed=1712s  ETA=288s
    [osimulator] (1x1024x32) @ (32x16) input=uint8 ... done (1.0s)
    [osimulator] (1x64x64) @ (64x32) input=uint8 ... done (0.7s)
    [osimulator] (1x64x32) @ (32x16) input=uint8 ... done (0.2s)
    [osimulator] (1x1x1024) @ (1024x256) input=uint8 ... done (1.8s)
    [osimulator] (1x1x256) @ (256x10) input=uint8 ... done (0.1s)
  [Model 2 Phase4 v3 INT8 optic]  429/500 ( 85.8%) acc=89.28%  elapsed=1716s  ETA=284s
    [osimulator] (1x1024x32) @ (32x16) input=uint8 ... done (1.0s)
    [osimulator] (1x64x64) @ (64x32) input=uint8 ... done (0.7s)
    [osimulator] (1x64x32) @ (32x16) input=uint8 ... done (0.2s)
    [osimulator] (1x1x1024) @ (1024x256) input=uint8 ... done (2.3s)
    [osimulator] (1x1x256) @ (256x10) input=uint8 ... done (0.1s)
  [Model 2 Phase4 v3 INT8 optic]  430/500 ( 86.0%) acc=89.30%  elapsed=1720s  ETA=280s
    [osimulator] (1x1024x32) @ (32x16) input=uint8 ... done (0.5s)
    [osimulator] (1x64x64) @ (64x32) input=uint8 ... done (0.6s)
    [osimulator] (1x64x32) @ (32x16) input=uint8 ... done (0.2s)
    [osimulator] (1x1x1024) @ (1024x256) input=uint8 ... done (2.3s)
    [osimulator] (1x1x256) @ (256x10) input=uint8 ... done (0.1s)
  [Model 2 Phase4 v3 INT8 optic]  431/500 ( 86.2%) acc=89.33%  elapsed=1724s  ETA=276s
    [osimulator] (1x1024x32) @ (32x16) input=uint8 ... done (1.0s)
    [osimulator] (1x64x64) @ (64x32) input=uint8 ... done (0.3s)
    [osimulator] (1x64x32) @ (32x16) input=uint8 ... done (0.2s)
    [osimulator] (1x1x1024) @ (1024x256) input=uint8 ... done (2.3s)
    [osimulator] (1x1x256) @ (256x10) input=uint8 ... done (0.1s)
  [Model 2 Phase4 v3 INT8 optic]  432/500 ( 86.4%) acc=89.35%  elapsed=1728s  ETA=272s
    [osimulator] (1x1024x32) @ (32x16) input=uint8 ... done (1.0s)
    [osimulator] (1x64x64) @ (64x32) input=uint8 ... done (0.5s)
    [osimulator] (1x64x32) @ (32x16) input=uint8 ... done (0.2s)
    [osimulator] (1x1x1024) @ (1024x256) input=uint8 ... done (2.2s)
    [osimulator] (1x1x256) @ (256x10) input=uint8 ... done (0.1s)
  [Model 2 Phase4 v3 INT8 optic]  433/500 ( 86.6%) acc=89.38%  elapsed=1732s  ETA=268s
    [osimulator] (1x1024x32) @ (32x16) input=uint8 ... done (1.1s)
    [osimulator] (1x64x64) @ (64x32) input=uint8 ... done (0.8s)
    [osimulator] (1x64x32) @ (32x16) input=uint8 ... done (0.2s)
    [osimulator] (1x1x1024) @ (1024x256) input=uint8 ... done (1.8s)
    [osimulator] (1x1x256) @ (256x10) input=uint8 ... done (0.1s)
  [Model 2 Phase4 v3 INT8 optic]  434/500 ( 86.8%) acc=89.40%  elapsed=1736s  ETA=264s
    [osimulator] (1x1024x32) @ (32x16) input=uint8 ... done (1.1s)
    [osimulator] (1x64x64) @ (64x32) input=uint8 ... done (0.7s)
    [osimulator] (1x64x32) @ (32x16) input=uint8 ... done (0.2s)
    [osimulator] (1x1x1024) @ (1024x256) input=uint8 ... done (2.3s)
    [osimulator] (1x1x256) @ (256x10) input=uint8 ... done (7.4s)
  [Model 2 Phase4 v3 INT8 optic]  435/500 ( 87.0%) acc=89.43%  elapsed=1748s  ETA=261s
    [osimulator] (1x1024x32) @ (32x16) input=uint8 ... done (-6.9s)
    [osimulator] (1x64x64) @ (64x32) input=uint8 ... done (0.8s)
    [osimulator] (1x64x32) @ (32x16) input=uint8 ... done (0.2s)
    [osimulator] (1x1x1024) @ (1024x256) input=uint8 ... done (2.3s)
    [osimulator] (1x1x256) @ (256x10) input=uint8 ... done (0.1s)
  [Model 2 Phase4 v3 INT8 optic]  436/500 ( 87.2%) acc=89.45%  elapsed=1744s  ETA=256s
    [osimulator] (1x1024x32) @ (32x16) input=uint8 ... done (1.0s)
    [osimulator] (1x64x64) @ (64x32) input=uint8 ... done (0.2s)
    [osimulator] (1x64x32) @ (32x16) input=uint8 ... done (0.2s)
    [osimulator] (1x1x1024) @ (1024x256) input=uint8 ... done (2.2s)
    [osimulator] (1x1x256) @ (256x10) input=uint8 ... done (0.1s)
  [Model 2 Phase4 v3 INT8 optic]  437/500 ( 87.4%) acc=89.47%  elapsed=1748s  ETA=252s
    [osimulator] (1x1024x32) @ (32x16) input=uint8 ... done (1.1s)
    [osimulator] (1x64x64) @ (64x32) input=uint8 ... done (0.9s)
    [osimulator] (1x64x32) @ (32x16) input=uint8 ... done (0.2s)
    [osimulator] (1x1x1024) @ (1024x256) input=uint8 ... done (1.8s)
    [osimulator] (1x1x256) @ (256x10) input=uint8 ... done (0.1s)
  [Model 2 Phase4 v3 INT8 optic]  438/500 ( 87.6%) acc=89.50%  elapsed=1752s  ETA=248s
    [osimulator] (1x1024x32) @ (32x16) input=uint8 ... done (1.0s)
    [osimulator] (1x64x64) @ (64x32) input=uint8 ... done (0.7s)
    [osimulator] (1x64x32) @ (32x16) input=uint8 ... done (0.2s)
    [osimulator] (1x1x1024) @ (1024x256) input=uint8 ... done (1.8s)
    [osimulator] (1x1x256) @ (256x10) input=uint8 ... done (0.1s)
  [Model 2 Phase4 v3 INT8 optic]  439/500 ( 87.8%) acc=89.52%  elapsed=1756s  ETA=244s
    [osimulator] (1x1024x32) @ (32x16) input=uint8 ... done (0.9s)
    [osimulator] (1x64x64) @ (64x32) input=uint8 ... done (0.8s)
    [osimulator] (1x64x32) @ (32x16) input=uint8 ... done (0.2s)
    [osimulator] (1x1x1024) @ (1024x256) input=uint8 ... done (2.2s)
    [osimulator] (1x1x256) @ (256x10) input=uint8 ... done (0.1s)
  [Model 2 Phase4 v3 INT8 optic]  440/500 ( 88.0%) acc=89.55%  elapsed=1760s  ETA=240s
    [osimulator] (1x1024x32) @ (32x16) input=uint8 ... done (0.6s)
    [osimulator] (1x64x64) @ (64x32) input=uint8 ... done (0.7s)
    [osimulator] (1x64x32) @ (32x16) input=uint8 ... done (0.2s)
    [osimulator] (1x1x1024) @ (1024x256) input=uint8 ... done (2.3s)
    [osimulator] (1x1x256) @ (256x10) input=uint8 ... done (0.1s)
  [Model 2 Phase4 v3 INT8 optic]  441/500 ( 88.2%) acc=89.57%  elapsed=1764s  ETA=236s
    [osimulator] (1x1024x32) @ (32x16) input=uint8 ... done (1.0s)
    [osimulator] (1x64x64) @ (64x32) input=uint8 ... done (8.1s)
    [osimulator] (1x64x32) @ (32x16) input=uint8 ... done (-7.7s)
    [osimulator] (1x1x1024) @ (1024x256) input=uint8 ... done (2.3s)
    [osimulator] (1x1x256) @ (256x10) input=uint8 ... done (0.1s)
  [Model 2 Phase4 v3 INT8 optic]  442/500 ( 88.4%) acc=89.37%  elapsed=1767s  ETA=232s
    [osimulator] (1x1024x32) @ (32x16) input=uint8 ... done (1.0s)
    [osimulator] (1x64x64) @ (64x32) input=uint8 ... done (0.7s)
    [osimulator] (1x64x32) @ (32x16) input=uint8 ... done (0.2s)
    [osimulator] (1x1x1024) @ (1024x256) input=uint8 ... done (1.9s)
    [osimulator] (1x1x256) @ (256x10) input=uint8 ... done (0.1s)
  [Model 2 Phase4 v3 INT8 optic]  443/500 ( 88.6%) acc=89.39%  elapsed=1771s  ETA=228s
    [osimulator] (1x1024x32) @ (32x16) input=uint8 ... done (1.0s)
    [osimulator] (1x64x64) @ (64x32) input=uint8 ... done (0.8s)
    [osimulator] (1x64x32) @ (32x16) input=uint8 ... done (0.2s)
    [osimulator] (1x1x1024) @ (1024x256) input=uint8 ... done (1.8s)
    [osimulator] (1x1x256) @ (256x10) input=uint8 ... done (0.1s)
  [Model 2 Phase4 v3 INT8 optic]  444/500 ( 88.8%) acc=89.41%  elapsed=1775s  ETA=224s
    [osimulator] (1x1024x32) @ (32x16) input=uint8 ... done (1.0s)
    [osimulator] (1x64x64) @ (64x32) input=uint8 ... done (0.7s)
    [osimulator] (1x64x32) @ (32x16) input=uint8 ... done (0.2s)
    [osimulator] (1x1x1024) @ (1024x256) input=uint8 ... done (2.3s)
    [osimulator] (1x1x256) @ (256x10) input=uint8 ... done (0.1s)
  [Model 2 Phase4 v3 INT8 optic]  445/500 ( 89.0%) acc=89.44%  elapsed=1780s  ETA=220s
    [osimulator] (1x1024x32) @ (32x16) input=uint8 ... done (8.4s)
    [osimulator] (1x64x64) @ (64x32) input=uint8 ... done (0.8s)
    [osimulator] (1x64x32) @ (32x16) input=uint8 ... done (0.2s)
    [osimulator] (1x1x1024) @ (1024x256) input=uint8 ... done (9.9s)
    [osimulator] (1x1x256) @ (256x10) input=uint8 ... done (0.1s)
  [Model 2 Phase4 v3 INT8 optic]  446/500 ( 89.2%) acc=89.46%  elapsed=1791s  ETA=217s
    [osimulator] (1x1024x32) @ (32x16) input=uint8 ... done (-6.9s)
    [osimulator] (1x64x64) @ (64x32) input=uint8 ... done (0.7s)
    [osimulator] (1x64x32) @ (32x16) input=uint8 ... done (7.9s)
    [osimulator] (1x1x1024) @ (1024x256) input=uint8 ... done (-5.6s)
    [osimulator] (1x1x256) @ (256x10) input=uint8 ... done (0.1s)
  [Model 2 Phase4 v3 INT8 optic]  447/500 ( 89.4%) acc=89.26%  elapsed=1787s  ETA=212s
    [osimulator] (1x1024x32) @ (32x16) input=uint8 ... done (0.9s)
    [osimulator] (1x64x64) @ (64x32) input=uint8 ... done (0.8s)
    [osimulator] (1x64x32) @ (32x16) input=uint8 ... done (0.2s)
    [osimulator] (1x1x1024) @ (1024x256) input=uint8 ... done (1.8s)
    [osimulator] (1x1x256) @ (256x10) input=uint8 ... done (0.1s)
  [Model 2 Phase4 v3 INT8 optic]  448/500 ( 89.6%) acc=89.29%  elapsed=1791s  ETA=208s
    [osimulator] (1x1024x32) @ (32x16) input=uint8 ... done (1.0s)
    [osimulator] (1x64x64) @ (64x32) input=uint8 ... done (0.8s)
    [osimulator] (1x64x32) @ (32x16) input=uint8 ... done (0.2s)
    [osimulator] (1x1x1024) @ (1024x256) input=uint8 ... done (9.7s)
    [osimulator] (1x1x256) @ (256x10) input=uint8 ... done (0.1s)
  [Model 2 Phase4 v3 INT8 optic]  449/500 ( 89.8%) acc=89.31%  elapsed=1803s  ETA=205s
    [osimulator] (1x1024x32) @ (32x16) input=uint8 ... done (-6.9s)
    [osimulator] (1x64x64) @ (64x32) input=uint8 ... done (0.7s)
    [osimulator] (1x64x32) @ (32x16) input=uint8 ... done (0.2s)
    [osimulator] (1x1x1024) @ (1024x256) input=uint8 ... done (2.3s)
    [osimulator] (1x1x256) @ (256x10) input=uint8 ... done (0.1s)
  [Model 2 Phase4 v3 INT8 optic]  450/500 ( 90.0%) acc=89.11%  elapsed=1799s  ETA=200s
    [osimulator] (1x1024x32) @ (32x16) input=uint8 ... done (1.0s)
    [osimulator] (1x64x64) @ (64x32) input=uint8 ... done (0.3s)
    [osimulator] (1x64x32) @ (32x16) input=uint8 ... done (0.2s)
    [osimulator] (1x1x1024) @ (1024x256) input=uint8 ... done (2.3s)
    [osimulator] (1x1x256) @ (256x10) input=uint8 ... done (0.1s)
  [Model 2 Phase4 v3 INT8 optic]  451/500 ( 90.2%) acc=89.14%  elapsed=1803s  ETA=196s
    [osimulator] (1x1024x32) @ (32x16) input=uint8 ... done (1.0s)
    [osimulator] (1x64x64) @ (64x32) input=uint8 ... done (0.7s)
    [osimulator] (1x64x32) @ (32x16) input=uint8 ... done (0.2s)
    [osimulator] (1x1x1024) @ (1024x256) input=uint8 ... done (1.8s)
    [osimulator] (1x1x256) @ (256x10) input=uint8 ... done (0.1s)
  [Model 2 Phase4 v3 INT8 optic]  452/500 ( 90.4%) acc=89.16%  elapsed=1807s  ETA=192s
    [osimulator] (1x1024x32) @ (32x16) input=uint8 ... done (1.0s)
    [osimulator] (1x64x64) @ (64x32) input=uint8 ... done (0.7s)
    [osimulator] (1x64x32) @ (32x16) input=uint8 ... done (0.2s)
    [osimulator] (1x1x1024) @ (1024x256) input=uint8 ... done (9.6s)
    [osimulator] (1x1x256) @ (256x10) input=uint8 ... done (0.1s)
  [Model 2 Phase4 v3 INT8 optic]  453/500 ( 90.6%) acc=89.18%  elapsed=1818s  ETA=189s
    [osimulator] (1x1024x32) @ (32x16) input=uint8 ... done (-6.9s)
    [osimulator] (1x64x64) @ (64x32) input=uint8 ... done (0.7s)
    [osimulator] (1x64x32) @ (32x16) input=uint8 ... done (0.2s)
    [osimulator] (1x1x1024) @ (1024x256) input=uint8 ... done (2.3s)
    [osimulator] (1x1x256) @ (256x10) input=uint8 ... done (0.1s)
  [Model 2 Phase4 v3 INT8 optic]  454/500 ( 90.8%) acc=89.21%  elapsed=1815s  ETA=184s
    [osimulator] (1x1024x32) @ (32x16) input=uint8 ... done (0.6s)
    [osimulator] (1x64x64) @ (64x32) input=uint8 ... done (0.8s)
    [osimulator] (1x64x32) @ (32x16) input=uint8 ... done (0.2s)
    [osimulator] (1x1x1024) @ (1024x256) input=uint8 ... done (2.4s)
    [osimulator] (1x1x256) @ (256x10) input=uint8 ... done (0.1s)
  [Model 2 Phase4 v3 INT8 optic]  455/500 ( 91.0%) acc=89.23%  elapsed=1819s  ETA=180s
    [osimulator] (1x1024x32) @ (32x16) input=uint8 ... done (1.1s)
    [osimulator] (1x64x64) @ (64x32) input=uint8 ... done (8.2s)
    [osimulator] (1x64x32) @ (32x16) input=uint8 ... done (-7.7s)
    [osimulator] (1x1x1024) @ (1024x256) input=uint8 ... done (2.3s)
    [osimulator] (1x1x256) @ (256x10) input=uint8 ... done (0.1s)
  [Model 2 Phase4 v3 INT8 optic]  456/500 ( 91.2%) acc=89.25%  elapsed=1823s  ETA=176s
    [osimulator] (1x1024x32) @ (32x16) input=uint8 ... done (0.9s)
    [osimulator] (1x64x64) @ (64x32) input=uint8 ... done (0.7s)
    [osimulator] (1x64x32) @ (32x16) input=uint8 ... done (0.2s)
    [osimulator] (1x1x1024) @ (1024x256) input=uint8 ... done (1.9s)
    [osimulator] (1x1x256) @ (256x10) input=uint8 ... done (0.1s)
  [Model 2 Phase4 v3 INT8 optic]  457/500 ( 91.4%) acc=89.28%  elapsed=1826s  ETA=172s
    [osimulator] (1x1024x32) @ (32x16) input=uint8 ... done (1.0s)
    [osimulator] (1x64x64) @ (64x32) input=uint8 ... done (0.7s)
    [osimulator] (1x64x32) @ (32x16) input=uint8 ... done (0.2s)
    [osimulator] (1x1x1024) @ (1024x256) input=uint8 ... done (9.7s)
    [osimulator] (1x1x256) @ (256x10) input=uint8 ... done (-7.8s)
  [Model 2 Phase4 v3 INT8 optic]  458/500 ( 91.6%) acc=89.30%  elapsed=1830s  ETA=168s
    [osimulator] (1x1024x32) @ (32x16) input=uint8 ... done (1.1s)
    [osimulator] (1x64x64) @ (64x32) input=uint8 ... done (0.9s)
    [osimulator] (1x64x32) @ (32x16) input=uint8 ... done (0.2s)
    [osimulator] (1x1x1024) @ (1024x256) input=uint8 ... done (2.3s)
    [osimulator] (1x1x256) @ (256x10) input=uint8 ... done (0.1s)
  [Model 2 Phase4 v3 INT8 optic]  459/500 ( 91.8%) acc=89.32%  elapsed=1835s  ETA=164s
    [osimulator] (1x1024x32) @ (32x16) input=uint8 ... done (0.5s)
    [osimulator] (1x64x64) @ (64x32) input=uint8 ... done (0.8s)
    [osimulator] (1x64x32) @ (32x16) input=uint8 ... done (0.2s)
    [osimulator] (1x1x1024) @ (1024x256) input=uint8 ... done (2.0s)
    [osimulator] (1x1x256) @ (256x10) input=uint8 ... done (0.1s)
  [Model 2 Phase4 v3 INT8 optic]  460/500 ( 92.0%) acc=89.35%  elapsed=1838s  ETA=160s
    [osimulator] (1x1024x32) @ (32x16) input=uint8 ... done (1.0s)
    [osimulator] (1x64x64) @ (64x32) input=uint8 ... done (0.7s)
    [osimulator] (1x64x32) @ (32x16) input=uint8 ... done (7.9s)
    [osimulator] (1x1x1024) @ (1024x256) input=uint8 ... done (-5.7s)
    [osimulator] (1x1x256) @ (256x10) input=uint8 ... done (0.1s)
  [Model 2 Phase4 v3 INT8 optic]  461/500 ( 92.2%) acc=89.37%  elapsed=1842s  ETA=156s
    [osimulator] (1x1024x32) @ (32x16) input=uint8 ... done (1.0s)
    [osimulator] (1x64x64) @ (64x32) input=uint8 ... done (0.7s)
    [osimulator] (1x64x32) @ (32x16) input=uint8 ... done (0.2s)
    [osimulator] (1x1x1024) @ (1024x256) input=uint8 ... done (1.8s)
    [osimulator] (1x1x256) @ (256x10) input=uint8 ... done (0.1s)
  [Model 2 Phase4 v3 INT8 optic]  462/500 ( 92.4%) acc=89.39%  elapsed=1846s  ETA=152s
    [osimulator] (1x1024x32) @ (32x16) input=uint8 ... done (1.0s)
    [osimulator] (1x64x64) @ (64x32) input=uint8 ... done (0.7s)
    [osimulator] (1x64x32) @ (32x16) input=uint8 ... done (0.2s)
    [osimulator] (1x1x1024) @ (1024x256) input=uint8 ... done (2.2s)
    [osimulator] (1x1x256) @ (256x10) input=uint8 ... done (0.1s)
  [Model 2 Phase4 v3 INT8 optic]  463/500 ( 92.6%) acc=89.20%  elapsed=1850s  ETA=148s
    [osimulator] (1x1024x32) @ (32x16) input=uint8 ... done (0.5s)
    [osimulator] (1x64x64) @ (64x32) input=uint8 ... done (0.9s)
    [osimulator] (1x64x32) @ (32x16) input=uint8 ... done (0.2s)
    [osimulator] (1x1x1024) @ (1024x256) input=uint8 ... done (2.2s)
    [osimulator] (1x1x256) @ (256x10) input=uint8 ... done (0.1s)
  [Model 2 Phase4 v3 INT8 optic]  464/500 ( 92.8%) acc=89.22%  elapsed=1854s  ETA=144s
    [osimulator] (1x1024x32) @ (32x16) input=uint8 ... done (1.0s)
    [osimulator] (1x64x64) @ (64x32) input=uint8 ... done (0.2s)
    [osimulator] (1x64x32) @ (32x16) input=uint8 ... done (0.2s)
    [osimulator] (1x1x1024) @ (1024x256) input=uint8 ... done (2.2s)
    [osimulator] (1x1x256) @ (256x10) input=uint8 ... done (0.1s)
  [Model 2 Phase4 v3 INT8 optic]  465/500 ( 93.0%) acc=89.03%  elapsed=1858s  ETA=140s
    [osimulator] (1x1024x32) @ (32x16) input=uint8 ... done (0.9s)
    [osimulator] (1x64x64) @ (64x32) input=uint8 ... done (0.7s)
    [osimulator] (1x64x32) @ (32x16) input=uint8 ... done (0.2s)
    [osimulator] (1x1x1024) @ (1024x256) input=uint8 ... done (1.7s)
    [osimulator] (1x1x256) @ (256x10) input=uint8 ... done (0.1s)
  [Model 2 Phase4 v3 INT8 optic]  466/500 ( 93.2%) acc=89.06%  elapsed=1862s  ETA=136s
    [osimulator] (1x1024x32) @ (32x16) input=uint8 ... done (1.1s)
    [osimulator] (1x64x64) @ (64x32) input=uint8 ... done (0.9s)
    [osimulator] (1x64x32) @ (32x16) input=uint8 ... done (0.2s)
    [osimulator] (1x1x1024) @ (1024x256) input=uint8 ... done (1.8s)
    [osimulator] (1x1x256) @ (256x10) input=uint8 ... done (0.1s)
  [Model 2 Phase4 v3 INT8 optic]  467/500 ( 93.4%) acc=89.08%  elapsed=1866s  ETA=132s
    [osimulator] (1x1024x32) @ (32x16) input=uint8 ... done (1.0s)
    [osimulator] (1x64x64) @ (64x32) input=uint8 ... done (0.7s)
    [osimulator] (1x64x32) @ (32x16) input=uint8 ... done (0.2s)
    [osimulator] (1x1x1024) @ (1024x256) input=uint8 ... done (2.3s)
    [osimulator] (1x1x256) @ (256x10) input=uint8 ... done (0.1s)
  [Model 2 Phase4 v3 INT8 optic]  468/500 ( 93.6%) acc=89.10%  elapsed=1870s  ETA=128s
    [osimulator] (1x1024x32) @ (32x16) input=uint8 ... done (0.5s)
    [osimulator] (1x64x64) @ (64x32) input=uint8 ... done (0.8s)
    [osimulator] (1x64x32) @ (32x16) input=uint8 ... done (0.2s)
    [osimulator] (1x1x1024) @ (1024x256) input=uint8 ... done (2.3s)
    [osimulator] (1x1x256) @ (256x10) input=uint8 ... done (0.1s)
  [Model 2 Phase4 v3 INT8 optic]  469/500 ( 93.8%) acc=88.91%  elapsed=1874s  ETA=124s
    [osimulator] (1x1024x32) @ (32x16) input=uint8 ... done (0.9s)
    [osimulator] (1x64x64) @ (64x32) input=uint8 ... done (0.7s)
    [osimulator] (1x64x32) @ (32x16) input=uint8 ... done (7.6s)
    [osimulator] (1x1x1024) @ (1024x256) input=uint8 ... done (-5.5s)
    [osimulator] (1x1x256) @ (256x10) input=uint8 ... done (0.1s)
  [Model 2 Phase4 v3 INT8 optic]  470/500 ( 94.0%) acc=88.94%  elapsed=1878s  ETA=120s
    [osimulator] (1x1024x32) @ (32x16) input=uint8 ... done (1.0s)
    [osimulator] (1x64x64) @ (64x32) input=uint8 ... done (0.7s)
    [osimulator] (1x64x32) @ (32x16) input=uint8 ... done (0.2s)
    [osimulator] (1x1x1024) @ (1024x256) input=uint8 ... done (1.8s)
    [osimulator] (1x1x256) @ (256x10) input=uint8 ... done (0.1s)
  [Model 2 Phase4 v3 INT8 optic]  471/500 ( 94.2%) acc=88.96%  elapsed=1881s  ETA=116s
    [osimulator] (1x1024x32) @ (32x16) input=uint8 ... done (1.0s)
    [osimulator] (1x64x64) @ (64x32) input=uint8 ... done (0.8s)
    [osimulator] (1x64x32) @ (32x16) input=uint8 ... done (0.2s)
    [osimulator] (1x1x1024) @ (1024x256) input=uint8 ... done (9.7s)
    [osimulator] (1x1x256) @ (256x10) input=uint8 ... done (0.1s)
  [Model 2 Phase4 v3 INT8 optic]  472/500 ( 94.4%) acc=88.98%  elapsed=1893s  ETA=112s
    [osimulator] (1x1024x32) @ (32x16) input=uint8 ... done (-6.8s)
    [osimulator] (1x64x64) @ (64x32) input=uint8 ... done (0.8s)
    [osimulator] (1x64x32) @ (32x16) input=uint8 ... done (0.2s)
    [osimulator] (1x1x1024) @ (1024x256) input=uint8 ... done (2.3s)
    [osimulator] (1x1x256) @ (256x10) input=uint8 ... done (0.1s)
  [Model 2 Phase4 v3 INT8 optic]  473/500 ( 94.6%) acc=88.79%  elapsed=1889s  ETA=108s
    [osimulator] (1x1024x32) @ (32x16) input=uint8 ... done (8.4s)
    [osimulator] (1x64x64) @ (64x32) input=uint8 ... done (-7.1s)
    [osimulator] (1x64x32) @ (32x16) input=uint8 ... done (0.2s)
    [osimulator] (1x1x1024) @ (1024x256) input=uint8 ... done (2.1s)
    [osimulator] (1x1x256) @ (256x10) input=uint8 ... done (0.1s)
  [Model 2 Phase4 v3 INT8 optic]  474/500 ( 94.8%) acc=88.82%  elapsed=1893s  ETA=104s
    [osimulator] (1x1024x32) @ (32x16) input=uint8 ... done (1.0s)
    [osimulator] (1x64x64) @ (64x32) input=uint8 ... done (0.7s)
    [osimulator] (1x64x32) @ (32x16) input=uint8 ... done (0.2s)
    [osimulator] (1x1x1024) @ (1024x256) input=uint8 ... done (2.0s)
    [osimulator] (1x1x256) @ (256x10) input=uint8 ... done (0.1s)
  [Model 2 Phase4 v3 INT8 optic]  475/500 ( 95.0%) acc=88.84%  elapsed=1897s  ETA=100s
    [osimulator] (1x1024x32) @ (32x16) input=uint8 ... done (1.0s)
    [osimulator] (1x64x64) @ (64x32) input=uint8 ... done (0.7s)
    [osimulator] (1x64x32) @ (32x16) input=uint8 ... done (0.2s)
    [osimulator] (1x1x1024) @ (1024x256) input=uint8 ... done (1.8s)
    [osimulator] (1x1x256) @ (256x10) input=uint8 ... done (0.1s)
  [Model 2 Phase4 v3 INT8 optic]  476/500 ( 95.2%) acc=88.87%  elapsed=1901s  ETA=96s
    [osimulator] (1x1024x32) @ (32x16) input=uint8 ... done (1.0s)
    [osimulator] (1x64x64) @ (64x32) input=uint8 ... done (0.7s)
    [osimulator] (1x64x32) @ (32x16) input=uint8 ... done (0.2s)
    [osimulator] (1x1x1024) @ (1024x256) input=uint8 ... done (2.2s)
    [osimulator] (1x1x256) @ (256x10) input=uint8 ... done (0.1s)
  [Model 2 Phase4 v3 INT8 optic]  477/500 ( 95.4%) acc=88.89%  elapsed=1905s  ETA=92s
    [osimulator] (1x1024x32) @ (32x16) input=uint8 ... done (0.5s)
    [osimulator] (1x64x64) @ (64x32) input=uint8 ... done (0.7s)
    [osimulator] (1x64x32) @ (32x16) input=uint8 ... done (0.2s)
    [osimulator] (1x1x1024) @ (1024x256) input=uint8 ... done (2.3s)
    [osimulator] (1x1x256) @ (256x10) input=uint8 ... done (0.1s)
  [Model 2 Phase4 v3 INT8 optic]  478/500 ( 95.6%) acc=88.91%  elapsed=1909s  ETA=88s
    [osimulator] (1x1024x32) @ (32x16) input=uint8 ... done (1.1s)
    [osimulator] (1x64x64) @ (64x32) input=uint8 ... done (0.3s)
    [osimulator] (1x64x32) @ (32x16) input=uint8 ... done (0.2s)
    [osimulator] (1x1x1024) @ (1024x256) input=uint8 ... done (2.3s)
    [osimulator] (1x1x256) @ (256x10) input=uint8 ... done (0.1s)
  [Model 2 Phase4 v3 INT8 optic]  479/500 ( 95.8%) acc=88.94%  elapsed=1913s  ETA=84s
    [osimulator] (1x1024x32) @ (32x16) input=uint8 ... done (1.0s)
    [osimulator] (1x64x64) @ (64x32) input=uint8 ... done (0.8s)
    [osimulator] (1x64x32) @ (32x16) input=uint8 ... done (0.2s)
    [osimulator] (1x1x1024) @ (1024x256) input=uint8 ... done (1.8s)
    [osimulator] (1x1x256) @ (256x10) input=uint8 ... done (0.1s)
  [Model 2 Phase4 v3 INT8 optic]  480/500 ( 96.0%) acc=88.96%  elapsed=1917s  ETA=80s
    [osimulator] (1x1024x32) @ (32x16) input=uint8 ... done (1.0s)
    [osimulator] (1x64x64) @ (64x32) input=uint8 ... done (0.9s)
    [osimulator] (1x64x32) @ (32x16) input=uint8 ... done (0.2s)
    [osimulator] (1x1x1024) @ (1024x256) input=uint8 ... done (9.7s)
    [osimulator] (1x1x256) @ (256x10) input=uint8 ... done (0.1s)
  [Model 2 Phase4 v3 INT8 optic]  481/500 ( 96.2%) acc=88.98%  elapsed=1929s  ETA=76s
    [osimulator] (1x1024x32) @ (32x16) input=uint8 ... done (1.0s)
    [osimulator] (1x64x64) @ (64x32) input=uint8 ... done (0.8s)
    [osimulator] (1x64x32) @ (32x16) input=uint8 ... done (0.2s)
    [osimulator] (1x1x1024) @ (1024x256) input=uint8 ... done (2.3s)
    [osimulator] (1x1x256) @ (256x10) input=uint8 ... done (0.1s)
  [Model 2 Phase4 v3 INT8 optic]  482/500 ( 96.4%) acc=89.00%  elapsed=1933s  ETA=72s
    [osimulator] (1x1024x32) @ (32x16) input=uint8 ... done (1.0s)
    [osimulator] (1x64x64) @ (64x32) input=uint8 ... done (0.7s)
    [osimulator] (1x64x32) @ (32x16) input=uint8 ... done (0.2s)
    [osimulator] (1x1x1024) @ (1024x256) input=uint8 ... done (2.3s)
    [osimulator] (1x1x256) @ (256x10) input=uint8 ... done (0.1s)
  [Model 2 Phase4 v3 INT8 optic]  483/500 ( 96.6%) acc=88.82%  elapsed=1937s  ETA=68s
    [osimulator] (1x1024x32) @ (32x16) input=uint8 ... done (0.9s)
    [osimulator] (1x64x64) @ (64x32) input=uint8 ... done (0.8s)
    [osimulator] (1x64x32) @ (32x16) input=uint8 ... done (0.2s)
    [osimulator] (1x1x1024) @ (1024x256) input=uint8 ... done (2.3s)
    [osimulator] (1x1x256) @ (256x10) input=uint8 ... done (0.1s)
  [Model 2 Phase4 v3 INT8 optic]  484/500 ( 96.8%) acc=88.84%  elapsed=1942s  ETA=64s
    [osimulator] (1x1024x32) @ (32x16) input=uint8 ... done (1.1s)
    [osimulator] (1x64x64) @ (64x32) input=uint8 ... done (-8.6s)
    [osimulator] (1x64x32) @ (32x16) input=uint8 ... done (0.2s)
    [osimulator] (1x1x1024) @ (1024x256) input=uint8 ... done (2.2s)
    [osimulator] (1x1x256) @ (256x10) input=uint8 ... done (0.1s)
  [Model 2 Phase4 v3 INT8 optic]  485/500 ( 97.0%) acc=88.87%  elapsed=1937s  ETA=60s
    [osimulator] (1x1024x32) @ (32x16) input=uint8 ... done (1.0s)
    [osimulator] (1x64x64) @ (64x32) input=uint8 ... done (0.8s)
    [osimulator] (1x64x32) @ (32x16) input=uint8 ... done (0.2s)
    [osimulator] (1x1x1024) @ (1024x256) input=uint8 ... done (1.8s)
    [osimulator] (1x1x256) @ (256x10) input=uint8 ... done (0.1s)
  [Model 2 Phase4 v3 INT8 optic]  486/500 ( 97.2%) acc=88.89%  elapsed=1940s  ETA=56s
    [osimulator] (1x1024x32) @ (32x16) input=uint8 ... done (1.0s)
    [osimulator] (1x64x64) @ (64x32) input=uint8 ... done (0.8s)
    [osimulator] (1x64x32) @ (32x16) input=uint8 ... done (0.2s)
    [osimulator] (1x1x1024) @ (1024x256) input=uint8 ... done (2.3s)
    [osimulator] (1x1x256) @ (256x10) input=uint8 ... done (0.1s)
  [Model 2 Phase4 v3 INT8 optic]  487/500 ( 97.4%) acc=88.91%  elapsed=1945s  ETA=52s
    [osimulator] (1x1024x32) @ (32x16) input=uint8 ... done (0.5s)
    [osimulator] (1x64x64) @ (64x32) input=uint8 ... done (0.7s)
    [osimulator] (1x64x32) @ (32x16) input=uint8 ... done (0.2s)
    [osimulator] (1x1x1024) @ (1024x256) input=uint8 ... done (2.1s)
    [osimulator] (1x1x256) @ (256x10) input=uint8 ... done (0.1s)
  [Model 2 Phase4 v3 INT8 optic]  488/500 ( 97.6%) acc=88.93%  elapsed=1948s  ETA=48s
    [osimulator] (1x1024x32) @ (32x16) input=uint8 ... done (1.0s)
    [osimulator] (1x64x64) @ (64x32) input=uint8 ... done (0.7s)
    [osimulator] (1x64x32) @ (32x16) input=uint8 ... done (7.8s)
    [osimulator] (1x1x1024) @ (1024x256) input=uint8 ... done (-5.6s)
    [osimulator] (1x1x256) @ (256x10) input=uint8 ... done (0.1s)
  [Model 2 Phase4 v3 INT8 optic]  489/500 ( 97.8%) acc=88.96%  elapsed=1952s  ETA=44s
    [osimulator] (1x1024x32) @ (32x16) input=uint8 ... done (0.9s)
    [osimulator] (1x64x64) @ (64x32) input=uint8 ... done (0.7s)
    [osimulator] (1x64x32) @ (32x16) input=uint8 ... done (0.2s)
    [osimulator] (1x1x1024) @ (1024x256) input=uint8 ... done (1.8s)
    [osimulator] (1x1x256) @ (256x10) input=uint8 ... done (0.1s)
  [Model 2 Phase4 v3 INT8 optic]  490/500 ( 98.0%) acc=88.78%  elapsed=1956s  ETA=40s
    [osimulator] (1x1024x32) @ (32x16) input=uint8 ... done (1.1s)
    [osimulator] (1x64x64) @ (64x32) input=uint8 ... done (0.7s)
    [osimulator] (1x64x32) @ (32x16) input=uint8 ... done (0.2s)
    [osimulator] (1x1x1024) @ (1024x256) input=uint8 ... done (2.3s)
    [osimulator] (1x1x256) @ (256x10) input=uint8 ... done (7.5s)
  [Model 2 Phase4 v3 INT8 optic]  491/500 ( 98.2%) acc=88.80%  elapsed=1968s  ETA=36s
    [osimulator] (1x1024x32) @ (32x16) input=uint8 ... done (-6.8s)
    [osimulator] (1x64x64) @ (64x32) input=uint8 ... done (0.6s)
    [osimulator] (1x64x32) @ (32x16) input=uint8 ... done (0.2s)
    [osimulator] (1x1x1024) @ (1024x256) input=uint8 ... done (2.3s)
    [osimulator] (1x1x256) @ (256x10) input=uint8 ... done (0.1s)
  [Model 2 Phase4 v3 INT8 optic]  492/500 ( 98.4%) acc=88.82%  elapsed=1964s  ETA=32s
    [osimulator] (1x1024x32) @ (32x16) input=uint8 ... done (1.0s)
    [osimulator] (1x64x64) @ (64x32) input=uint8 ... done (0.2s)
    [osimulator] (1x64x32) @ (32x16) input=uint8 ... done (0.2s)
    [osimulator] (1x1x1024) @ (1024x256) input=uint8 ... done (2.3s)
    [osimulator] (1x1x256) @ (256x10) input=uint8 ... done (0.1s)
  [Model 2 Phase4 v3 INT8 optic]  493/500 ( 98.6%) acc=88.84%  elapsed=1968s  ETA=28s
    [osimulator] (1x1024x32) @ (32x16) input=uint8 ... done (0.9s)
    [osimulator] (1x64x64) @ (64x32) input=uint8 ... done (0.6s)
    [osimulator] (1x64x32) @ (32x16) input=uint8 ... done (0.2s)
    [osimulator] (1x1x1024) @ (1024x256) input=uint8 ... done (1.8s)
    [osimulator] (1x1x256) @ (256x10) input=uint8 ... done (0.1s)
  [Model 2 Phase4 v3 INT8 optic]  494/500 ( 98.8%) acc=88.87%  elapsed=1972s  ETA=24s
    [osimulator] (1x1024x32) @ (32x16) input=uint8 ... done (1.1s)
    [osimulator] (1x64x64) @ (64x32) input=uint8 ... done (0.8s)
    [osimulator] (1x64x32) @ (32x16) input=uint8 ... done (0.2s)
    [osimulator] (1x1x1024) @ (1024x256) input=uint8 ... done (1.8s)
    [osimulator] (1x1x256) @ (256x10) input=uint8 ... done (0.1s)
  [Model 2 Phase4 v3 INT8 optic]  495/500 ( 99.0%) acc=88.89%  elapsed=1976s  ETA=20s
    [osimulator] (1x1024x32) @ (32x16) input=uint8 ... done (1.0s)
    [osimulator] (1x64x64) @ (64x32) input=uint8 ... done (0.8s)
    [osimulator] (1x64x32) @ (32x16) input=uint8 ... done (0.2s)
    [osimulator] (1x1x1024) @ (1024x256) input=uint8 ... done (2.3s)
    [osimulator] (1x1x256) @ (256x10) input=uint8 ... done (0.1s)
  [Model 2 Phase4 v3 INT8 optic]  496/500 ( 99.2%) acc=88.91%  elapsed=1980s  ETA=16s
    [osimulator] (1x1024x32) @ (32x16) input=uint8 ... done (0.5s)
    [osimulator] (1x64x64) @ (64x32) input=uint8 ... done (0.8s)
    [osimulator] (1x64x32) @ (32x16) input=uint8 ... done (0.2s)
    [osimulator] (1x1x1024) @ (1024x256) input=uint8 ... done (2.3s)
    [osimulator] (1x1x256) @ (256x10) input=uint8 ... done (0.1s)
  [Model 2 Phase4 v3 INT8 optic]  497/500 ( 99.4%) acc=88.93%  elapsed=1984s  ETA=12s
    [osimulator] (1x1024x32) @ (32x16) input=uint8 ... done (1.0s)
    [osimulator] (1x64x64) @ (64x32) input=uint8 ... done (0.3s)
    [osimulator] (1x64x32) @ (32x16) input=uint8 ... done (0.2s)
    [osimulator] (1x1x1024) @ (1024x256) input=uint8 ... done (2.3s)
    [osimulator] (1x1x256) @ (256x10) input=uint8 ... done (0.1s)
  [Model 2 Phase4 v3 INT8 optic]  498/500 ( 99.6%) acc=88.96%  elapsed=1988s  ETA=8s
    [osimulator] (1x1024x32) @ (32x16) input=uint8 ... done (1.0s)
    [osimulator] (1x64x64) @ (64x32) input=uint8 ... done (0.7s)
    [osimulator] (1x64x32) @ (32x16) input=uint8 ... done (0.2s)
    [osimulator] (1x1x1024) @ (1024x256) input=uint8 ... done (1.8s)
    [osimulator] (1x1x256) @ (256x10) input=uint8 ... done (0.1s)
  [Model 2 Phase4 v3 INT8 optic]  499/500 ( 99.8%) acc=88.98%  elapsed=1992s  ETA=4s
    [osimulator] (1x1024x32) @ (32x16) input=uint8 ... done (1.1s)
    [osimulator] (1x64x64) @ (64x32) input=uint8 ... done (0.7s)
    [osimulator] (1x64x32) @ (32x16) input=uint8 ... done (0.2s)
    [osimulator] (1x1x1024) @ (1024x256) input=uint8 ... done (1.8s)
    [osimulator] (1x1x256) @ (256x10) input=uint8 ... done (0.1s)
  [Model 2 Phase4 v3 INT8 optic]  500/500 (100.0%) acc=89.00%  elapsed=1996s  ETA=0s
  [Model 2 Phase4 v3 INT8 optic] DONE — 500 batches, acc=89.00%, total=1996s
  Optical Accuracy: 89.00%
  Optical Time:     1995.69s

--- Optical Engine Statistics ---
  [OpticalEngine 统计] 调用: 2500, 总耗时: 1992.926s, 总运算量: 4.76e+08 MACs



==============================================================================================================
  OPTIC-SPACENET INT8: Optical Computing Inference & MOPs Report
  Model 2 SpaceNet V1 Phase4 v3 — 当前最佳 INT8 模型
==============================================================================================================

  ------------------------------------------------------------
  [Accuracy] Optic osimulator Hardware Simulation (独立测试集)
  ------------------------------------------------------------
  模型:               Model 2 Phase4 v3 INT8
  光计算准确率:       89.00%
  osimulator 耗时:    1995.7s


==============================================================================================================
  INT8 模型光计算 MOPs 统计 — Model 2 SpaceNet V1 Phase4 v3
  Gazelle 硬件: 8×2 tile, 8a8w12o, 首层 stem FP32 (电计算)
==============================================================================================================

  Layer            Type    C_in C_out Kernel      Input    ConvOut   Pool  Patch Padded   Align    RawMOPs    OptMOPs   ElecMOPs      Compute
  ------------------------------------------------------------------------------------------------------------------------
  stem.conv        Conv       3     8    1x1      64x64      64x64   None      3      8  37.5%    0.0983M    0.0000M    0.0983M [Electronic]
  stage1.conv      Conv       8    16    2x2      64x64      32x32 Max2x2     32     32 100.0%    0.5243M    0.5243M    0.0000M [Optical]   
  stage2.conv      Conv      16    32    2x2      16x16        8x8   None     64     64 100.0%    0.1311M    0.1311M    0.0000M [Optical]   
  stage3.conv      Conv      32    16    1x1        8x8        8x8   None     32     32 100.0%    0.0328M    0.0328M    0.0000M [Optical]   
  fc1              Linear  1024   256      -          -          -   None   1024   1024 100.0%    0.2621M    0.2621M    0.0000M [Optical]   
  fc2              Linear   256    10      -          -          -   None    256    256 100.0%    0.0026M    0.0026M    0.0000M [Optical]   
  ------------------------------------------------------------------------------------------------------------------------
  Total                                                                                            1.0511M    0.9528M    0.0983M

  ------------------------------------------------------------
  [MOPs] 光计算占比汇总
  ------------------------------------------------------------
  总原始 MOPs:           1.0511 M
  光计算 MOPs (有效):    0.9528 M
  电子计算 MOPs:         0.0983 M
  总有效 MOPs:           1.0511 M
  -------------------------------------
  ** 光计算占比:         90.65%  (**)
  光计算补零浪费:        0 (所有光计算层完美对齐 8 的倍数) [OK]
  ------------------------------------------------------------

  [Note] 说明:
    - stem.conv (3->8, 1x1): 展平长度=3, 对齐率仅 37.5%, 保留电计算 (FP32)
    - 其余 Conv/Linear 展平长度均为 8 的倍数, 完美对齐 Gazelle 8×2 tile
    - 光计算占比 = 光计算有效MOPs / (光计算MOPs + 电计算MOPs)
    - 光计算有效MOPs 已包含补零对齐的硬件开销
==============================================================================================================

  ------------------------------------------------------------
  [Verdict] 部署评估结论
  ------------------------------------------------------------
  光计算占比:         90.65%
  判定:               [OK] 高度适合光计算部署
  硬件对齐率:         99.6% (除 stem 外所有层完美对齐 8×2 tile)
  首层 stem:          FP32 电计算 (展平=3, 对齐率 37.5%, 电计算更高效)
  推荐部署策略:       stem 在 CPU/GPU, 其余 5 层在 Gazelle 光计算
==============================================================================================================
