Device: cuda
============================================================
  Optic-SpaceNet Model 1 INT8: In-Container Optical Inference
  Model:  Baseline VGG Phase4 v3 (变体 B)
  Weight: weights/baseline_vgg_phase4_v3_int8_vB.pth
  Mode:   Optic (osimulator)  |  Batch: 1  quick=650
============================================================
  [!] Model 1 是 Model 2 的 ~150x 重 (156.6M vs 1.05M MACs/张)
  估计 650 张耗时: ~1246 min (变体 B)
  全量 5400 张 ~9 天 — 仅用 --quick 抽样

--- Loading Independent Test Set ---
Full: 27000 | Test(now): 5400 | split=eurosat_split (test∩train=0)

[Mode: Optic] Initializing Optical Engine (osimulator)...
[optic_layers] [OK] Real optical simulator loaded (osimulator)
wght_mapping_factor:  64
input_mapping_factor:  85
wght_mapping_factor:  64
input_mapping_factor:  64
wght_mapping_factor:  16
input_mapping_factor:  17
wght_mapping_factor:  16
input_mapping_factor:  16
wght_mapping_factor:  1
input_mapping_factor:  1
wght_mapping_factor:  1
input_mapping_factor:  1
[OpticalEngine] Using real optical simulator

============================================================
  Model 1 Phase4 v3 INT8 (变体 B)  [Optic mode: osimulator]
============================================================

  [1/3] Creating model & loading weights...
  Params: 2,387,168

  Model 1 Phase4 v3 INT8 (变体 B) (Original FP32) 层名                          C_in   K      展平长度  补零后  对齐率
  ------------------------------------------------------------------------
  [Conv2d]      conv1_1                      3   3×3         27         32   84.4%
  [Conv2d]      conv1_2                     32   3×3        288        288   100.0%
  [Conv2d]      conv2_1                     32   3×3        288        288   100.0%
  [Conv2d]      conv2_2                     64   3×3        576        576   100.0%
  [Conv2d]      conv3_1                     64   3×3        576        576   100.0%
  [Conv2d]      conv3_2                    128   3×3       1152       1152   100.0%
  [Linear]      fc1                        —     —           8192       8192   100.0%
  [Linear]      fc2                        —     —            256        256   100.0%
  综合硬件对齐率: 100.0% (总展平 11355 → 补零后 11360)

  [2/3] Converting to optical (int8, conv1_1 electronic + conv3_2 electronic)...
  [Variant B] conv3_2 OpticConv2d → Conv2d (电计算 FP32): 128→128

  Model 1 Phase4 v3 INT8 (变体 B) (Optical) 层名                          C_in   K      展平长度  补零后  对齐率
  ------------------------------------------------------------------------
  [Conv2d]      conv1_1                      3   3×3         27         32   84.4%
  [OpticConv2d] conv1_2                     32   3×3        288        288   100.0%
  [OpticConv2d] conv2_1                     32   3×3        288        288   100.0%
  [OpticConv2d] conv2_2                     64   3×3        576        576   100.0%
  [OpticConv2d] conv3_1                     64   3×3        576        576   100.0%
  [Conv2d]      conv3_2                    128   3×3       1152       1152   100.0%
  [OpticLinear] fc1                        —     —           8192       8192   100.0%
  [OpticLinear] fc2                        —     —            256        256   100.0%
  综合硬件对齐率: 100.0% (总展平 11355 → 补零后 11360)

  [3/3] Evaluating via osimulator...
  [Model 1 Phase4 v3 INT8 (变体 B) optic] 650 batches, report every 1 batch(es)
    [osimulator] (1x4096x288) @ (288x32) input=uint8 ... done (19.5s)
    [osimulator] (1x1024x288) @ (288x64) input=uint8 ... done (4.5s)
    [osimulator] (1x1024x576) @ (576x64) input=uint8 ... done (11.0s)
    [osimulator] (1x256x576) @ (576x128) input=uint8 ... done (6.5s)
    [osimulator] (1x1x8192) @ (8192x256) input=uint8 ... done (4.2s)
    [osimulator] (1x1x256) @ (256x10) input=uint8 ... done (0.0s)
  [Model 1 Phase4 v3 INT8 (变体 B) optic]    1/650 (  0.2%) acc=100.00%  elapsed=46s  ETA=29853s
    [osimulator] (1x4096x288) @ (288x32) input=uint8 ... done (18.5s)
    [osimulator] (1x1024x288) @ (288x64) input=uint8 ... done (4.4s)
    [osimulator] (1x1024x576) @ (576x64) input=uint8 ... done (7.8s)
    [osimulator] (1x256x576) @ (576x128) input=uint8 ... done (6.6s)
    [osimulator] (1x1x8192) @ (8192x256) input=uint8 ... done (3.6s)
    [osimulator] (1x1x256) @ (256x10) input=uint8 ... done (0.0s)
  [Model 1 Phase4 v3 INT8 (变体 B) optic]    2/650 (  0.3%) acc=100.00%  elapsed=87s  ETA=28116s
    [osimulator] (1x4096x288) @ (288x32) input=uint8 ... done (17.7s)
    [osimulator] (1x1024x288) @ (288x64) input=uint8 ... done (4.3s)
    [osimulator] (1x1024x576) @ (576x64) input=uint8 ... done (6.2s)
    [osimulator] (1x256x576) @ (576x128) input=uint8 ... done (6.5s)
    [osimulator] (1x1x8192) @ (8192x256) input=uint8 ... done (3.5s)
    [osimulator] (1x1x256) @ (256x10) input=uint8 ... done (0.0s)
  [Model 1 Phase4 v3 INT8 (变体 B) optic]    3/650 (  0.5%) acc=100.00%  elapsed=125s  ETA=26976s
    [osimulator] (1x4096x288) @ (288x32) input=uint8 ... done (18.7s)
    [osimulator] (1x1024x288) @ (288x64) input=uint8 ... done (4.3s)
    [osimulator] (1x1024x576) @ (576x64) input=uint8 ... done (6.4s)
    [osimulator] (1x256x576) @ (576x128) input=uint8 ... done (6.4s)
    [osimulator] (1x1x8192) @ (8192x256) input=uint8 ... done (3.6s)
    [osimulator] (1x1x256) @ (256x10) input=uint8 ... done (0.0s)
  [Model 1 Phase4 v3 INT8 (变体 B) optic]    4/650 (  0.6%) acc=100.00%  elapsed=165s  ETA=26568s
    [osimulator] (1x4096x288) @ (288x32) input=uint8 ... done (19.2s)
    [osimulator] (1x1024x288) @ (288x64) input=uint8 ... done (4.3s)
    [osimulator] (1x1024x576) @ (576x64) input=uint8 ... done (12.5s)
    [osimulator] (1x256x576) @ (576x128) input=uint8 ... done (6.4s)
    [osimulator] (1x1x8192) @ (8192x256) input=uint8 ... done (3.5s)
    [osimulator] (1x1x256) @ (256x10) input=uint8 ... done (0.0s)
  [Model 1 Phase4 v3 INT8 (变体 B) optic]    5/650 (  0.8%) acc=100.00%  elapsed=210s  ETA=27145s
    [osimulator] (1x4096x288) @ (288x32) input=uint8 ... done (18.7s)
    [osimulator] (1x1024x288) @ (288x64) input=uint8 ... done (4.3s)
    [osimulator] (1x1024x576) @ (576x64) input=uint8 ... done (6.2s)
    [osimulator] (1x256x576) @ (576x128) input=uint8 ... done (6.3s)
    [osimulator] (1x1x8192) @ (8192x256) input=uint8 ... done (3.6s)
    [osimulator] (1x1x256) @ (256x10) input=uint8 ... done (0.0s)
  [Model 1 Phase4 v3 INT8 (变体 B) optic]    6/650 (  0.9%) acc=100.00%  elapsed=250s  ETA=26792s
    [osimulator] (1x4096x288) @ (288x32) input=uint8 ... done (18.1s)
    [osimulator] (1x1024x288) @ (288x64) input=uint8 ... done (4.2s)
    [osimulator] (1x1024x576) @ (576x64) input=uint8 ... done (6.2s)
    [osimulator] (1x256x576) @ (576x128) input=uint8 ... done (6.4s)
    [osimulator] (1x1x8192) @ (8192x256) input=uint8 ... done (3.4s)
    [osimulator] (1x1x256) @ (256x10) input=uint8 ... done (0.0s)
  [Model 1 Phase4 v3 INT8 (变体 B) optic]    7/650 (  1.1%) acc=100.00%  elapsed=288s  ETA=26468s
    [osimulator] (1x4096x288) @ (288x32) input=uint8 ... done (18.1s)
    [osimulator] (1x1024x288) @ (288x64) input=uint8 ... done (4.2s)
    [osimulator] (1x1024x576) @ (576x64) input=uint8 ... done (9.2s)
    [osimulator] (1x256x576) @ (576x128) input=uint8 ... done (6.3s)
    [osimulator] (1x1x8192) @ (8192x256) input=uint8 ... done (3.5s)
    [osimulator] (1x1x256) @ (256x10) input=uint8 ... done (0.0s)
  [Model 1 Phase4 v3 INT8 (变体 B) optic]    8/650 (  1.2%) acc=100.00%  elapsed=329s  ETA=26432s
    [osimulator] (1x4096x288) @ (288x32) input=uint8 ... done (18.8s)
    [osimulator] (1x1024x288) @ (288x64) input=uint8 ... done (4.3s)
    [osimulator] (1x1024x576) @ (576x64) input=uint8 ... done (6.2s)
    [osimulator] (1x256x576) @ (576x128) input=uint8 ... done (6.4s)
    [osimulator] (1x1x8192) @ (8192x256) input=uint8 ... done (3.5s)
    [osimulator] (1x1x256) @ (256x10) input=uint8 ... done (0.0s)
  [Model 1 Phase4 v3 INT8 (变体 B) optic]    9/650 (  1.4%) acc=100.00%  elapsed=369s  ETA=26253s
    [osimulator] (1x4096x288) @ (288x32) input=uint8 ... done (19.0s)
    [osimulator] (1x1024x288) @ (288x64) input=uint8 ... done (4.3s)
    [osimulator] (1x1024x576) @ (576x64) input=uint8 ... done (6.2s)
    [osimulator] (1x256x576) @ (576x128) input=uint8 ... done (6.6s)
    [osimulator] (1x1x8192) @ (8192x256) input=uint8 ... done (3.6s)
    [osimulator] (1x1x256) @ (256x10) input=uint8 ... done (0.0s)
  [Model 1 Phase4 v3 INT8 (变体 B) optic]   10/650 (  1.5%) acc=100.00%  elapsed=408s  ETA=26134s
    [osimulator] (1x4096x288) @ (288x32) input=uint8 ... done (19.0s)
    [osimulator] (1x1024x288) @ (288x64) input=uint8 ... done (4.2s)
    [osimulator] (1x1024x576) @ (576x64) input=uint8 ... done (6.3s)
    [osimulator] (1x256x576) @ (576x128) input=uint8 ... done (6.3s)
    [osimulator] (1x1x8192) @ (8192x256) input=uint8 ... done (3.5s)
    [osimulator] (1x1x256) @ (256x10) input=uint8 ... done (0.0s)
  [Model 1 Phase4 v3 INT8 (变体 B) optic]   11/650 (  1.7%) acc=100.00%  elapsed=448s  ETA=26005s
    [osimulator] (1x4096x288) @ (288x32) input=uint8 ... done (19.0s)
    [osimulator] (1x1024x288) @ (288x64) input=uint8 ... done (4.3s)
    [osimulator] (1x1024x576) @ (576x64) input=uint8 ... done (6.3s)
    [osimulator] (1x256x576) @ (576x128) input=uint8 ... done (6.4s)
    [osimulator] (1x1x8192) @ (8192x256) input=uint8 ... done (3.5s)
    [osimulator] (1x1x256) @ (256x10) input=uint8 ... done (0.0s)
  [Model 1 Phase4 v3 INT8 (变体 B) optic]   12/650 (  1.8%) acc=100.00%  elapsed=487s  ETA=25901s
    [osimulator] (1x4096x288) @ (288x32) input=uint8 ... done (18.9s)
    [osimulator] (1x1024x288) @ (288x64) input=uint8 ... done (4.3s)
    [osimulator] (1x1024x576) @ (576x64) input=uint8 ... done (6.2s)
    [osimulator] (1x256x576) @ (576x128) input=uint8 ... done (6.3s)
    [osimulator] (1x1x8192) @ (8192x256) input=uint8 ... done (3.5s)
    [osimulator] (1x1x256) @ (256x10) input=uint8 ... done (0.0s)
  [Model 1 Phase4 v3 INT8 (变体 B) optic]   13/650 (  2.0%) acc=100.00%  elapsed=526s  ETA=25796s
    [osimulator] (1x4096x288) @ (288x32) input=uint8 ... done (19.1s)
    [osimulator] (1x1024x288) @ (288x64) input=uint8 ... done (4.3s)
    [osimulator] (1x1024x576) @ (576x64) input=uint8 ... done (9.3s)
    [osimulator] (1x256x576) @ (576x128) input=uint8 ... done (6.4s)
    [osimulator] (1x1x8192) @ (8192x256) input=uint8 ... done (3.7s)
    [osimulator] (1x1x256) @ (256x10) input=uint8 ... done (0.0s)
  [Model 1 Phase4 v3 INT8 (变体 B) optic]   14/650 (  2.2%) acc=100.00%  elapsed=569s  ETA=25858s
    [osimulator] (1x4096x288) @ (288x32) input=uint8 ... done (18.7s)
    [osimulator] (1x1024x288) @ (288x64) input=uint8 ... done (4.2s)
    [osimulator] (1x1024x576) @ (576x64) input=uint8 ... done (6.3s)
    [osimulator] (1x256x576) @ (576x128) input=uint8 ... done (6.3s)
    [osimulator] (1x1x8192) @ (8192x256) input=uint8 ... done (3.5s)
    [osimulator] (1x1x256) @ (256x10) input=uint8 ... done (0.0s)
  [Model 1 Phase4 v3 INT8 (变体 B) optic]   15/650 (  2.3%) acc=100.00%  elapsed=608s  ETA=25749s
    [osimulator] (1x4096x288) @ (288x32) input=uint8 ... done (18.6s)
    [osimulator] (1x1024x288) @ (288x64) input=uint8 ... done (4.3s)
    [osimulator] (1x1024x576) @ (576x64) input=uint8 ... done (6.4s)
    [osimulator] (1x256x576) @ (576x128) input=uint8 ... done (6.4s)
    [osimulator] (1x1x8192) @ (8192x256) input=uint8 ... done (3.7s)
    [osimulator] (1x1x256) @ (256x10) input=uint8 ... done (0.0s)
  [Model 1 Phase4 v3 INT8 (变体 B) optic]   16/650 (  2.5%) acc=100.00%  elapsed=648s  ETA=25663s
    [osimulator] (1x4096x288) @ (288x32) input=uint8 ... done (19.1s)
    [osimulator] (1x1024x288) @ (288x64) input=uint8 ... done (4.2s)
    [osimulator] (1x1024x576) @ (576x64) input=uint8 ... done (6.5s)
    [osimulator] (1x256x576) @ (576x128) input=uint8 ... done (6.3s)
    [osimulator] (1x1x8192) @ (8192x256) input=uint8 ... done (3.6s)
    [osimulator] (1x1x256) @ (256x10) input=uint8 ... done (0.0s)
  [Model 1 Phase4 v3 INT8 (变体 B) optic]   17/650 (  2.6%) acc=100.00%  elapsed=687s  ETA=25595s
    [osimulator] (1x4096x288) @ (288x32) input=uint8 ... done (18.9s)
    [osimulator] (1x1024x288) @ (288x64) input=uint8 ... done (4.2s)
    [osimulator] (1x1024x576) @ (576x64) input=uint8 ... done (9.3s)
    [osimulator] (1x256x576) @ (576x128) input=uint8 ... done (6.4s)
    [osimulator] (1x1x8192) @ (8192x256) input=uint8 ... done (3.5s)
    [osimulator] (1x1x256) @ (256x10) input=uint8 ... done (0.0s)
  [Model 1 Phase4 v3 INT8 (变体 B) optic]   18/650 (  2.8%) acc=100.00%  elapsed=730s  ETA=25620s
    [osimulator] (1x4096x288) @ (288x32) input=uint8 ... done (19.0s)
    [osimulator] (1x1024x288) @ (288x64) input=uint8 ... done (4.3s)
    [osimulator] (1x1024x576) @ (576x64) input=uint8 ... done (8.4s)
    [osimulator] (1x256x576) @ (576x128) input=uint8 ... done (6.5s)
    [osimulator] (1x1x8192) @ (8192x256) input=uint8 ... done (3.5s)
    [osimulator] (1x1x256) @ (256x10) input=uint8 ... done (0.0s)
  [Model 1 Phase4 v3 INT8 (变体 B) optic]   19/650 (  2.9%) acc=100.00%  elapsed=771s  ETA=25620s
    [osimulator] (1x4096x288) @ (288x32) input=uint8 ... done (19.0s)
    [osimulator] (1x1024x288) @ (288x64) input=uint8 ... done (4.2s)
    [osimulator] (1x1024x576) @ (576x64) input=uint8 ... done (6.4s)
    [osimulator] (1x256x576) @ (576x128) input=uint8 ... done (6.4s)
    [osimulator] (1x1x8192) @ (8192x256) input=uint8 ... done (3.7s)
    [osimulator] (1x1x256) @ (256x10) input=uint8 ... done (0.0s)
  [Model 1 Phase4 v3 INT8 (变体 B) optic]   20/650 (  3.1%) acc=100.00%  elapsed=811s  ETA=25552s
    [osimulator] (1x4096x288) @ (288x32) input=uint8 ... done (18.8s)
    [osimulator] (1x1024x288) @ (288x64) input=uint8 ... done (4.2s)
    [osimulator] (1x1024x576) @ (576x64) input=uint8 ... done (6.2s)
    [osimulator] (1x256x576) @ (576x128) input=uint8 ... done (6.4s)
    [osimulator] (1x1x8192) @ (8192x256) input=uint8 ... done (3.5s)
    [osimulator] (1x1x256) @ (256x10) input=uint8 ... done (0.0s)
  [Model 1 Phase4 v3 INT8 (变体 B) optic]   21/650 (  3.2%) acc=100.00%  elapsed=850s  ETA=25472s
    [osimulator] (1x4096x288) @ (288x32) input=uint8 ... done (19.0s)
    [osimulator] (1x1024x288) @ (288x64) input=uint8 ... done (4.2s)
    [osimulator] (1x1024x576) @ (576x64) input=uint8 ... done (8.8s)
    [osimulator] (1x256x576) @ (576x128) input=uint8 ... done (6.2s)
    [osimulator] (1x1x8192) @ (8192x256) input=uint8 ... done (3.5s)
    [osimulator] (1x1x256) @ (256x10) input=uint8 ... done (0.0s)
  [Model 1 Phase4 v3 INT8 (变体 B) optic]   22/650 (  3.4%) acc=100.00%  elapsed=892s  ETA=25468s
    [osimulator] (1x4096x288) @ (288x32) input=uint8 ... done (18.8s)
    [osimulator] (1x1024x288) @ (288x64) input=uint8 ... done (4.3s)
    [osimulator] (1x1024x576) @ (576x64) input=uint8 ... done (7.5s)
    [osimulator] (1x256x576) @ (576x128) input=uint8 ... done (6.5s)
    [osimulator] (1x1x8192) @ (8192x256) input=uint8 ... done (3.8s)
    [osimulator] (1x1x256) @ (256x10) input=uint8 ... done (0.0s)
  [Model 1 Phase4 v3 INT8 (变体 B) optic]   23/650 (  3.5%) acc=100.00%  elapsed=933s  ETA=25440s
    [osimulator] (1x4096x288) @ (288x32) input=uint8 ... done (19.1s)
    [osimulator] (1x1024x288) @ (288x64) input=uint8 ... done (4.2s)
    [osimulator] (1x1024x576) @ (576x64) input=uint8 ... done (6.2s)
    [osimulator] (1x256x576) @ (576x128) input=uint8 ... done (6.4s)
    [osimulator] (1x1x8192) @ (8192x256) input=uint8 ... done (3.5s)
    [osimulator] (1x1x256) @ (256x10) input=uint8 ... done (0.0s)
  [Model 1 Phase4 v3 INT8 (变体 B) optic]   24/650 (  3.7%) acc=100.00%  elapsed=973s  ETA=25371s
    [osimulator] (1x4096x288) @ (288x32) input=uint8 ... done (18.9s)
    [osimulator] (1x1024x288) @ (288x64) input=uint8 ... done (4.3s)
    [osimulator] (1x1024x576) @ (576x64) input=uint8 ... done (6.3s)
    [osimulator] (1x256x576) @ (576x128) input=uint8 ... done (6.5s)
    [osimulator] (1x1x8192) @ (8192x256) input=uint8 ... done (3.5s)
    [osimulator] (1x1x256) @ (256x10) input=uint8 ... done (0.0s)
  [Model 1 Phase4 v3 INT8 (变体 B) optic]   25/650 (  3.8%) acc=100.00%  elapsed=1012s  ETA=25306s
    [osimulator] (1x4096x288) @ (288x32) input=uint8 ... done (19.1s)
    [osimulator] (1x1024x288) @ (288x64) input=uint8 ... done (4.3s)
    [osimulator] (1x1024x576) @ (576x64) input=uint8 ... done (6.8s)
    [osimulator] (1x256x576) @ (576x128) input=uint8 ... done (6.6s)
    [osimulator] (1x1x8192) @ (8192x256) input=uint8 ... done (3.6s)
    [osimulator] (1x1x256) @ (256x10) input=uint8 ... done (0.0s)
  [Model 1 Phase4 v3 INT8 (变体 B) optic]   26/650 (  4.0%) acc=100.00%  elapsed=1053s  ETA=25264s
    [osimulator] (1x4096x288) @ (288x32) input=uint8 ... done (19.1s)
    [osimulator] (1x1024x288) @ (288x64) input=uint8 ... done (4.3s)
    [osimulator] (1x1024x576) @ (576x64) input=uint8 ... done (6.3s)
    [osimulator] (1x256x576) @ (576x128) input=uint8 ... done (6.7s)
    [osimulator] (1x1x8192) @ (8192x256) input=uint8 ... done (3.7s)
    [osimulator] (1x1x256) @ (256x10) input=uint8 ... done (0.0s)
  [Model 1 Phase4 v3 INT8 (变体 B) optic]   27/650 (  4.2%) acc=100.00%  elapsed=1093s  ETA=25213s
    [osimulator] (1x4096x288) @ (288x32) input=uint8 ... done (19.1s)
    [osimulator] (1x1024x288) @ (288x64) input=uint8 ... done (4.3s)
    [osimulator] (1x1024x576) @ (576x64) input=uint8 ... done (6.8s)
    [osimulator] (1x256x576) @ (576x128) input=uint8 ... done (6.5s)
    [osimulator] (1x1x8192) @ (8192x256) input=uint8 ... done (3.7s)
    [osimulator] (1x1x256) @ (256x10) input=uint8 ... done (0.0s)
  [Model 1 Phase4 v3 INT8 (变体 B) optic]   28/650 (  4.3%) acc=100.00%  elapsed=1133s  ETA=25171s
    [osimulator] (1x4096x288) @ (288x32) input=uint8 ... done (19.4s)
    [osimulator] (1x1024x288) @ (288x64) input=uint8 ... done (4.3s)
    [osimulator] (1x1024x576) @ (576x64) input=uint8 ... done (6.4s)
    [osimulator] (1x256x576) @ (576x128) input=uint8 ... done (6.4s)
    [osimulator] (1x1x8192) @ (8192x256) input=uint8 ... done (3.5s)
    [osimulator] (1x1x256) @ (256x10) input=uint8 ... done (0.0s)
  [Model 1 Phase4 v3 INT8 (变体 B) optic]   29/650 (  4.5%) acc=100.00%  elapsed=1173s  ETA=25123s
    [osimulator] (1x4096x288) @ (288x32) input=uint8 ... done (19.5s)
    [osimulator] (1x1024x288) @ (288x64) input=uint8 ... done (4.3s)
    [osimulator] (1x1024x576) @ (576x64) input=uint8 ... done (6.3s)
    [osimulator] (1x256x576) @ (576x128) input=uint8 ... done (6.3s)
    [osimulator] (1x1x8192) @ (8192x256) input=uint8 ... done (3.6s)
    [osimulator] (1x1x256) @ (256x10) input=uint8 ... done (0.0s)
  [Model 1 Phase4 v3 INT8 (变体 B) optic]   30/650 (  4.6%) acc=100.00%  elapsed=1213s  ETA=25074s
    [osimulator] (1x4096x288) @ (288x32) input=uint8 ... done (19.3s)
    [osimulator] (1x1024x288) @ (288x64) input=uint8 ... done (4.3s)
    [osimulator] (1x1024x576) @ (576x64) input=uint8 ... done (7.7s)
    [osimulator] (1x256x576) @ (576x128) input=uint8 ... done (6.4s)
    [osimulator] (1x1x8192) @ (8192x256) input=uint8 ... done (3.6s)
    [osimulator] (1x1x256) @ (256x10) input=uint8 ... done (0.0s)
  [Model 1 Phase4 v3 INT8 (变体 B) optic]   31/650 (  4.8%) acc=100.00%  elapsed=1255s  ETA=25052s
    [osimulator] (1x4096x288) @ (288x32) input=uint8 ... done (19.1s)
    [osimulator] (1x1024x288) @ (288x64) input=uint8 ... done (4.4s)
    [osimulator] (1x1024x576) @ (576x64) input=uint8 ... done (10.8s)
    [osimulator] (1x256x576) @ (576x128) input=uint8 ... done (6.4s)
    [osimulator] (1x1x8192) @ (8192x256) input=uint8 ... done (3.7s)
    [osimulator] (1x1x256) @ (256x10) input=uint8 ... done (0.0s)
  [Model 1 Phase4 v3 INT8 (变体 B) optic]   32/650 (  4.9%) acc=100.00%  elapsed=1299s  ETA=25086s
    [osimulator] (1x4096x288) @ (288x32) input=uint8 ... done (19.0s)
    [osimulator] (1x1024x288) @ (288x64) input=uint8 ... done (4.3s)
    [osimulator] (1x1024x576) @ (576x64) input=uint8 ... done (6.4s)
    [osimulator] (1x256x576) @ (576x128) input=uint8 ... done (6.5s)
    [osimulator] (1x1x8192) @ (8192x256) input=uint8 ... done (3.6s)
    [osimulator] (1x1x256) @ (256x10) input=uint8 ... done (0.0s)
  [Model 1 Phase4 v3 INT8 (变体 B) optic]   33/650 (  5.1%) acc=100.00%  elapsed=1339s  ETA=25030s
    [osimulator] (1x4096x288) @ (288x32) input=uint8 ... done (18.9s)
    [osimulator] (1x1024x288) @ (288x64) input=uint8 ... done (4.3s)
    [osimulator] (1x1024x576) @ (576x64) input=uint8 ... done (8.2s)
    [osimulator] (1x256x576) @ (576x128) input=uint8 ... done (6.3s)
    [osimulator] (1x1x8192) @ (8192x256) input=uint8 ... done (3.6s)
    [osimulator] (1x1x256) @ (256x10) input=uint8 ... done (0.0s)
  [Model 1 Phase4 v3 INT8 (变体 B) optic]   34/650 (  5.2%) acc=100.00%  elapsed=1380s  ETA=25005s
    [osimulator] (1x4096x288) @ (288x32) input=uint8 ... done (18.7s)
    [osimulator] (1x1024x288) @ (288x64) input=uint8 ... done (4.2s)
    [osimulator] (1x1024x576) @ (576x64) input=uint8 ... done (9.2s)
    [osimulator] (1x256x576) @ (576x128) input=uint8 ... done (6.3s)
    [osimulator] (1x1x8192) @ (8192x256) input=uint8 ... done (3.6s)
    [osimulator] (1x1x256) @ (256x10) input=uint8 ... done (0.0s)
  [Model 1 Phase4 v3 INT8 (变体 B) optic]   35/650 (  5.4%) acc=100.00%  elapsed=1422s  ETA=24991s
    [osimulator] (1x4096x288) @ (288x32) input=uint8 ... done (18.9s)
    [osimulator] (1x1024x288) @ (288x64) input=uint8 ... done (4.3s)
    [osimulator] (1x1024x576) @ (576x64) input=uint8 ... done (12.1s)
    [osimulator] (1x256x576) @ (576x128) input=uint8 ... done (6.4s)
    [osimulator] (1x1x8192) @ (8192x256) input=uint8 ... done (3.6s)
    [osimulator] (1x1x256) @ (256x10) input=uint8 ... done (0.0s)
  [Model 1 Phase4 v3 INT8 (变体 B) optic]   36/650 (  5.5%) acc=100.00%  elapsed=1468s  ETA=25030s
    [osimulator] (1x4096x288) @ (288x32) input=uint8 ... done (18.6s)
    [osimulator] (1x1024x288) @ (288x64) input=uint8 ... done (4.2s)
    [osimulator] (1x1024x576) @ (576x64) input=uint8 ... done (6.5s)
    [osimulator] (1x256x576) @ (576x128) input=uint8 ... done (6.3s)
    [osimulator] (1x1x8192) @ (8192x256) input=uint8 ... done (3.6s)
    [osimulator] (1x1x256) @ (256x10) input=uint8 ... done (0.0s)
  [Model 1 Phase4 v3 INT8 (变体 B) optic]   37/650 (  5.7%) acc=100.00%  elapsed=1507s  ETA=24963s
    [osimulator] (1x4096x288) @ (288x32) input=uint8 ... done (19.0s)
    [osimulator] (1x1024x288) @ (288x64) input=uint8 ... done (4.3s)
    [osimulator] (1x1024x576) @ (576x64) input=uint8 ... done (6.8s)
    [osimulator] (1x256x576) @ (576x128) input=uint8 ... done (6.4s)
    [osimulator] (1x1x8192) @ (8192x256) input=uint8 ... done (3.7s)
    [osimulator] (1x1x256) @ (256x10) input=uint8 ... done (0.0s)
  [Model 1 Phase4 v3 INT8 (变体 B) optic]   38/650 (  5.8%) acc=100.00%  elapsed=1547s  ETA=24913s
    [osimulator] (1x4096x288) @ (288x32) input=uint8 ... done (19.1s)
    [osimulator] (1x1024x288) @ (288x64) input=uint8 ... done (4.2s)
    [osimulator] (1x1024x576) @ (576x64) input=uint8 ... done (11.5s)
    [osimulator] (1x256x576) @ (576x128) input=uint8 ... done (6.4s)
    [osimulator] (1x1x8192) @ (8192x256) input=uint8 ... done (3.5s)
    [osimulator] (1x1x256) @ (256x10) input=uint8 ... done (0.0s)
  [Model 1 Phase4 v3 INT8 (变体 B) optic]   39/650 (  6.0%) acc=100.00%  elapsed=1592s  ETA=24937s
    [osimulator] (1x4096x288) @ (288x32) input=uint8 ... done (19.1s)
    [osimulator] (1x1024x288) @ (288x64) input=uint8 ... done (4.3s)
    [osimulator] (1x1024x576) @ (576x64) input=uint8 ... done (6.7s)
    [osimulator] (1x256x576) @ (576x128) input=uint8 ... done (6.3s)
    [osimulator] (1x1x8192) @ (8192x256) input=uint8 ... done (3.6s)
    [osimulator] (1x1x256) @ (256x10) input=uint8 ... done (0.0s)
  [Model 1 Phase4 v3 INT8 (变体 B) optic]   40/650 (  6.2%) acc=100.00%  elapsed=1632s  ETA=24883s
    [osimulator] (1x4096x288) @ (288x32) input=uint8 ... done (18.7s)
    [osimulator] (1x1024x288) @ (288x64) input=uint8 ... done (4.3s)
    [osimulator] (1x1024x576) @ (576x64) input=uint8 ... done (6.3s)
    [osimulator] (1x256x576) @ (576x128) input=uint8 ... done (6.4s)
    [osimulator] (1x1x8192) @ (8192x256) input=uint8 ... done (3.5s)
    [osimulator] (1x1x256) @ (256x10) input=uint8 ... done (0.0s)
  [Model 1 Phase4 v3 INT8 (变体 B) optic]   41/650 (  6.3%) acc=100.00%  elapsed=1671s  ETA=24820s
    [osimulator] (1x4096x288) @ (288x32) input=uint8 ... done (19.2s)
    [osimulator] (1x1024x288) @ (288x64) input=uint8 ... done (4.3s)
    [osimulator] (1x1024x576) @ (576x64) input=uint8 ... done (8.4s)
    [osimulator] (1x256x576) @ (576x128) input=uint8 ... done (6.2s)
    [osimulator] (1x1x8192) @ (8192x256) input=uint8 ... done (3.4s)
    [osimulator] (1x1x256) @ (256x10) input=uint8 ... done (0.0s)
  [Model 1 Phase4 v3 INT8 (变体 B) optic]   42/650 (  6.5%) acc=100.00%  elapsed=1713s  ETA=24791s
    [osimulator] (1x4096x288) @ (288x32) input=uint8 ... done (19.3s)
    [osimulator] (1x1024x288) @ (288x64) input=uint8 ... done (4.2s)
    [osimulator] (1x1024x576) @ (576x64) input=uint8 ... done (8.9s)
    [osimulator] (1x256x576) @ (576x128) input=uint8 ... done (6.2s)
    [osimulator] (1x1x8192) @ (8192x256) input=uint8 ... done (3.5s)
    [osimulator] (1x1x256) @ (256x10) input=uint8 ... done (0.0s)
  [Model 1 Phase4 v3 INT8 (变体 B) optic]   43/650 (  6.6%) acc=100.00%  elapsed=1755s  ETA=24771s
    [osimulator] (1x4096x288) @ (288x32) input=uint8 ... done (18.9s)
    [osimulator] (1x1024x288) @ (288x64) input=uint8 ... done (4.2s)
    [osimulator] (1x1024x576) @ (576x64) input=uint8 ... done (7.2s)
    [osimulator] (1x256x576) @ (576x128) input=uint8 ... done (6.2s)
    [osimulator] (1x1x8192) @ (8192x256) input=uint8 ... done (3.5s)
    [osimulator] (1x1x256) @ (256x10) input=uint8 ... done (0.0s)
  [Model 1 Phase4 v3 INT8 (变体 B) optic]   44/650 (  6.8%) acc=100.00%  elapsed=1795s  ETA=24720s
    [osimulator] (1x4096x288) @ (288x32) input=uint8 ... done (18.9s)
    [osimulator] (1x1024x288) @ (288x64) input=uint8 ... done (4.2s)
    [osimulator] (1x1024x576) @ (576x64) input=uint8 ... done (6.3s)
    [osimulator] (1x256x576) @ (576x128) input=uint8 ... done (6.3s)
    [osimulator] (1x1x8192) @ (8192x256) input=uint8 ... done (3.6s)
    [osimulator] (1x1x256) @ (256x10) input=uint8 ... done (0.0s)
  [Model 1 Phase4 v3 INT8 (变体 B) optic]   45/650 (  6.9%) acc=100.00%  elapsed=1834s  ETA=24659s
    [osimulator] (1x4096x288) @ (288x32) input=uint8 ... done (18.8s)
    [osimulator] (1x1024x288) @ (288x64) input=uint8 ... done (4.3s)
    [osimulator] (1x1024x576) @ (576x64) input=uint8 ... done (6.3s)
    [osimulator] (1x256x576) @ (576x128) input=uint8 ... done (6.4s)
    [osimulator] (1x1x8192) @ (8192x256) input=uint8 ... done (3.5s)
    [osimulator] (1x1x256) @ (256x10) input=uint8 ... done (0.0s)
  [Model 1 Phase4 v3 INT8 (变体 B) optic]   46/650 (  7.1%) acc=100.00%  elapsed=1873s  ETA=24599s
    [osimulator] (1x4096x288) @ (288x32) input=uint8 ... done (18.9s)
    [osimulator] (1x1024x288) @ (288x64) input=uint8 ... done (4.3s)
    [osimulator] (1x1024x576) @ (576x64) input=uint8 ... done (6.2s)
    [osimulator] (1x256x576) @ (576x128) input=uint8 ... done (6.3s)
    [osimulator] (1x1x8192) @ (8192x256) input=uint8 ... done (3.6s)
    [osimulator] (1x1x256) @ (256x10) input=uint8 ... done (0.0s)
  [Model 1 Phase4 v3 INT8 (变体 B) optic]   47/650 (  7.2%) acc=100.00%  elapsed=1913s  ETA=24540s
    [osimulator] (1x4096x288) @ (288x32) input=uint8 ... done (18.7s)
    [osimulator] (1x1024x288) @ (288x64) input=uint8 ... done (4.2s)
    [osimulator] (1x1024x576) @ (576x64) input=uint8 ... done (11.8s)
    [osimulator] (1x256x576) @ (576x128) input=uint8 ... done (6.4s)
    [osimulator] (1x1x8192) @ (8192x256) input=uint8 ... done (3.4s)
    [osimulator] (1x1x256) @ (256x10) input=uint8 ... done (0.0s)
  [Model 1 Phase4 v3 INT8 (变体 B) optic]   48/650 (  7.4%) acc=100.00%  elapsed=1957s  ETA=24550s
    [osimulator] (1x4096x288) @ (288x32) input=uint8 ... done (19.1s)
    [osimulator] (1x1024x288) @ (288x64) input=uint8 ... done (4.3s)
    [osimulator] (1x1024x576) @ (576x64) input=uint8 ... done (12.1s)
    [osimulator] (1x256x576) @ (576x128) input=uint8 ... done (6.5s)
    [osimulator] (1x1x8192) @ (8192x256) input=uint8 ... done (3.6s)
    [osimulator] (1x1x256) @ (256x10) input=uint8 ... done (0.0s)
  [Model 1 Phase4 v3 INT8 (变体 B) optic]   49/650 (  7.5%) acc=100.00%  elapsed=2003s  ETA=24568s
    [osimulator] (1x4096x288) @ (288x32) input=uint8 ... done (18.7s)
    [osimulator] (1x1024x288) @ (288x64) input=uint8 ... done (4.3s)
    [osimulator] (1x1024x576) @ (576x64) input=uint8 ... done (6.6s)
    [osimulator] (1x256x576) @ (576x128) input=uint8 ... done (6.7s)
    [osimulator] (1x1x8192) @ (8192x256) input=uint8 ... done (3.5s)
    [osimulator] (1x1x256) @ (256x10) input=uint8 ... done (0.0s)
  [Model 1 Phase4 v3 INT8 (变体 B) optic]   50/650 (  7.7%) acc=100.00%  elapsed=2043s  ETA=24514s
    [osimulator] (1x4096x288) @ (288x32) input=uint8 ... done (19.0s)
    [osimulator] (1x1024x288) @ (288x64) input=uint8 ... done (4.4s)
    [osimulator] (1x1024x576) @ (576x64) input=uint8 ... done (6.3s)
    [osimulator] (1x256x576) @ (576x128) input=uint8 ... done (6.4s)
    [osimulator] (1x1x8192) @ (8192x256) input=uint8 ... done (3.6s)
    [osimulator] (1x1x256) @ (256x10) input=uint8 ... done (0.0s)
  [Model 1 Phase4 v3 INT8 (变体 B) optic]   51/650 (  7.8%) acc=100.00%  elapsed=2083s  ETA=24461s
    [osimulator] (1x4096x288) @ (288x32) input=uint8 ... done (18.7s)
    [osimulator] (1x1024x288) @ (288x64) input=uint8 ... done (4.3s)
    [osimulator] (1x1024x576) @ (576x64) input=uint8 ... done (6.3s)
    [osimulator] (1x256x576) @ (576x128) input=uint8 ... done (6.3s)
    [osimulator] (1x1x8192) @ (8192x256) input=uint8 ... done (3.5s)
    [osimulator] (1x1x256) @ (256x10) input=uint8 ... done (0.0s)
  [Model 1 Phase4 v3 INT8 (变体 B) optic]   52/650 (  8.0%) acc=100.00%  elapsed=2122s  ETA=24401s
    [osimulator] (1x4096x288) @ (288x32) input=uint8 ... done (18.4s)
    [osimulator] (1x1024x288) @ (288x64) input=uint8 ... done (4.2s)
    [osimulator] (1x1024x576) @ (576x64) input=uint8 ... done (8.1s)
    [osimulator] (1x256x576) @ (576x128) input=uint8 ... done (6.4s)
    [osimulator] (1x1x8192) @ (8192x256) input=uint8 ... done (3.5s)
    [osimulator] (1x1x256) @ (256x10) input=uint8 ... done (0.0s)
  [Model 1 Phase4 v3 INT8 (变体 B) optic]   53/650 (  8.2%) acc=100.00%  elapsed=2163s  ETA=24359s
    [osimulator] (1x4096x288) @ (288x32) input=uint8 ... done (18.7s)
    [osimulator] (1x1024x288) @ (288x64) input=uint8 ... done (4.3s)
    [osimulator] (1x1024x576) @ (576x64) input=uint8 ... done (11.7s)
    [osimulator] (1x256x576) @ (576x128) input=uint8 ... done (6.2s)
    [osimulator] (1x1x8192) @ (8192x256) input=uint8 ... done (3.6s)
    [osimulator] (1x1x256) @ (256x10) input=uint8 ... done (0.0s)
  [Model 1 Phase4 v3 INT8 (变体 B) optic]   54/650 (  8.3%) acc=100.00%  elapsed=2207s  ETA=24359s
    [osimulator] (1x4096x288) @ (288x32) input=uint8 ... done (18.8s)
    [osimulator] (1x1024x288) @ (288x64) input=uint8 ... done (4.2s)
    [osimulator] (1x1024x576) @ (576x64) input=uint8 ... done (6.1s)
    [osimulator] (1x256x576) @ (576x128) input=uint8 ... done (6.3s)
    [osimulator] (1x1x8192) @ (8192x256) input=uint8 ... done (3.7s)
    [osimulator] (1x1x256) @ (256x10) input=uint8 ... done (0.0s)
  [Model 1 Phase4 v3 INT8 (变体 B) optic]   55/650 (  8.5%) acc=100.00%  elapsed=2246s  ETA=24299s
    [osimulator] (1x4096x288) @ (288x32) input=uint8 ... done (18.7s)
    [osimulator] (1x1024x288) @ (288x64) input=uint8 ... done (4.3s)
    [osimulator] (1x1024x576) @ (576x64) input=uint8 ... done (9.0s)
    [osimulator] (1x256x576) @ (576x128) input=uint8 ... done (6.4s)
    [osimulator] (1x1x8192) @ (8192x256) input=uint8 ... done (3.7s)
    [osimulator] (1x1x256) @ (256x10) input=uint8 ... done (0.0s)
  [Model 1 Phase4 v3 INT8 (变体 B) optic]   56/650 (  8.6%) acc=100.00%  elapsed=2288s  ETA=24273s
    [osimulator] (1x4096x288) @ (288x32) input=uint8 ... done (18.3s)
    [osimulator] (1x1024x288) @ (288x64) input=uint8 ... done (4.3s)
    [osimulator] (1x1024x576) @ (576x64) input=uint8 ... done (6.3s)
    [osimulator] (1x256x576) @ (576x128) input=uint8 ... done (6.3s)
    [osimulator] (1x1x8192) @ (8192x256) input=uint8 ... done (3.6s)
    [osimulator] (1x1x256) @ (256x10) input=uint8 ... done (0.0s)
  [Model 1 Phase4 v3 INT8 (变体 B) optic]   57/650 (  8.8%) acc=100.00%  elapsed=2327s  ETA=24210s
    [osimulator] (1x4096x288) @ (288x32) input=uint8 ... done (18.4s)
    [osimulator] (1x1024x288) @ (288x64) input=uint8 ... done (4.2s)
    [osimulator] (1x1024x576) @ (576x64) input=uint8 ... done (6.4s)
    [osimulator] (1x256x576) @ (576x128) input=uint8 ... done (6.2s)
    [osimulator] (1x1x8192) @ (8192x256) input=uint8 ... done (3.7s)
    [osimulator] (1x1x256) @ (256x10) input=uint8 ... done (0.0s)
  [Model 1 Phase4 v3 INT8 (变体 B) optic]   58/650 (  8.9%) acc=100.00%  elapsed=2366s  ETA=24150s
    [osimulator] (1x4096x288) @ (288x32) input=uint8 ... done (18.3s)
    [osimulator] (1x1024x288) @ (288x64) input=uint8 ... done (4.2s)
    [osimulator] (1x1024x576) @ (576x64) input=uint8 ... done (6.3s)
    [osimulator] (1x256x576) @ (576x128) input=uint8 ... done (6.3s)
    [osimulator] (1x1x8192) @ (8192x256) input=uint8 ... done (3.5s)
    [osimulator] (1x1x256) @ (256x10) input=uint8 ... done (0.0s)
  [Model 1 Phase4 v3 INT8 (变体 B) optic]   59/650 (  9.1%) acc=100.00%  elapsed=2405s  ETA=24088s
    [osimulator] (1x4096x288) @ (288x32) input=uint8 ... done (18.1s)
    [osimulator] (1x1024x288) @ (288x64) input=uint8 ... done (4.2s)
    [osimulator] (1x1024x576) @ (576x64) input=uint8 ... done (6.2s)
    [osimulator] (1x256x576) @ (576x128) input=uint8 ... done (6.4s)
    [osimulator] (1x1x8192) @ (8192x256) input=uint8 ... done (3.7s)
    [osimulator] (1x1x256) @ (256x10) input=uint8 ... done (0.0s)
  [Model 1 Phase4 v3 INT8 (变体 B) optic]   60/650 (  9.2%) acc=100.00%  elapsed=2443s  ETA=24027s
    [osimulator] (1x4096x288) @ (288x32) input=uint8 ... done (18.3s)
    [osimulator] (1x1024x288) @ (288x64) input=uint8 ... done (4.2s)
    [osimulator] (1x1024x576) @ (576x64) input=uint8 ... done (6.3s)
    [osimulator] (1x256x576) @ (576x128) input=uint8 ... done (6.2s)
    [osimulator] (1x1x8192) @ (8192x256) input=uint8 ... done (3.5s)
    [osimulator] (1x1x256) @ (256x10) input=uint8 ... done (0.0s)
  [Model 1 Phase4 v3 INT8 (变体 B) optic]   61/650 (  9.4%) acc=100.00%  elapsed=2482s  ETA=23965s
    [osimulator] (1x4096x288) @ (288x32) input=uint8 ... done (18.2s)
    [osimulator] (1x1024x288) @ (288x64) input=uint8 ... done (4.2s)
    [osimulator] (1x1024x576) @ (576x64) input=uint8 ... done (6.3s)
    [osimulator] (1x256x576) @ (576x128) input=uint8 ... done (6.4s)
    [osimulator] (1x1x8192) @ (8192x256) input=uint8 ... done (3.7s)
    [osimulator] (1x1x256) @ (256x10) input=uint8 ... done (0.0s)
  [Model 1 Phase4 v3 INT8 (变体 B) optic]   62/650 (  9.5%) acc=100.00%  elapsed=2521s  ETA=23906s
    [osimulator] (1x4096x288) @ (288x32) input=uint8 ... done (18.3s)
    [osimulator] (1x1024x288) @ (288x64) input=uint8 ... done (4.3s)
    [osimulator] (1x1024x576) @ (576x64) input=uint8 ... done (6.5s)
    [osimulator] (1x256x576) @ (576x128) input=uint8 ... done (6.6s)
    [osimulator] (1x1x8192) @ (8192x256) input=uint8 ... done (3.6s)
    [osimulator] (1x1x256) @ (256x10) input=uint8 ... done (0.0s)
  [Model 1 Phase4 v3 INT8 (变体 B) optic]   63/650 (  9.7%) acc=100.00%  elapsed=2560s  ETA=23853s
    [osimulator] (1x4096x288) @ (288x32) input=uint8 ... done (18.4s)
    [osimulator] (1x1024x288) @ (288x64) input=uint8 ... done (4.2s)
    [osimulator] (1x1024x576) @ (576x64) input=uint8 ... done (6.4s)
    [osimulator] (1x256x576) @ (576x128) input=uint8 ... done (6.3s)
    [osimulator] (1x1x8192) @ (8192x256) input=uint8 ... done (3.7s)
    [osimulator] (1x1x256) @ (256x10) input=uint8 ... done (0.0s)
  [Model 1 Phase4 v3 INT8 (变体 B) optic]   64/650 (  9.8%) acc=100.00%  elapsed=2599s  ETA=23797s
    [osimulator] (1x4096x288) @ (288x32) input=uint8 ... done (18.3s)
    [osimulator] (1x1024x288) @ (288x64) input=uint8 ... done (4.3s)
    [osimulator] (1x1024x576) @ (576x64) input=uint8 ... done (11.1s)
    [osimulator] (1x256x576) @ (576x128) input=uint8 ... done (6.3s)
    [osimulator] (1x1x8192) @ (8192x256) input=uint8 ... done (3.6s)
    [osimulator] (1x1x256) @ (256x10) input=uint8 ... done (0.0s)
  [Model 1 Phase4 v3 INT8 (变体 B) optic]   65/650 ( 10.0%) acc=100.00%  elapsed=2643s  ETA=23783s
    [osimulator] (1x4096x288) @ (288x32) input=uint8 ... done (18.0s)
    [osimulator] (1x1024x288) @ (288x64) input=uint8 ... done (4.3s)
    [osimulator] (1x1024x576) @ (576x64) input=uint8 ... done (8.9s)
    [osimulator] (1x256x576) @ (576x128) input=uint8 ... done (6.3s)
    [osimulator] (1x1x8192) @ (8192x256) input=uint8 ... done (3.7s)
    [osimulator] (1x1x256) @ (256x10) input=uint8 ... done (0.0s)
  [Model 1 Phase4 v3 INT8 (变体 B) optic]   66/650 ( 10.2%) acc=100.00%  elapsed=2684s  ETA=23748s
    [osimulator] (1x4096x288) @ (288x32) input=uint8 ... done (18.2s)
    [osimulator] (1x1024x288) @ (288x64) input=uint8 ... done (4.2s)
    [osimulator] (1x1024x576) @ (576x64) input=uint8 ... done (10.6s)
    [osimulator] (1x256x576) @ (576x128) input=uint8 ... done (6.3s)
    [osimulator] (1x1x8192) @ (8192x256) input=uint8 ... done (3.6s)
    [osimulator] (1x1x256) @ (256x10) input=uint8 ... done (0.0s)
  [Model 1 Phase4 v3 INT8 (变体 B) optic]   67/650 ( 10.3%) acc=100.00%  elapsed=2727s  ETA=23727s
    [osimulator] (1x4096x288) @ (288x32) input=uint8 ... done (18.0s)
    [osimulator] (1x1024x288) @ (288x64) input=uint8 ... done (4.2s)
    [osimulator] (1x1024x576) @ (576x64) input=uint8 ... done (7.6s)
    [osimulator] (1x256x576) @ (576x128) input=uint8 ... done (6.3s)
    [osimulator] (1x1x8192) @ (8192x256) input=uint8 ... done (3.5s)
    [osimulator] (1x1x256) @ (256x10) input=uint8 ... done (0.0s)
  [Model 1 Phase4 v3 INT8 (变体 B) optic]   68/650 ( 10.5%) acc=100.00%  elapsed=2766s  ETA=23677s
    [osimulator] (1x4096x288) @ (288x32) input=uint8 ... done (18.0s)
    [osimulator] (1x1024x288) @ (288x64) input=uint8 ... done (4.2s)
    [osimulator] (1x1024x576) @ (576x64) input=uint8 ... done (6.3s)
    [osimulator] (1x256x576) @ (576x128) input=uint8 ... done (6.5s)
    [osimulator] (1x1x8192) @ (8192x256) input=uint8 ... done (3.6s)
    [osimulator] (1x1x256) @ (256x10) input=uint8 ... done (0.0s)
  [Model 1 Phase4 v3 INT8 (变体 B) optic]   69/650 ( 10.6%) acc=100.00%  elapsed=2805s  ETA=23620s
    [osimulator] (1x4096x288) @ (288x32) input=uint8 ... done (18.1s)
    [osimulator] (1x1024x288) @ (288x64) input=uint8 ... done (4.3s)
    [osimulator] (1x1024x576) @ (576x64) input=uint8 ... done (6.3s)
    [osimulator] (1x256x576) @ (576x128) input=uint8 ... done (6.4s)
    [osimulator] (1x1x8192) @ (8192x256) input=uint8 ... done (3.5s)
    [osimulator] (1x1x256) @ (256x10) input=uint8 ... done (0.0s)
  [Model 1 Phase4 v3 INT8 (变体 B) optic]   70/650 ( 10.8%) acc=100.00%  elapsed=2844s  ETA=23563s
    [osimulator] (1x4096x288) @ (288x32) input=uint8 ... done (18.0s)
    [osimulator] (1x1024x288) @ (288x64) input=uint8 ... done (4.3s)
    [osimulator] (1x1024x576) @ (576x64) input=uint8 ... done (6.3s)
    [osimulator] (1x256x576) @ (576x128) input=uint8 ... done (6.5s)
    [osimulator] (1x1x8192) @ (8192x256) input=uint8 ... done (3.7s)
    [osimulator] (1x1x256) @ (256x10) input=uint8 ... done (0.0s)
  [Model 1 Phase4 v3 INT8 (变体 B) optic]   71/650 ( 10.9%) acc=100.00%  elapsed=2883s  ETA=23508s
    [osimulator] (1x4096x288) @ (288x32) input=uint8 ... done (18.0s)
    [osimulator] (1x1024x288) @ (288x64) input=uint8 ... done (4.2s)
    [osimulator] (1x1024x576) @ (576x64) input=uint8 ... done (7.1s)
    [osimulator] (1x256x576) @ (576x128) input=uint8 ... done (6.6s)
    [osimulator] (1x1x8192) @ (8192x256) input=uint8 ... done (3.7s)
    [osimulator] (1x1x256) @ (256x10) input=uint8 ... done (0.0s)
  [Model 1 Phase4 v3 INT8 (变体 B) optic]   72/650 ( 11.1%) acc=100.00%  elapsed=2922s  ETA=23460s
    [osimulator] (1x4096x288) @ (288x32) input=uint8 ... done (18.0s)
    [osimulator] (1x1024x288) @ (288x64) input=uint8 ... done (4.2s)
    [osimulator] (1x1024x576) @ (576x64) input=uint8 ... done (6.3s)
    [osimulator] (1x256x576) @ (576x128) input=uint8 ... done (6.4s)
    [osimulator] (1x1x8192) @ (8192x256) input=uint8 ... done (3.7s)
    [osimulator] (1x1x256) @ (256x10) input=uint8 ... done (0.0s)
  [Model 1 Phase4 v3 INT8 (变体 B) optic]   73/650 ( 11.2%) acc=100.00%  elapsed=2961s  ETA=23405s
    [osimulator] (1x4096x288) @ (288x32) input=uint8 ... done (17.9s)
    [osimulator] (1x1024x288) @ (288x64) input=uint8 ... done (4.2s)
    [osimulator] (1x1024x576) @ (576x64) input=uint8 ... done (11.1s)
    [osimulator] (1x256x576) @ (576x128) input=uint8 ... done (6.4s)
    [osimulator] (1x1x8192) @ (8192x256) input=uint8 ... done (3.7s)
    [osimulator] (1x1x256) @ (256x10) input=uint8 ... done (0.0s)
  [Model 1 Phase4 v3 INT8 (变体 B) optic]   74/650 ( 11.4%) acc=100.00%  elapsed=3004s  ETA=23386s
    [osimulator] (1x4096x288) @ (288x32) input=uint8 ... done (18.0s)
    [osimulator] (1x1024x288) @ (288x64) input=uint8 ... done (4.3s)
    [osimulator] (1x1024x576) @ (576x64) input=uint8 ... done (8.9s)
    [osimulator] (1x256x576) @ (576x128) input=uint8 ... done (6.3s)
    [osimulator] (1x1x8192) @ (8192x256) input=uint8 ... done (3.5s)
    [osimulator] (1x1x256) @ (256x10) input=uint8 ... done (0.0s)
  [Model 1 Phase4 v3 INT8 (变体 B) optic]   75/650 ( 11.5%) acc=100.00%  elapsed=3045s  ETA=23349s
    [osimulator] (1x4096x288) @ (288x32) input=uint8 ... done (18.2s)
    [osimulator] (1x1024x288) @ (288x64) input=uint8 ... done (4.2s)
    [osimulator] (1x1024x576) @ (576x64) input=uint8 ... done (10.5s)
    [osimulator] (1x256x576) @ (576x128) input=uint8 ... done (6.3s)
    [osimulator] (1x1x8192) @ (8192x256) input=uint8 ... done (3.7s)
    [osimulator] (1x1x256) @ (256x10) input=uint8 ... done (0.0s)
  [Model 1 Phase4 v3 INT8 (变体 B) optic]   76/650 ( 11.7%) acc=100.00%  elapsed=3088s  ETA=23325s
    [osimulator] (1x4096x288) @ (288x32) input=uint8 ... done (18.0s)
    [osimulator] (1x1024x288) @ (288x64) input=uint8 ... done (4.2s)
    [osimulator] (1x1024x576) @ (576x64) input=uint8 ... done (6.2s)
    [osimulator] (1x256x576) @ (576x128) input=uint8 ... done (6.4s)
    [osimulator] (1x1x8192) @ (8192x256) input=uint8 ... done (3.7s)
    [osimulator] (1x1x256) @ (256x10) input=uint8 ... done (0.0s)
  [Model 1 Phase4 v3 INT8 (变体 B) optic]   77/650 ( 11.8%) acc=100.00%  elapsed=3127s  ETA=23269s
    [osimulator] (1x4096x288) @ (288x32) input=uint8 ... done (18.1s)
    [osimulator] (1x1024x288) @ (288x64) input=uint8 ... done (4.2s)
    [osimulator] (1x1024x576) @ (576x64) input=uint8 ... done (8.9s)
    [osimulator] (1x256x576) @ (576x128) input=uint8 ... done (6.4s)
    [osimulator] (1x1x8192) @ (8192x256) input=uint8 ... done (3.7s)
    [osimulator] (1x1x256) @ (256x10) input=uint8 ... done (0.0s)
  [Model 1 Phase4 v3 INT8 (变体 B) optic]   78/650 ( 12.0%) acc=100.00%  elapsed=3168s  ETA=23234s
    [osimulator] (1x4096x288) @ (288x32) input=uint8 ... done (18.0s)
    [osimulator] (1x1024x288) @ (288x64) input=uint8 ... done (4.2s)
    [osimulator] (1x1024x576) @ (576x64) input=uint8 ... done (7.7s)
    [osimulator] (1x256x576) @ (576x128) input=uint8 ... done (6.2s)
    [osimulator] (1x1x8192) @ (8192x256) input=uint8 ... done (3.6s)
    [osimulator] (1x1x256) @ (256x10) input=uint8 ... done (0.0s)
  [Model 1 Phase4 v3 INT8 (变体 B) optic]   79/650 ( 12.2%) acc=100.00%  elapsed=3208s  ETA=23188s
    [osimulator] (1x4096x288) @ (288x32) input=uint8 ... done (18.0s)
    [osimulator] (1x1024x288) @ (288x64) input=uint8 ... done (4.3s)
    [osimulator] (1x1024x576) @ (576x64) input=uint8 ... done (6.7s)
    [osimulator] (1x256x576) @ (576x128) input=uint8 ... done (6.3s)
    [osimulator] (1x1x8192) @ (8192x256) input=uint8 ... done (3.6s)
    [osimulator] (1x1x256) @ (256x10) input=uint8 ... done (0.0s)
  [Model 1 Phase4 v3 INT8 (变体 B) optic]   80/650 ( 12.3%) acc=100.00%  elapsed=3247s  ETA=23136s
    [osimulator] (1x4096x288) @ (288x32) input=uint8 ... done (18.0s)
    [osimulator] (1x1024x288) @ (288x64) input=uint8 ... done (4.2s)
    [osimulator] (1x1024x576) @ (576x64) input=uint8 ... done (6.4s)
    [osimulator] (1x256x576) @ (576x128) input=uint8 ... done (6.3s)
    [osimulator] (1x1x8192) @ (8192x256) input=uint8 ... done (3.6s)
    [osimulator] (1x1x256) @ (256x10) input=uint8 ... done (0.0s)
  [Model 1 Phase4 v3 INT8 (变体 B) optic]   81/650 ( 12.5%) acc=100.00%  elapsed=3286s  ETA=23081s
    [osimulator] (1x4096x288) @ (288x32) input=uint8 ... done (18.0s)
    [osimulator] (1x1024x288) @ (288x64) input=uint8 ... done (4.2s)
    [osimulator] (1x1024x576) @ (576x64) input=uint8 ... done (8.6s)
    [osimulator] (1x256x576) @ (576x128) input=uint8 ... done (6.4s)
    [osimulator] (1x1x8192) @ (8192x256) input=uint8 ... done (3.8s)
    [osimulator] (1x1x256) @ (256x10) input=uint8 ... done (0.0s)
  [Model 1 Phase4 v3 INT8 (变体 B) optic]   82/650 ( 12.6%) acc=100.00%  elapsed=3327s  ETA=23044s
    [osimulator] (1x4096x288) @ (288x32) input=uint8 ... done (18.0s)
    [osimulator] (1x1024x288) @ (288x64) input=uint8 ... done (4.2s)
    [osimulator] (1x1024x576) @ (576x64) input=uint8 ... done (6.4s)
    [osimulator] (1x256x576) @ (576x128) input=uint8 ... done (6.2s)
    [osimulator] (1x1x8192) @ (8192x256) input=uint8 ... done (3.7s)
    [osimulator] (1x1x256) @ (256x10) input=uint8 ... done (0.0s)
  [Model 1 Phase4 v3 INT8 (变体 B) optic]   83/650 ( 12.8%) acc=100.00%  elapsed=3365s  ETA=22990s
    [osimulator] (1x4096x288) @ (288x32) input=uint8 ... done (17.9s)
    [osimulator] (1x1024x288) @ (288x64) input=uint8 ... done (4.3s)
    [osimulator] (1x1024x576) @ (576x64) input=uint8 ... done (6.3s)
    [osimulator] (1x256x576) @ (576x128) input=uint8 ... done (6.5s)
    [osimulator] (1x1x8192) @ (8192x256) input=uint8 ... done (3.6s)
    [osimulator] (1x1x256) @ (256x10) input=uint8 ... done (0.0s)
  [Model 1 Phase4 v3 INT8 (变体 B) optic]   84/650 ( 12.9%) acc=100.00%  elapsed=3404s  ETA=22937s
    [osimulator] (1x4096x288) @ (288x32) input=uint8 ... done (18.1s)
    [osimulator] (1x1024x288) @ (288x64) input=uint8 ... done (4.2s)
    [osimulator] (1x1024x576) @ (576x64) input=uint8 ... done (6.3s)
    [osimulator] (1x256x576) @ (576x128) input=uint8 ... done (6.3s)
    [osimulator] (1x1x8192) @ (8192x256) input=uint8 ... done (3.6s)
    [osimulator] (1x1x256) @ (256x10) input=uint8 ... done (0.0s)
  [Model 1 Phase4 v3 INT8 (变体 B) optic]   85/650 ( 13.1%) acc=100.00%  elapsed=3443s  ETA=22883s
    [osimulator] (1x4096x288) @ (288x32) input=uint8 ... done (18.4s)
    [osimulator] (1x1024x288) @ (288x64) input=uint8 ... done (4.3s)
    [osimulator] (1x1024x576) @ (576x64) input=uint8 ... done (6.4s)
    [osimulator] (1x256x576) @ (576x128) input=uint8 ... done (6.4s)
    [osimulator] (1x1x8192) @ (8192x256) input=uint8 ... done (3.6s)
    [osimulator] (1x1x256) @ (256x10) input=uint8 ... done (0.0s)
  [Model 1 Phase4 v3 INT8 (变体 B) optic]   86/650 ( 13.2%) acc=100.00%  elapsed=3482s  ETA=22834s
    [osimulator] (1x4096x288) @ (288x32) input=uint8 ... done (18.1s)
    [osimulator] (1x1024x288) @ (288x64) input=uint8 ... done (4.3s)
    [osimulator] (1x1024x576) @ (576x64) input=uint8 ... done (6.3s)
    [osimulator] (1x256x576) @ (576x128) input=uint8 ... done (6.3s)
    [osimulator] (1x1x8192) @ (8192x256) input=uint8 ... done (3.7s)
    [osimulator] (1x1x256) @ (256x10) input=uint8 ... done (0.0s)
  [Model 1 Phase4 v3 INT8 (变体 B) optic]   87/650 ( 13.4%) acc=100.00%  elapsed=3521s  ETA=22782s
    [osimulator] (1x4096x288) @ (288x32) input=uint8 ... done (18.2s)
    [osimulator] (1x1024x288) @ (288x64) input=uint8 ... done (4.3s)
    [osimulator] (1x1024x576) @ (576x64) input=uint8 ... done (6.3s)
    [osimulator] (1x256x576) @ (576x128) input=uint8 ... done (6.6s)
    [osimulator] (1x1x8192) @ (8192x256) input=uint8 ... done (3.6s)
    [osimulator] (1x1x256) @ (256x10) input=uint8 ... done (0.0s)
  [Model 1 Phase4 v3 INT8 (变体 B) optic]   88/650 ( 13.5%) acc=100.00%  elapsed=3560s  ETA=22733s
    [osimulator] (1x4096x288) @ (288x32) input=uint8 ... done (18.0s)
    [osimulator] (1x1024x288) @ (288x64) input=uint8 ... done (4.2s)
    [osimulator] (1x1024x576) @ (576x64) input=uint8 ... done (8.9s)
    [osimulator] (1x256x576) @ (576x128) input=uint8 ... done (6.4s)
    [osimulator] (1x1x8192) @ (8192x256) input=uint8 ... done (3.8s)
    [osimulator] (1x1x256) @ (256x10) input=uint8 ... done (0.0s)
  [Model 1 Phase4 v3 INT8 (变体 B) optic]   89/650 ( 13.7%) acc=100.00%  elapsed=3601s  ETA=22698s
    [osimulator] (1x4096x288) @ (288x32) input=uint8 ... done (18.2s)
    [osimulator] (1x1024x288) @ (288x64) input=uint8 ... done (4.3s)
    [osimulator] (1x1024x576) @ (576x64) input=uint8 ... done (6.5s)
    [osimulator] (1x256x576) @ (576x128) input=uint8 ... done (6.5s)
    [osimulator] (1x1x8192) @ (8192x256) input=uint8 ... done (3.7s)
    [osimulator] (1x1x256) @ (256x10) input=uint8 ... done (0.0s)
  [Model 1 Phase4 v3 INT8 (变体 B) optic]   90/650 ( 13.8%) acc=100.00%  elapsed=3640s  ETA=22651s
    [osimulator] (1x4096x288) @ (288x32) input=uint8 ... done (18.0s)
    [osimulator] (1x1024x288) @ (288x64) input=uint8 ... done (4.3s)
    [osimulator] (1x1024x576) @ (576x64) input=uint8 ... done (6.5s)
    [osimulator] (1x256x576) @ (576x128) input=uint8 ... done (6.6s)
    [osimulator] (1x1x8192) @ (8192x256) input=uint8 ... done (3.6s)
    [osimulator] (1x1x256) @ (256x10) input=uint8 ... done (0.0s)
  [Model 1 Phase4 v3 INT8 (变体 B) optic]   91/650 ( 14.0%) acc=100.00%  elapsed=3679s  ETA=22602s
    [osimulator] (1x4096x288) @ (288x32) input=uint8 ... done (18.1s)
    [osimulator] (1x1024x288) @ (288x64) input=uint8 ... done (4.4s)
    [osimulator] (1x1024x576) @ (576x64) input=uint8 ... done (6.5s)
    [osimulator] (1x256x576) @ (576x128) input=uint8 ... done (6.6s)
    [osimulator] (1x1x8192) @ (8192x256) input=uint8 ... done (3.5s)
    [osimulator] (1x1x256) @ (256x10) input=uint8 ... done (0.0s)
  [Model 1 Phase4 v3 INT8 (变体 B) optic]   92/650 ( 14.2%) acc=100.00%  elapsed=3718s  ETA=22553s
    [osimulator] (1x4096x288) @ (288x32) input=uint8 ... done (18.1s)
    [osimulator] (1x1024x288) @ (288x64) input=uint8 ... done (4.4s)
    [osimulator] (1x1024x576) @ (576x64) input=uint8 ... done (6.5s)
    [osimulator] (1x256x576) @ (576x128) input=uint8 ... done (6.3s)
    [osimulator] (1x1x8192) @ (8192x256) input=uint8 ... done (3.6s)
    [osimulator] (1x1x256) @ (256x10) input=uint8 ... done (0.0s)
  [Model 1 Phase4 v3 INT8 (变体 B) optic]   93/650 ( 14.3%) acc=100.00%  elapsed=3757s  ETA=22503s
    [osimulator] (1x4096x288) @ (288x32) input=uint8 ... done (18.0s)
    [osimulator] (1x1024x288) @ (288x64) input=uint8 ... done (4.3s)
    [osimulator] (1x1024x576) @ (576x64) input=uint8 ... done (7.5s)
    [osimulator] (1x256x576) @ (576x128) input=uint8 ... done (6.7s)
    [osimulator] (1x1x8192) @ (8192x256) input=uint8 ... done (3.7s)
    [osimulator] (1x1x256) @ (256x10) input=uint8 ... done (0.0s)
  [Model 1 Phase4 v3 INT8 (变体 B) optic]   94/650 ( 14.5%) acc=100.00%  elapsed=3797s  ETA=22461s
    [osimulator] (1x4096x288) @ (288x32) input=uint8 ... done (18.0s)
    [osimulator] (1x1024x288) @ (288x64) input=uint8 ... done (4.3s)
    [osimulator] (1x1024x576) @ (576x64) input=uint8 ... done (10.9s)
    [osimulator] (1x256x576) @ (576x128) input=uint8 ... done (6.4s)
    [osimulator] (1x1x8192) @ (8192x256) input=uint8 ... done (3.7s)
    [osimulator] (1x1x256) @ (256x10) input=uint8 ... done (0.0s)
  [Model 1 Phase4 v3 INT8 (变体 B) optic]   95/650 ( 14.6%) acc=100.00%  elapsed=3841s  ETA=22438s
    [osimulator] (1x4096x288) @ (288x32) input=uint8 ... done (18.1s)
    [osimulator] (1x1024x288) @ (288x64) input=uint8 ... done (4.3s)
    [osimulator] (1x1024x576) @ (576x64) input=uint8 ... done (8.1s)
    [osimulator] (1x256x576) @ (576x128) input=uint8 ... done (6.4s)
    [osimulator] (1x1x8192) @ (8192x256) input=uint8 ... done (3.7s)
    [osimulator] (1x1x256) @ (256x10) input=uint8 ... done (0.0s)
  [Model 1 Phase4 v3 INT8 (变体 B) optic]   96/650 ( 14.8%) acc=100.00%  elapsed=3881s  ETA=22399s
    [osimulator] (1x4096x288) @ (288x32) input=uint8 ... done (18.0s)
    [osimulator] (1x1024x288) @ (288x64) input=uint8 ... done (4.3s)
    [osimulator] (1x1024x576) @ (576x64) input=uint8 ... done (10.5s)
    [osimulator] (1x256x576) @ (576x128) input=uint8 ... done (6.4s)
    [osimulator] (1x1x8192) @ (8192x256) input=uint8 ... done (3.6s)
    [osimulator] (1x1x256) @ (256x10) input=uint8 ... done (0.0s)
  [Model 1 Phase4 v3 INT8 (变体 B) optic]   97/650 ( 14.9%) acc=100.00%  elapsed=3924s  ETA=22372s
    [osimulator] (1x4096x288) @ (288x32) input=uint8 ... done (18.0s)
    [osimulator] (1x1024x288) @ (288x64) input=uint8 ... done (4.3s)
    [osimulator] (1x1024x576) @ (576x64) input=uint8 ... done (6.4s)
    [osimulator] (1x256x576) @ (576x128) input=uint8 ... done (6.4s)
    [osimulator] (1x1x8192) @ (8192x256) input=uint8 ... done (3.8s)
    [osimulator] (1x1x256) @ (256x10) input=uint8 ... done (0.0s)
  [Model 1 Phase4 v3 INT8 (变体 B) optic]   98/650 ( 15.1%) acc=100.00%  elapsed=3963s  ETA=22323s
    [osimulator] (1x4096x288) @ (288x32) input=uint8 ... done (18.0s)
    [osimulator] (1x1024x288) @ (288x64) input=uint8 ... done (4.3s)
    [osimulator] (1x1024x576) @ (576x64) input=uint8 ... done (9.0s)
    [osimulator] (1x256x576) @ (576x128) input=uint8 ... done (6.5s)
    [osimulator] (1x1x8192) @ (8192x256) input=uint8 ... done (3.7s)
    [osimulator] (1x1x256) @ (256x10) input=uint8 ... done (0.0s)
  [Model 1 Phase4 v3 INT8 (变体 B) optic]   99/650 ( 15.2%) acc=100.00%  elapsed=4005s  ETA=22289s
    [osimulator] (1x4096x288) @ (288x32) input=uint8 ... done (18.0s)
    [osimulator] (1x1024x288) @ (288x64) input=uint8 ... done (4.3s)
    [osimulator] (1x1024x576) @ (576x64) input=uint8 ... done (6.4s)
    [osimulator] (1x256x576) @ (576x128) input=uint8 ... done (6.4s)
    [osimulator] (1x1x8192) @ (8192x256) input=uint8 ... done (3.7s)
    [osimulator] (1x1x256) @ (256x10) input=uint8 ... done (0.0s)
  [Model 1 Phase4 v3 INT8 (变体 B) optic]  100/650 ( 15.4%) acc=100.00%  elapsed=4044s  ETA=22239s
    [osimulator] (1x4096x288) @ (288x32) input=uint8 ... done (17.9s)
    [osimulator] (1x1024x288) @ (288x64) input=uint8 ... done (4.3s)
    [osimulator] (1x1024x576) @ (576x64) input=uint8 ... done (6.5s)
    [osimulator] (1x256x576) @ (576x128) input=uint8 ... done (6.3s)
    [osimulator] (1x1x8192) @ (8192x256) input=uint8 ... done (3.7s)
    [osimulator] (1x1x256) @ (256x10) input=uint8 ... done (0.0s)
  [Model 1 Phase4 v3 INT8 (变体 B) optic]  101/650 ( 15.5%) acc=100.00%  elapsed=4082s  ETA=22190s
    [osimulator] (1x4096x288) @ (288x32) input=uint8 ... done (17.9s)
    [osimulator] (1x1024x288) @ (288x64) input=uint8 ... done (4.3s)
    [osimulator] (1x1024x576) @ (576x64) input=uint8 ... done (9.1s)
    [osimulator] (1x256x576) @ (576x128) input=uint8 ... done (6.4s)
    [osimulator] (1x1x8192) @ (8192x256) input=uint8 ... done (3.7s)
    [osimulator] (1x1x256) @ (256x10) input=uint8 ... done (0.0s)
  [Model 1 Phase4 v3 INT8 (变体 B) optic]  102/650 ( 15.7%) acc=100.00%  elapsed=4124s  ETA=22155s
    [osimulator] (1x4096x288) @ (288x32) input=uint8 ... done (18.0s)
    [osimulator] (1x1024x288) @ (288x64) input=uint8 ... done (4.3s)
    [osimulator] (1x1024x576) @ (576x64) input=uint8 ... done (6.5s)
    [osimulator] (1x256x576) @ (576x128) input=uint8 ... done (6.4s)
    [osimulator] (1x1x8192) @ (8192x256) input=uint8 ... done (3.6s)
    [osimulator] (1x1x256) @ (256x10) input=uint8 ... done (0.0s)
  [Model 1 Phase4 v3 INT8 (变体 B) optic]  103/650 ( 15.8%) acc=100.00%  elapsed=4163s  ETA=22107s
    [osimulator] (1x4096x288) @ (288x32) input=uint8 ... done (17.9s)
    [osimulator] (1x1024x288) @ (288x64) input=uint8 ... done (4.3s)
    [osimulator] (1x1024x576) @ (576x64) input=uint8 ... done (11.6s)
    [osimulator] (1x256x576) @ (576x128) input=uint8 ... done (6.3s)
    [osimulator] (1x1x8192) @ (8192x256) input=uint8 ... done (3.6s)
    [osimulator] (1x1x256) @ (256x10) input=uint8 ... done (0.0s)
  [Model 1 Phase4 v3 INT8 (变体 B) optic]  104/650 ( 16.0%) acc=100.00%  elapsed=4206s  ETA=22084s
    [osimulator] (1x4096x288) @ (288x32) input=uint8 ... done (18.1s)
    [osimulator] (1x1024x288) @ (288x64) input=uint8 ... done (4.3s)
    [osimulator] (1x1024x576) @ (576x64) input=uint8 ... done (6.4s)
    [osimulator] (1x256x576) @ (576x128) input=uint8 ... done (6.4s)
    [osimulator] (1x1x8192) @ (8192x256) input=uint8 ... done (3.8s)
    [osimulator] (1x1x256) @ (256x10) input=uint8 ... done (0.0s)
  [Model 1 Phase4 v3 INT8 (变体 B) optic]  105/650 ( 16.2%) acc=100.00%  elapsed=4245s  ETA=22036s
    [osimulator] (1x4096x288) @ (288x32) input=uint8 ... done (17.9s)
    [osimulator] (1x1024x288) @ (288x64) input=uint8 ... done (4.3s)
    [osimulator] (1x1024x576) @ (576x64) input=uint8 ... done (7.3s)
    [osimulator] (1x256x576) @ (576x128) input=uint8 ... done (6.5s)
    [osimulator] (1x1x8192) @ (8192x256) input=uint8 ... done (3.7s)
    [osimulator] (1x1x256) @ (256x10) input=uint8 ... done (0.0s)
  [Model 1 Phase4 v3 INT8 (变体 B) optic]  106/650 ( 16.3%) acc=100.00%  elapsed=4285s  ETA=21992s
    [osimulator] (1x4096x288) @ (288x32) input=uint8 ... done (18.0s)
    [osimulator] (1x1024x288) @ (288x64) input=uint8 ... done (4.3s)
    [osimulator] (1x1024x576) @ (576x64) input=uint8 ... done (6.4s)
    [osimulator] (1x256x576) @ (576x128) input=uint8 ... done (6.4s)
    [osimulator] (1x1x8192) @ (8192x256) input=uint8 ... done (3.7s)
    [osimulator] (1x1x256) @ (256x10) input=uint8 ... done (0.0s)
  [Model 1 Phase4 v3 INT8 (变体 B) optic]  107/650 ( 16.5%) acc=100.00%  elapsed=4324s  ETA=21944s
    [osimulator] (1x4096x288) @ (288x32) input=uint8 ... done (18.2s)
    [osimulator] (1x1024x288) @ (288x64) input=uint8 ... done (4.3s)
    [osimulator] (1x1024x576) @ (576x64) input=uint8 ... done (9.0s)
    [osimulator] (1x256x576) @ (576x128) input=uint8 ... done (6.6s)
    [osimulator] (1x1x8192) @ (8192x256) input=uint8 ... done (3.6s)
    [osimulator] (1x1x256) @ (256x10) input=uint8 ... done (0.0s)
  [Model 1 Phase4 v3 INT8 (变体 B) optic]  108/650 ( 16.6%) acc=100.00%  elapsed=4366s  ETA=21911s
    [osimulator] (1x4096x288) @ (288x32) input=uint8 ... done (18.0s)
    [osimulator] (1x1024x288) @ (288x64) input=uint8 ... done (4.5s)
    [osimulator] (1x1024x576) @ (576x64) input=uint8 ... done (11.7s)
    [osimulator] (1x256x576) @ (576x128) input=uint8 ... done (6.4s)
    [osimulator] (1x1x8192) @ (8192x256) input=uint8 ... done (3.7s)
    [osimulator] (1x1x256) @ (256x10) input=uint8 ... done (0.0s)
  [Model 1 Phase4 v3 INT8 (变体 B) optic]  109/650 ( 16.8%) acc=100.00%  elapsed=4410s  ETA=21890s
    [osimulator] (1x4096x288) @ (288x32) input=uint8 ... done (17.7s)
    [osimulator] (1x1024x288) @ (288x64) input=uint8 ... done (4.2s)
    [osimulator] (1x1024x576) @ (576x64) input=uint8 ... done (6.3s)
    [osimulator] (1x256x576) @ (576x128) input=uint8 ... done (6.4s)
    [osimulator] (1x1x8192) @ (8192x256) input=uint8 ... done (3.7s)
    [osimulator] (1x1x256) @ (256x10) input=uint8 ... done (0.0s)
  [Model 1 Phase4 v3 INT8 (变体 B) optic]  110/650 ( 16.9%) acc=100.00%  elapsed=4449s  ETA=21838s
    [osimulator] (1x4096x288) @ (288x32) input=uint8 ... done (17.8s)
    [osimulator] (1x1024x288) @ (288x64) input=uint8 ... done (4.2s)
    [osimulator] (1x1024x576) @ (576x64) input=uint8 ... done (8.7s)
    [osimulator] (1x256x576) @ (576x128) input=uint8 ... done (6.4s)
    [osimulator] (1x1x8192) @ (8192x256) input=uint8 ... done (3.8s)
    [osimulator] (1x1x256) @ (256x10) input=uint8 ... done (0.0s)
  [Model 1 Phase4 v3 INT8 (变体 B) optic]  111/650 ( 17.1%) acc=100.00%  elapsed=4490s  ETA=21801s
    [osimulator] (1x4096x288) @ (288x32) input=uint8 ... done (17.8s)
    [osimulator] (1x1024x288) @ (288x64) input=uint8 ... done (4.3s)
    [osimulator] (1x1024x576) @ (576x64) input=uint8 ... done (9.0s)
    [osimulator] (1x256x576) @ (576x128) input=uint8 ... done (6.2s)
    [osimulator] (1x1x8192) @ (8192x256) input=uint8 ... done (3.6s)
    [osimulator] (1x1x256) @ (256x10) input=uint8 ... done (0.0s)
  [Model 1 Phase4 v3 INT8 (变体 B) optic]  112/650 ( 17.2%) acc=100.00%  elapsed=4530s  ETA=21762s
    [osimulator] (1x4096x288) @ (288x32) input=uint8 ... done (17.8s)
    [osimulator] (1x1024x288) @ (288x64) input=uint8 ... done (5.1s)
    [osimulator] (1x1024x576) @ (576x64) input=uint8 ... done (11.7s)
    [osimulator] (1x256x576) @ (576x128) input=uint8 ... done (6.4s)
    [osimulator] (1x1x8192) @ (8192x256) input=uint8 ... done (3.7s)
    [osimulator] (1x1x256) @ (256x10) input=uint8 ... done (0.0s)
  [Model 1 Phase4 v3 INT8 (变体 B) optic]  113/650 ( 17.4%) acc=100.00%  elapsed=4575s  ETA=21742s
    [osimulator] (1x4096x288) @ (288x32) input=uint8 ... done (17.8s)
    [osimulator] (1x1024x288) @ (288x64) input=uint8 ... done (4.3s)
    [osimulator] (1x1024x576) @ (576x64) input=uint8 ... done (6.3s)
    [osimulator] (1x256x576) @ (576x128) input=uint8 ... done (6.5s)
    [osimulator] (1x1x8192) @ (8192x256) input=uint8 ... done (3.5s)
    [osimulator] (1x1x256) @ (256x10) input=uint8 ... done (0.0s)
  [Model 1 Phase4 v3 INT8 (变体 B) optic]  114/650 ( 17.5%) acc=100.00%  elapsed=4613s  ETA=21691s
    [osimulator] (1x4096x288) @ (288x32) input=uint8 ... done (17.7s)
    [osimulator] (1x1024x288) @ (288x64) input=uint8 ... done (4.3s)
    [osimulator] (1x1024x576) @ (576x64) input=uint8 ... done (11.6s)
    [osimulator] (1x256x576) @ (576x128) input=uint8 ... done (6.3s)
    [osimulator] (1x1x8192) @ (8192x256) input=uint8 ... done (3.6s)
    [osimulator] (1x1x256) @ (256x10) input=uint8 ... done (0.0s)
  [Model 1 Phase4 v3 INT8 (变体 B) optic]  115/650 ( 17.7%) acc=100.00%  elapsed=4657s  ETA=21665s
    [osimulator] (1x4096x288) @ (288x32) input=uint8 ... done (17.6s)
    [osimulator] (1x1024x288) @ (288x64) input=uint8 ... done (4.2s)
    [osimulator] (1x1024x576) @ (576x64) input=uint8 ... done (8.7s)
    [osimulator] (1x256x576) @ (576x128) input=uint8 ... done (6.3s)
    [osimulator] (1x1x8192) @ (8192x256) input=uint8 ... done (3.6s)
    [osimulator] (1x1x256) @ (256x10) input=uint8 ... done (0.0s)
  [Model 1 Phase4 v3 INT8 (变体 B) optic]  116/650 ( 17.8%) acc=100.00%  elapsed=4697s  ETA=21624s
    [osimulator] (1x4096x288) @ (288x32) input=uint8 ... done (17.7s)
    [osimulator] (1x1024x288) @ (288x64) input=uint8 ... done (4.3s)
    [osimulator] (1x1024x576) @ (576x64) input=uint8 ... done (6.3s)
    [osimulator] (1x256x576) @ (576x128) input=uint8 ... done (6.3s)
    [osimulator] (1x1x8192) @ (8192x256) input=uint8 ... done (3.7s)
    [osimulator] (1x1x256) @ (256x10) input=uint8 ... done (0.0s)
  [Model 1 Phase4 v3 INT8 (变体 B) optic]  117/650 ( 18.0%) acc=100.00%  elapsed=4736s  ETA=21574s
    [osimulator] (1x4096x288) @ (288x32) input=uint8 ... done (18.4s)
    [osimulator] (1x1024x288) @ (288x64) input=uint8 ... done (4.3s)
    [osimulator] (1x1024x576) @ (576x64) input=uint8 ... done (6.4s)
    [osimulator] (1x256x576) @ (576x128) input=uint8 ... done (6.3s)
    [osimulator] (1x1x8192) @ (8192x256) input=uint8 ... done (3.5s)
    [osimulator] (1x1x256) @ (256x10) input=uint8 ... done (0.0s)
  [Model 1 Phase4 v3 INT8 (变体 B) optic]  118/650 ( 18.2%) acc=100.00%  elapsed=4775s  ETA=21526s
    [osimulator] (1x4096x288) @ (288x32) input=uint8 ... done (18.6s)
    [osimulator] (1x1024x288) @ (288x64) input=uint8 ... done (4.3s)
    [osimulator] (1x1024x576) @ (576x64) input=uint8 ... done (6.4s)
    [osimulator] (1x256x576) @ (576x128) input=uint8 ... done (6.3s)
    [osimulator] (1x1x8192) @ (8192x256) input=uint8 ... done (3.7s)
    [osimulator] (1x1x256) @ (256x10) input=uint8 ... done (0.0s)
  [Model 1 Phase4 v3 INT8 (变体 B) optic]  119/650 ( 18.3%) acc=100.00%  elapsed=4814s  ETA=21480s
    [osimulator] (1x4096x288) @ (288x32) input=uint8 ... done (18.5s)
    [osimulator] (1x1024x288) @ (288x64) input=uint8 ... done (4.3s)
    [osimulator] (1x1024x576) @ (576x64) input=uint8 ... done (6.4s)
    [osimulator] (1x256x576) @ (576x128) input=uint8 ... done (6.5s)
    [osimulator] (1x1x8192) @ (8192x256) input=uint8 ... done (3.7s)
    [osimulator] (1x1x256) @ (256x10) input=uint8 ... done (0.0s)
  [Model 1 Phase4 v3 INT8 (变体 B) optic]  120/650 ( 18.5%) acc=100.00%  elapsed=4853s  ETA=21436s
    [osimulator] (1x4096x288) @ (288x32) input=uint8 ... done (18.6s)
    [osimulator] (1x1024x288) @ (288x64) input=uint8 ... done (4.3s)
    [osimulator] (1x1024x576) @ (576x64) input=uint8 ... done (6.4s)
    [osimulator] (1x256x576) @ (576x128) input=uint8 ... done (6.4s)
    [osimulator] (1x1x8192) @ (8192x256) input=uint8 ... done (3.7s)
    [osimulator] (1x1x256) @ (256x10) input=uint8 ... done (0.0s)
  [Model 1 Phase4 v3 INT8 (变体 B) optic]  121/650 ( 18.6%) acc=100.00%  elapsed=4893s  ETA=21390s
    [osimulator] (1x4096x288) @ (288x32) input=uint8 ... done (18.4s)
    [osimulator] (1x1024x288) @ (288x64) input=uint8 ... done (4.3s)
    [osimulator] (1x1024x576) @ (576x64) input=uint8 ... done (6.3s)
    [osimulator] (1x256x576) @ (576x128) input=uint8 ... done (6.4s)
    [osimulator] (1x1x8192) @ (8192x256) input=uint8 ... done (3.7s)
    [osimulator] (1x1x256) @ (256x10) input=uint8 ... done (0.0s)
  [Model 1 Phase4 v3 INT8 (变体 B) optic]  122/650 ( 18.8%) acc=100.00%  elapsed=4932s  ETA=21344s
    [osimulator] (1x4096x288) @ (288x32) input=uint8 ... done (18.9s)
    [osimulator] (1x1024x288) @ (288x64) input=uint8 ... done (4.3s)
    [osimulator] (1x1024x576) @ (576x64) input=uint8 ... done (6.4s)
    [osimulator] (1x256x576) @ (576x128) input=uint8 ... done (6.4s)
    [osimulator] (1x1x8192) @ (8192x256) input=uint8 ... done (3.8s)
    [osimulator] (1x1x256) @ (256x10) input=uint8 ... done (0.0s)
  [Model 1 Phase4 v3 INT8 (变体 B) optic]  123/650 ( 18.9%) acc=100.00%  elapsed=4972s  ETA=21301s
    [osimulator] (1x4096x288) @ (288x32) input=uint8 ... done (18.6s)
    [osimulator] (1x1024x288) @ (288x64) input=uint8 ... done (4.3s)
    [osimulator] (1x1024x576) @ (576x64) input=uint8 ... done (6.4s)
    [osimulator] (1x256x576) @ (576x128) input=uint8 ... done (6.4s)
    [osimulator] (1x1x8192) @ (8192x256) input=uint8 ... done (3.9s)
    [osimulator] (1x1x256) @ (256x10) input=uint8 ... done (0.0s)
  [Model 1 Phase4 v3 INT8 (变体 B) optic]  124/650 ( 19.1%) acc=100.00%  elapsed=5011s  ETA=21257s
    [osimulator] (1x4096x288) @ (288x32) input=uint8 ... done (18.7s)
    [osimulator] (1x1024x288) @ (288x64) input=uint8 ... done (4.3s)
    [osimulator] (1x1024x576) @ (576x64) input=uint8 ... done (7.1s)
    [osimulator] (1x256x576) @ (576x128) input=uint8 ... done (6.4s)
    [osimulator] (1x1x8192) @ (8192x256) input=uint8 ... done (3.7s)
    [osimulator] (1x1x256) @ (256x10) input=uint8 ... done (0.0s)
  [Model 1 Phase4 v3 INT8 (变体 B) optic]  125/650 ( 19.2%) acc=100.00%  elapsed=5051s  ETA=21216s
    [osimulator] (1x4096x288) @ (288x32) input=uint8 ... done (18.7s)
    [osimulator] (1x1024x288) @ (288x64) input=uint8 ... done (4.3s)
    [osimulator] (1x1024x576) @ (576x64) input=uint8 ... done (6.4s)
    [osimulator] (1x256x576) @ (576x128) input=uint8 ... done (6.5s)
    [osimulator] (1x1x8192) @ (8192x256) input=uint8 ... done (3.6s)
    [osimulator] (1x1x256) @ (256x10) input=uint8 ... done (0.0s)
  [Model 1 Phase4 v3 INT8 (变体 B) optic]  126/650 ( 19.4%) acc=100.00%  elapsed=5091s  ETA=21172s
    [osimulator] (1x4096x288) @ (288x32) input=uint8 ... done (18.4s)
    [osimulator] (1x1024x288) @ (288x64) input=uint8 ... done (4.3s)
    [osimulator] (1x1024x576) @ (576x64) input=uint8 ... done (6.4s)
    [osimulator] (1x256x576) @ (576x128) input=uint8 ... done (6.4s)
    [osimulator] (1x1x8192) @ (8192x256) input=uint8 ... done (3.7s)
    [osimulator] (1x1x256) @ (256x10) input=uint8 ... done (0.0s)
  [Model 1 Phase4 v3 INT8 (变体 B) optic]  127/650 ( 19.5%) acc=99.21%  elapsed=5130s  ETA=21127s
    [osimulator] (1x4096x288) @ (288x32) input=uint8 ... done (18.7s)
    [osimulator] (1x1024x288) @ (288x64) input=uint8 ... done (4.3s)
    [osimulator] (1x1024x576) @ (576x64) input=uint8 ... done (6.3s)
    [osimulator] (1x256x576) @ (576x128) input=uint8 ... done (6.4s)
    [osimulator] (1x1x8192) @ (8192x256) input=uint8 ... done (3.6s)
    [osimulator] (1x1x256) @ (256x10) input=uint8 ... done (0.0s)
  [Model 1 Phase4 v3 INT8 (变体 B) optic]  128/650 ( 19.7%) acc=99.22%  elapsed=5170s  ETA=21083s
    [osimulator] (1x4096x288) @ (288x32) input=uint8 ... done (18.8s)
    [osimulator] (1x1024x288) @ (288x64) input=uint8 ... done (4.3s)
    [osimulator] (1x1024x576) @ (576x64) input=uint8 ... done (9.2s)
    [osimulator] (1x256x576) @ (576x128) input=uint8 ... done (6.5s)
    [osimulator] (1x1x8192) @ (8192x256) input=uint8 ... done (3.8s)
    [osimulator] (1x1x256) @ (256x10) input=uint8 ... done (0.0s)
  [Model 1 Phase4 v3 INT8 (变体 B) optic]  129/650 ( 19.8%) acc=99.22%  elapsed=5212s  ETA=21052s
    [osimulator] (1x4096x288) @ (288x32) input=uint8 ... done (18.6s)
    [osimulator] (1x1024x288) @ (288x64) input=uint8 ... done (4.3s)
    [osimulator] (1x1024x576) @ (576x64) input=uint8 ... done (9.1s)
    [osimulator] (1x256x576) @ (576x128) input=uint8 ... done (6.4s)
    [osimulator] (1x1x8192) @ (8192x256) input=uint8 ... done (3.8s)
    [osimulator] (1x1x256) @ (256x10) input=uint8 ... done (0.0s)
  [Model 1 Phase4 v3 INT8 (变体 B) optic]  130/650 ( 20.0%) acc=99.23%  elapsed=5255s  ETA=21018s
    [osimulator] (1x4096x288) @ (288x32) input=uint8 ... done (18.7s)
    [osimulator] (1x1024x288) @ (288x64) input=uint8 ... done (4.3s)
    [osimulator] (1x1024x576) @ (576x64) input=uint8 ... done (8.2s)
    [osimulator] (1x256x576) @ (576x128) input=uint8 ... done (6.3s)
    [osimulator] (1x1x8192) @ (8192x256) input=uint8 ... done (3.7s)
    [osimulator] (1x1x256) @ (256x10) input=uint8 ... done (0.0s)
  [Model 1 Phase4 v3 INT8 (变体 B) optic]  131/650 ( 20.2%) acc=99.24%  elapsed=5296s  ETA=20981s
    [osimulator] (1x4096x288) @ (288x32) input=uint8 ... done (18.6s)
    [osimulator] (1x1024x288) @ (288x64) input=uint8 ... done (4.3s)
    [osimulator] (1x1024x576) @ (576x64) input=uint8 ... done (7.4s)
    [osimulator] (1x256x576) @ (576x128) input=uint8 ... done (6.5s)
    [osimulator] (1x1x8192) @ (8192x256) input=uint8 ... done (3.8s)
    [osimulator] (1x1x256) @ (256x10) input=uint8 ... done (0.0s)
  [Model 1 Phase4 v3 INT8 (变体 B) optic]  132/650 ( 20.3%) acc=99.24%  elapsed=5337s  ETA=20942s
    [osimulator] (1x4096x288) @ (288x32) input=uint8 ... done (18.6s)
    [osimulator] (1x1024x288) @ (288x64) input=uint8 ... done (4.3s)
    [osimulator] (1x1024x576) @ (576x64) input=uint8 ... done (11.1s)
    [osimulator] (1x256x576) @ (576x128) input=uint8 ... done (6.5s)
    [osimulator] (1x1x8192) @ (8192x256) input=uint8 ... done (3.7s)
    [osimulator] (1x1x256) @ (256x10) input=uint8 ... done (0.0s)
  [Model 1 Phase4 v3 INT8 (变体 B) optic]  133/650 ( 20.5%) acc=99.25%  elapsed=5381s  ETA=20916s
    [osimulator] (1x4096x288) @ (288x32) input=uint8 ... done (18.6s)
    [osimulator] (1x1024x288) @ (288x64) input=uint8 ... done (4.4s)
    [osimulator] (1x1024x576) @ (576x64) input=uint8 ... done (6.4s)
    [osimulator] (1x256x576) @ (576x128) input=uint8 ... done (6.5s)
    [osimulator] (1x1x8192) @ (8192x256) input=uint8 ... done (3.6s)
    [osimulator] (1x1x256) @ (256x10) input=uint8 ... done (0.0s)
  [Model 1 Phase4 v3 INT8 (变体 B) optic]  134/650 ( 20.6%) acc=99.25%  elapsed=5420s  ETA=20873s
    [osimulator] (1x4096x288) @ (288x32) input=uint8 ... done (18.6s)
    [osimulator] (1x1024x288) @ (288x64) input=uint8 ... done (4.4s)
    [osimulator] (1x1024x576) @ (576x64) input=uint8 ... done (6.4s)
    [osimulator] (1x256x576) @ (576x128) input=uint8 ... done (6.5s)
    [osimulator] (1x1x8192) @ (8192x256) input=uint8 ... done (3.8s)
    [osimulator] (1x1x256) @ (256x10) input=uint8 ... done (0.0s)
  [Model 1 Phase4 v3 INT8 (变体 B) optic]  135/650 ( 20.8%) acc=99.26%  elapsed=5460s  ETA=20830s
    [osimulator] (1x4096x288) @ (288x32) input=uint8 ... done (18.7s)
    [osimulator] (1x1024x288) @ (288x64) input=uint8 ... done (4.3s)
    [osimulator] (1x1024x576) @ (576x64) input=uint8 ... done (6.3s)
    [osimulator] (1x256x576) @ (576x128) input=uint8 ... done (6.5s)
    [osimulator] (1x1x8192) @ (8192x256) input=uint8 ... done (3.8s)
    [osimulator] (1x1x256) @ (256x10) input=uint8 ... done (0.0s)
  [Model 1 Phase4 v3 INT8 (变体 B) optic]  136/650 ( 20.9%) acc=98.53%  elapsed=5500s  ETA=20786s
    [osimulator] (1x4096x288) @ (288x32) input=uint8 ... done (18.6s)
    [osimulator] (1x1024x288) @ (288x64) input=uint8 ... done (4.3s)
    [osimulator] (1x1024x576) @ (576x64) input=uint8 ... done (9.1s)
    [osimulator] (1x256x576) @ (576x128) input=uint8 ... done (6.5s)
    [osimulator] (1x1x8192) @ (8192x256) input=uint8 ... done (3.7s)
    [osimulator] (1x1x256) @ (256x10) input=uint8 ... done (0.0s)
  [Model 1 Phase4 v3 INT8 (变体 B) optic]  137/650 ( 21.1%) acc=98.54%  elapsed=5542s  ETA=20752s
    [osimulator] (1x4096x288) @ (288x32) input=uint8 ... done (18.7s)
    [osimulator] (1x1024x288) @ (288x64) input=uint8 ... done (4.3s)
    [osimulator] (1x1024x576) @ (576x64) input=uint8 ... done (7.2s)
    [osimulator] (1x256x576) @ (576x128) input=uint8 ... done (6.4s)
    [osimulator] (1x1x8192) @ (8192x256) input=uint8 ... done (3.5s)
    [osimulator] (1x1x256) @ (256x10) input=uint8 ... done (0.0s)
  [Model 1 Phase4 v3 INT8 (变体 B) optic]  138/650 ( 21.2%) acc=98.55%  elapsed=5582s  ETA=20711s
    [osimulator] (1x4096x288) @ (288x32) input=uint8 ... done (18.7s)
    [osimulator] (1x1024x288) @ (288x64) input=uint8 ... done (4.3s)
    [osimulator] (1x1024x576) @ (576x64) input=uint8 ... done (6.4s)
    [osimulator] (1x256x576) @ (576x128) input=uint8 ... done (6.5s)
    [osimulator] (1x1x8192) @ (8192x256) input=uint8 ... done (3.9s)
    [osimulator] (1x1x256) @ (256x10) input=uint8 ... done (0.0s)
  [Model 1 Phase4 v3 INT8 (变体 B) optic]  139/650 ( 21.4%) acc=98.56%  elapsed=5622s  ETA=20668s
    [osimulator] (1x4096x288) @ (288x32) input=uint8 ... done (18.6s)
    [osimulator] (1x1024x288) @ (288x64) input=uint8 ... done (4.3s)
    [osimulator] (1x1024x576) @ (576x64) input=uint8 ... done (9.1s)
    [osimulator] (1x256x576) @ (576x128) input=uint8 ... done (6.5s)
    [osimulator] (1x1x8192) @ (8192x256) input=uint8 ... done (3.7s)
    [osimulator] (1x1x256) @ (256x10) input=uint8 ... done (0.0s)
  [Model 1 Phase4 v3 INT8 (变体 B) optic]  140/650 ( 21.5%) acc=97.86%  elapsed=5664s  ETA=20634s
    [osimulator] (1x4096x288) @ (288x32) input=uint8 ... done (18.8s)
    [osimulator] (1x1024x288) @ (288x64) input=uint8 ... done (4.4s)
    [osimulator] (1x1024x576) @ (576x64) input=uint8 ... done (6.5s)
    [osimulator] (1x256x576) @ (576x128) input=uint8 ... done (6.5s)
    [osimulator] (1x1x8192) @ (8192x256) input=uint8 ... done (3.7s)
    [osimulator] (1x1x256) @ (256x10) input=uint8 ... done (0.0s)
  [Model 1 Phase4 v3 INT8 (变体 B) optic]  141/650 ( 21.7%) acc=97.87%  elapsed=5704s  ETA=20592s
    [osimulator] (1x4096x288) @ (288x32) input=uint8 ... done (18.6s)
    [osimulator] (1x1024x288) @ (288x64) input=uint8 ... done (4.4s)
    [osimulator] (1x1024x576) @ (576x64) input=uint8 ... done (6.4s)
    [osimulator] (1x256x576) @ (576x128) input=uint8 ... done (6.5s)
    [osimulator] (1x1x8192) @ (8192x256) input=uint8 ... done (3.7s)
    [osimulator] (1x1x256) @ (256x10) input=uint8 ... done (0.0s)
  [Model 1 Phase4 v3 INT8 (变体 B) optic]  142/650 ( 21.8%) acc=97.89%  elapsed=5744s  ETA=20548s
    [osimulator] (1x4096x288) @ (288x32) input=uint8 ... done (18.7s)
    [osimulator] (1x1024x288) @ (288x64) input=uint8 ... done (4.3s)
    [osimulator] (1x1024x576) @ (576x64) input=uint8 ... done (6.5s)
    [osimulator] (1x256x576) @ (576x128) input=uint8 ... done (6.3s)
    [osimulator] (1x1x8192) @ (8192x256) input=uint8 ... done (3.6s)
    [osimulator] (1x1x256) @ (256x10) input=uint8 ... done (0.0s)
  [Model 1 Phase4 v3 INT8 (变体 B) optic]  143/650 ( 22.0%) acc=97.90%  elapsed=5783s  ETA=20504s
    [osimulator] (1x4096x288) @ (288x32) input=uint8 ... done (18.7s)
    [osimulator] (1x1024x288) @ (288x64) input=uint8 ... done (4.3s)
    [osimulator] (1x1024x576) @ (576x64) input=uint8 ... done (6.4s)
    [osimulator] (1x256x576) @ (576x128) input=uint8 ... done (6.3s)
    [osimulator] (1x1x8192) @ (8192x256) input=uint8 ... done (3.7s)
    [osimulator] (1x1x256) @ (256x10) input=uint8 ... done (0.0s)
  [Model 1 Phase4 v3 INT8 (变体 B) optic]  144/650 ( 22.2%) acc=97.92%  elapsed=5823s  ETA=20460s
    [osimulator] (1x4096x288) @ (288x32) input=uint8 ... done (18.7s)
    [osimulator] (1x1024x288) @ (288x64) input=uint8 ... done (4.3s)
    [osimulator] (1x1024x576) @ (576x64) input=uint8 ... done (6.4s)
    [osimulator] (1x256x576) @ (576x128) input=uint8 ... done (6.4s)
    [osimulator] (1x1x8192) @ (8192x256) input=uint8 ... done (3.7s)
    [osimulator] (1x1x256) @ (256x10) input=uint8 ... done (0.0s)
  [Model 1 Phase4 v3 INT8 (变体 B) optic]  145/650 ( 22.3%) acc=97.93%  elapsed=5862s  ETA=20416s
    [osimulator] (1x4096x288) @ (288x32) input=uint8 ... done (18.6s)
    [osimulator] (1x1024x288) @ (288x64) input=uint8 ... done (4.3s)
    [osimulator] (1x1024x576) @ (576x64) input=uint8 ... done (6.4s)
    [osimulator] (1x256x576) @ (576x128) input=uint8 ... done (6.4s)
    [osimulator] (1x1x8192) @ (8192x256) input=uint8 ... done (3.7s)
    [osimulator] (1x1x256) @ (256x10) input=uint8 ... done (0.0s)
  [Model 1 Phase4 v3 INT8 (变体 B) optic]  146/650 ( 22.5%) acc=97.95%  elapsed=5901s  ETA=20372s
    [osimulator] (1x4096x288) @ (288x32) input=uint8 ... done (18.6s)
    [osimulator] (1x1024x288) @ (288x64) input=uint8 ... done (4.3s)
    [osimulator] (1x1024x576) @ (576x64) input=uint8 ... done (9.3s)
    [osimulator] (1x256x576) @ (576x128) input=uint8 ... done (6.4s)
    [osimulator] (1x1x8192) @ (8192x256) input=uint8 ... done (3.8s)
    [osimulator] (1x1x256) @ (256x10) input=uint8 ... done (0.0s)
  [Model 1 Phase4 v3 INT8 (变体 B) optic]  147/650 ( 22.6%) acc=97.96%  elapsed=5944s  ETA=20338s
    [osimulator] (1x4096x288) @ (288x32) input=uint8 ... done (18.7s)
    [osimulator] (1x1024x288) @ (288x64) input=uint8 ... done (4.3s)
    [osimulator] (1x1024x576) @ (576x64) input=uint8 ... done (6.4s)
    [osimulator] (1x256x576) @ (576x128) input=uint8 ... done (6.3s)
    [osimulator] (1x1x8192) @ (8192x256) input=uint8 ... done (3.5s)
    [osimulator] (1x1x256) @ (256x10) input=uint8 ... done (0.0s)
  [Model 1 Phase4 v3 INT8 (变体 B) optic]  148/650 ( 22.8%) acc=97.97%  elapsed=5983s  ETA=20293s
    [osimulator] (1x4096x288) @ (288x32) input=uint8 ... done (18.7s)
    [osimulator] (1x1024x288) @ (288x64) input=uint8 ... done (4.3s)
    [osimulator] (1x1024x576) @ (576x64) input=uint8 ... done (8.8s)
    [osimulator] (1x256x576) @ (576x128) input=uint8 ... done (6.7s)
    [osimulator] (1x1x8192) @ (8192x256) input=uint8 ... done (3.8s)
    [osimulator] (1x1x256) @ (256x10) input=uint8 ... done (0.0s)
  [Model 1 Phase4 v3 INT8 (变体 B) optic]  149/650 ( 22.9%) acc=97.99%  elapsed=6025s  ETA=20259s
    [osimulator] (1x4096x288) @ (288x32) input=uint8 ... done (18.6s)
    [osimulator] (1x1024x288) @ (288x64) input=uint8 ... done (4.3s)
    [osimulator] (1x1024x576) @ (576x64) input=uint8 ... done (6.4s)
    [osimulator] (1x256x576) @ (576x128) input=uint8 ... done (6.4s)
    [osimulator] (1x1x8192) @ (8192x256) input=uint8 ... done (3.6s)
    [osimulator] (1x1x256) @ (256x10) input=uint8 ... done (0.0s)
  [Model 1 Phase4 v3 INT8 (变体 B) optic]  150/650 ( 23.1%) acc=98.00%  elapsed=6064s  ETA=20215s
    [osimulator] (1x4096x288) @ (288x32) input=uint8 ... done (18.0s)
    [osimulator] (1x1024x288) @ (288x64) input=uint8 ... done (4.3s)
    [osimulator] (1x1024x576) @ (576x64) input=uint8 ... done (6.4s)
    [osimulator] (1x256x576) @ (576x128) input=uint8 ... done (6.5s)
    [osimulator] (1x1x8192) @ (8192x256) input=uint8 ... done (3.6s)
    [osimulator] (1x1x256) @ (256x10) input=uint8 ... done (0.0s)
  [Model 1 Phase4 v3 INT8 (变体 B) optic]  151/650 ( 23.2%) acc=98.01%  elapsed=6103s  ETA=20169s
    [osimulator] (1x4096x288) @ (288x32) input=uint8 ... done (17.9s)
    [osimulator] (1x1024x288) @ (288x64) input=uint8 ... done (4.2s)
    [osimulator] (1x1024x576) @ (576x64) input=uint8 ... done (6.4s)
    [osimulator] (1x256x576) @ (576x128) input=uint8 ... done (6.4s)
    [osimulator] (1x1x8192) @ (8192x256) input=uint8 ... done (3.6s)
    [osimulator] (1x1x256) @ (256x10) input=uint8 ... done (0.0s)
  [Model 1 Phase4 v3 INT8 (变体 B) optic]  152/650 ( 23.4%) acc=98.03%  elapsed=6142s  ETA=20123s
    [osimulator] (1x4096x288) @ (288x32) input=uint8 ... done (15.2s)
    [osimulator] (1x1024x288) @ (288x64) input=uint8 ... done (4.3s)
    [osimulator] (1x1024x576) @ (576x64) input=uint8 ... done (6.4s)
    [osimulator] (1x256x576) @ (576x128) input=uint8 ... done (6.4s)
    [osimulator] (1x1x8192) @ (8192x256) input=uint8 ... done (3.7s)
    [osimulator] (1x1x256) @ (256x10) input=uint8 ... done (0.0s)
  [Model 1 Phase4 v3 INT8 (变体 B) optic]  153/650 ( 23.5%) acc=98.04%  elapsed=6178s  ETA=20068s
    [osimulator] (1x4096x288) @ (288x32) input=uint8 ... done (18.7s)
    [osimulator] (1x1024x288) @ (288x64) input=uint8 ... done (4.3s)
    [osimulator] (1x1024x576) @ (576x64) input=uint8 ... done (12.1s)
    [osimulator] (1x256x576) @ (576x128) input=uint8 ... done (6.4s)
    [osimulator] (1x1x8192) @ (8192x256) input=uint8 ... done (3.8s)
    [osimulator] (1x1x256) @ (256x10) input=uint8 ... done (0.0s)
  [Model 1 Phase4 v3 INT8 (变体 B) optic]  154/650 ( 23.7%) acc=98.05%  elapsed=6223s  ETA=20044s
    [osimulator] (1x4096x288) @ (288x32) input=uint8 ... done (18.7s)
    [osimulator] (1x1024x288) @ (288x64) input=uint8 ... done (4.3s)
    [osimulator] (1x1024x576) @ (576x64) input=uint8 ... done (9.1s)
    [osimulator] (1x256x576) @ (576x128) input=uint8 ... done (6.4s)
    [osimulator] (1x1x8192) @ (8192x256) input=uint8 ... done (3.8s)
    [osimulator] (1x1x256) @ (256x10) input=uint8 ... done (0.0s)
  [Model 1 Phase4 v3 INT8 (变体 B) optic]  155/650 ( 23.8%) acc=98.06%  elapsed=6266s  ETA=20009s
    [osimulator] (1x4096x288) @ (288x32) input=uint8 ... done (18.6s)
    [osimulator] (1x1024x288) @ (288x64) input=uint8 ... done (4.3s)
    [osimulator] (1x1024x576) @ (576x64) input=uint8 ... done (8.0s)
    [osimulator] (1x256x576) @ (576x128) input=uint8 ... done (6.4s)
    [osimulator] (1x1x8192) @ (8192x256) input=uint8 ... done (3.6s)
    [osimulator] (1x1x256) @ (256x10) input=uint8 ... done (0.0s)
  [Model 1 Phase4 v3 INT8 (变体 B) optic]  156/650 ( 24.0%) acc=98.08%  elapsed=6307s  ETA=19971s
    [osimulator] (1x4096x288) @ (288x32) input=uint8 ... done (19.2s)
    [osimulator] (1x1024x288) @ (288x64) input=uint8 ... done (4.2s)
    [osimulator] (1x1024x576) @ (576x64) input=uint8 ... done (8.2s)
    [osimulator] (1x256x576) @ (576x128) input=uint8 ... done (6.6s)
    [osimulator] (1x1x8192) @ (8192x256) input=uint8 ... done (3.6s)
    [osimulator] (1x1x256) @ (256x10) input=uint8 ... done (0.0s)
  [Model 1 Phase4 v3 INT8 (变体 B) optic]  157/650 ( 24.2%) acc=98.09%  elapsed=6348s  ETA=19935s
    [osimulator] (1x4096x288) @ (288x32) input=uint8 ... done (18.6s)
    [osimulator] (1x1024x288) @ (288x64) input=uint8 ... done (4.3s)
    [osimulator] (1x1024x576) @ (576x64) input=uint8 ... done (6.6s)
    [osimulator] (1x256x576) @ (576x128) input=uint8 ... done (6.4s)
    [osimulator] (1x1x8192) @ (8192x256) input=uint8 ... done (3.8s)
    [osimulator] (1x1x256) @ (256x10) input=uint8 ... done (0.0s)
  [Model 1 Phase4 v3 INT8 (变体 B) optic]  158/650 ( 24.3%) acc=98.10%  elapsed=6388s  ETA=19892s
    [osimulator] (1x4096x288) @ (288x32) input=uint8 ... done (18.6s)
    [osimulator] (1x1024x288) @ (288x64) input=uint8 ... done (4.3s)
    [osimulator] (1x1024x576) @ (576x64) input=uint8 ... done (6.5s)
    [osimulator] (1x256x576) @ (576x128) input=uint8 ... done (6.5s)
    [osimulator] (1x1x8192) @ (8192x256) input=uint8 ... done (3.7s)
    [osimulator] (1x1x256) @ (256x10) input=uint8 ... done (0.0s)
  [Model 1 Phase4 v3 INT8 (变体 B) optic]  159/650 ( 24.5%) acc=98.11%  elapsed=6428s  ETA=19849s
    [osimulator] (1x4096x288) @ (288x32) input=uint8 ... done (18.6s)
    [osimulator] (1x1024x288) @ (288x64) input=uint8 ... done (4.3s)
    [osimulator] (1x1024x576) @ (576x64) input=uint8 ... done (6.4s)
    [osimulator] (1x256x576) @ (576x128) input=uint8 ... done (6.4s)
    [osimulator] (1x1x8192) @ (8192x256) input=uint8 ... done (3.7s)
    [osimulator] (1x1x256) @ (256x10) input=uint8 ... done (0.0s)
  [Model 1 Phase4 v3 INT8 (变体 B) optic]  160/650 ( 24.6%) acc=98.12%  elapsed=6467s  ETA=19806s
    [osimulator] (1x4096x288) @ (288x32) input=uint8 ... done (18.6s)
    [osimulator] (1x1024x288) @ (288x64) input=uint8 ... done (4.3s)
    [osimulator] (1x1024x576) @ (576x64) input=uint8 ... done (7.8s)
    [osimulator] (1x256x576) @ (576x128) input=uint8 ... done (6.3s)
    [osimulator] (1x1x8192) @ (8192x256) input=uint8 ... done (3.7s)
    [osimulator] (1x1x256) @ (256x10) input=uint8 ... done (0.0s)
  [Model 1 Phase4 v3 INT8 (变体 B) optic]  161/650 ( 24.8%) acc=98.14%  elapsed=6508s  ETA=19767s
    [osimulator] (1x4096x288) @ (288x32) input=uint8 ... done (18.7s)
    [osimulator] (1x1024x288) @ (288x64) input=uint8 ... done (4.3s)
    [osimulator] (1x1024x576) @ (576x64) input=uint8 ... done (6.4s)
    [osimulator] (1x256x576) @ (576x128) input=uint8 ... done (6.6s)
    [osimulator] (1x1x8192) @ (8192x256) input=uint8 ... done (3.7s)
    [osimulator] (1x1x256) @ (256x10) input=uint8 ... done (0.0s)
  [Model 1 Phase4 v3 INT8 (变体 B) optic]  162/650 ( 24.9%) acc=98.15%  elapsed=6548s  ETA=19724s
    [osimulator] (1x4096x288) @ (288x32) input=uint8 ... done (18.5s)
    [osimulator] (1x1024x288) @ (288x64) input=uint8 ... done (4.3s)
    [osimulator] (1x1024x576) @ (576x64) input=uint8 ... done (6.3s)
    [osimulator] (1x256x576) @ (576x128) input=uint8 ... done (6.5s)
    [osimulator] (1x1x8192) @ (8192x256) input=uint8 ... done (3.5s)
    [osimulator] (1x1x256) @ (256x10) input=uint8 ... done (0.0s)
  [Model 1 Phase4 v3 INT8 (变体 B) optic]  163/650 ( 25.1%) acc=98.16%  elapsed=6587s  ETA=19680s
    [osimulator] (1x4096x288) @ (288x32) input=uint8 ... done (18.6s)
    [osimulator] (1x1024x288) @ (288x64) input=uint8 ... done (4.3s)
    [osimulator] (1x1024x576) @ (576x64) input=uint8 ... done (9.1s)
    [osimulator] (1x256x576) @ (576x128) input=uint8 ... done (6.4s)
    [osimulator] (1x1x8192) @ (8192x256) input=uint8 ... done (3.8s)
    [osimulator] (1x1x256) @ (256x10) input=uint8 ... done (0.0s)
  [Model 1 Phase4 v3 INT8 (变体 B) optic]  164/650 ( 25.2%) acc=98.17%  elapsed=6629s  ETA=19645s
    [osimulator] (1x4096x288) @ (288x32) input=uint8 ... done (18.6s)
    [osimulator] (1x1024x288) @ (288x64) input=uint8 ... done (4.3s)
    [osimulator] (1x1024x576) @ (576x64) input=uint8 ... done (6.3s)
    [osimulator] (1x256x576) @ (576x128) input=uint8 ... done (6.4s)
    [osimulator] (1x1x8192) @ (8192x256) input=uint8 ... done (3.7s)
    [osimulator] (1x1x256) @ (256x10) input=uint8 ... done (0.0s)
  [Model 1 Phase4 v3 INT8 (变体 B) optic]  165/650 ( 25.4%) acc=98.18%  elapsed=6669s  ETA=19602s
    [osimulator] (1x4096x288) @ (288x32) input=uint8 ... done (18.7s)
    [osimulator] (1x1024x288) @ (288x64) input=uint8 ... done (4.3s)
    [osimulator] (1x1024x576) @ (576x64) input=uint8 ... done (6.6s)
    [osimulator] (1x256x576) @ (576x128) input=uint8 ... done (6.6s)
    [osimulator] (1x1x8192) @ (8192x256) input=uint8 ... done (3.6s)
    [osimulator] (1x1x256) @ (256x10) input=uint8 ... done (0.0s)
  [Model 1 Phase4 v3 INT8 (变体 B) optic]  166/650 ( 25.5%) acc=98.19%  elapsed=6708s  ETA=19560s
    [osimulator] (1x4096x288) @ (288x32) input=uint8 ... done (18.7s)
    [osimulator] (1x1024x288) @ (288x64) input=uint8 ... done (4.3s)
    [osimulator] (1x1024x576) @ (576x64) input=uint8 ... done (9.1s)
    [osimulator] (1x256x576) @ (576x128) input=uint8 ... done (6.3s)
    [osimulator] (1x1x8192) @ (8192x256) input=uint8 ... done (3.5s)
    [osimulator] (1x1x256) @ (256x10) input=uint8 ... done (0.0s)
  [Model 1 Phase4 v3 INT8 (变体 B) optic]  167/650 ( 25.7%) acc=98.20%  elapsed=6750s  ETA=19524s
    [osimulator] (1x4096x288) @ (288x32) input=uint8 ... done (18.7s)
    [osimulator] (1x1024x288) @ (288x64) input=uint8 ... done (4.3s)
    [osimulator] (1x1024x576) @ (576x64) input=uint8 ... done (12.0s)
    [osimulator] (1x256x576) @ (576x128) input=uint8 ... done (6.6s)
    [osimulator] (1x1x8192) @ (8192x256) input=uint8 ... done (3.6s)
    [osimulator] (1x1x256) @ (256x10) input=uint8 ... done (0.0s)
  [Model 1 Phase4 v3 INT8 (变体 B) optic]  168/650 ( 25.8%) acc=98.21%  elapsed=6796s  ETA=19497s
    [osimulator] (1x4096x288) @ (288x32) input=uint8 ... done (18.6s)
    [osimulator] (1x1024x288) @ (288x64) input=uint8 ... done (4.4s)
    [osimulator] (1x1024x576) @ (576x64) input=uint8 ... done (6.4s)
    [osimulator] (1x256x576) @ (576x128) input=uint8 ... done (6.5s)
    [osimulator] (1x1x8192) @ (8192x256) input=uint8 ... done (3.6s)
    [osimulator] (1x1x256) @ (256x10) input=uint8 ... done (0.0s)
  [Model 1 Phase4 v3 INT8 (变体 B) optic]  169/650 ( 26.0%) acc=98.22%  elapsed=6835s  ETA=19454s
    [osimulator] (1x4096x288) @ (288x32) input=uint8 ... done (18.8s)
    [osimulator] (1x1024x288) @ (288x64) input=uint8 ... done (4.3s)
    [osimulator] (1x1024x576) @ (576x64) input=uint8 ... done (6.4s)
    [osimulator] (1x256x576) @ (576x128) input=uint8 ... done (6.6s)
    [osimulator] (1x1x8192) @ (8192x256) input=uint8 ... done (3.8s)
    [osimulator] (1x1x256) @ (256x10) input=uint8 ... done (0.0s)
  [Model 1 Phase4 v3 INT8 (变体 B) optic]  170/650 ( 26.2%) acc=98.24%  elapsed=6875s  ETA=19412s
    [osimulator] (1x4096x288) @ (288x32) input=uint8 ... done (18.7s)
    [osimulator] (1x1024x288) @ (288x64) input=uint8 ... done (4.3s)
    [osimulator] (1x1024x576) @ (576x64) input=uint8 ... done (9.1s)
    [osimulator] (1x256x576) @ (576x128) input=uint8 ... done (6.7s)
    [osimulator] (1x1x8192) @ (8192x256) input=uint8 ... done (3.7s)
    [osimulator] (1x1x256) @ (256x10) input=uint8 ... done (0.0s)
  [Model 1 Phase4 v3 INT8 (变体 B) optic]  171/650 ( 26.3%) acc=98.25%  elapsed=6918s  ETA=19378s
    [osimulator] (1x4096x288) @ (288x32) input=uint8 ... done (18.8s)
    [osimulator] (1x1024x288) @ (288x64) input=uint8 ... done (4.4s)
    [osimulator] (1x1024x576) @ (576x64) input=uint8 ... done (6.5s)
    [osimulator] (1x256x576) @ (576x128) input=uint8 ... done (6.5s)
    [osimulator] (1x1x8192) @ (8192x256) input=uint8 ... done (3.6s)
    [osimulator] (1x1x256) @ (256x10) input=uint8 ... done (0.0s)
  [Model 1 Phase4 v3 INT8 (变体 B) optic]  172/650 ( 26.5%) acc=98.26%  elapsed=6957s  ETA=19335s
    [osimulator] (1x4096x288) @ (288x32) input=uint8 ... done (18.6s)
    [osimulator] (1x1024x288) @ (288x64) input=uint8 ... done (4.4s)
    [osimulator] (1x1024x576) @ (576x64) input=uint8 ... done (8.3s)
    [osimulator] (1x256x576) @ (576x128) input=uint8 ... done (6.5s)
    [osimulator] (1x1x8192) @ (8192x256) input=uint8 ... done (3.6s)
    [osimulator] (1x1x256) @ (256x10) input=uint8 ... done (0.0s)
  [Model 1 Phase4 v3 INT8 (变体 B) optic]  173/650 ( 26.6%) acc=98.27%  elapsed=6999s  ETA=19297s
    [osimulator] (1x4096x288) @ (288x32) input=uint8 ... done (18.6s)
    [osimulator] (1x1024x288) @ (288x64) input=uint8 ... done (4.4s)
    [osimulator] (1x1024x576) @ (576x64) input=uint8 ... done (6.4s)
    [osimulator] (1x256x576) @ (576x128) input=uint8 ... done (6.6s)
    [osimulator] (1x1x8192) @ (8192x256) input=uint8 ... done (3.8s)
    [osimulator] (1x1x256) @ (256x10) input=uint8 ... done (0.0s)
  [Model 1 Phase4 v3 INT8 (变体 B) optic]  174/650 ( 26.8%) acc=98.28%  elapsed=7039s  ETA=19255s
    [osimulator] (1x4096x288) @ (288x32) input=uint8 ... done (18.7s)
    [osimulator] (1x1024x288) @ (288x64) input=uint8 ... done (4.3s)
    [osimulator] (1x1024x576) @ (576x64) input=uint8 ... done (6.5s)
    [osimulator] (1x256x576) @ (576x128) input=uint8 ... done (6.5s)
    [osimulator] (1x1x8192) @ (8192x256) input=uint8 ... done (3.7s)
    [osimulator] (1x1x256) @ (256x10) input=uint8 ... done (0.0s)
  [Model 1 Phase4 v3 INT8 (变体 B) optic]  175/650 ( 26.9%) acc=98.29%  elapsed=7078s  ETA=19213s
    [osimulator] (1x4096x288) @ (288x32) input=uint8 ... done (18.7s)
    [osimulator] (1x1024x288) @ (288x64) input=uint8 ... done (4.4s)
    [osimulator] (1x1024x576) @ (576x64) input=uint8 ... done (6.6s)
    [osimulator] (1x256x576) @ (576x128) input=uint8 ... done (6.6s)
    [osimulator] (1x1x8192) @ (8192x256) input=uint8 ... done (3.8s)
    [osimulator] (1x1x256) @ (256x10) input=uint8 ... done (0.0s)
  [Model 1 Phase4 v3 INT8 (变体 B) optic]  176/650 ( 27.1%) acc=98.30%  elapsed=7119s  ETA=19172s
    [osimulator] (1x4096x288) @ (288x32) input=uint8 ... done (18.8s)
    [osimulator] (1x1024x288) @ (288x64) input=uint8 ... done (4.4s)
    [osimulator] (1x1024x576) @ (576x64) input=uint8 ... done (9.3s)
    [osimulator] (1x256x576) @ (576x128) input=uint8 ... done (6.6s)
    [osimulator] (1x1x8192) @ (8192x256) input=uint8 ... done (3.7s)
    [osimulator] (1x1x256) @ (256x10) input=uint8 ... done (0.0s)
  [Model 1 Phase4 v3 INT8 (变体 B) optic]  177/650 ( 27.2%) acc=97.74%  elapsed=7162s  ETA=19138s
    [osimulator] (1x4096x288) @ (288x32) input=uint8 ... done (18.6s)
    [osimulator] (1x1024x288) @ (288x64) input=uint8 ... done (4.3s)
    [osimulator] (1x1024x576) @ (576x64) input=uint8 ... done (6.4s)
    [osimulator] (1x256x576) @ (576x128) input=uint8 ... done (6.5s)
    [osimulator] (1x1x8192) @ (8192x256) input=uint8 ... done (3.6s)
    [osimulator] (1x1x256) @ (256x10) input=uint8 ... done (0.0s)
  [Model 1 Phase4 v3 INT8 (变体 B) optic]  178/650 ( 27.4%) acc=97.75%  elapsed=7201s  ETA=19095s
    [osimulator] (1x4096x288) @ (288x32) input=uint8 ... done (18.7s)
    [osimulator] (1x1024x288) @ (288x64) input=uint8 ... done (4.4s)
    [osimulator] (1x1024x576) @ (576x64) input=uint8 ... done (7.7s)
    [osimulator] (1x256x576) @ (576x128) input=uint8 ... done (6.6s)
    [osimulator] (1x1x8192) @ (8192x256) input=uint8 ... done (3.6s)
    [osimulator] (1x1x256) @ (256x10) input=uint8 ... done (0.0s)
  [Model 1 Phase4 v3 INT8 (变体 B) optic]  179/650 ( 27.5%) acc=97.77%  elapsed=7242s  ETA=19056s
    [osimulator] (1x4096x288) @ (288x32) input=uint8 ... done (18.7s)
    [osimulator] (1x1024x288) @ (288x64) input=uint8 ... done (4.4s)
    [osimulator] (1x1024x576) @ (576x64) input=uint8 ... done (10.7s)
    [osimulator] (1x256x576) @ (576x128) input=uint8 ... done (6.6s)
    [osimulator] (1x1x8192) @ (8192x256) input=uint8 ... done (3.7s)
    [osimulator] (1x1x256) @ (256x10) input=uint8 ... done (0.0s)
  [Model 1 Phase4 v3 INT8 (变体 B) optic]  180/650 ( 27.7%) acc=97.78%  elapsed=7286s  ETA=19025s
    [osimulator] (1x4096x288) @ (288x32) input=uint8 ... done (18.8s)
    [osimulator] (1x1024x288) @ (288x64) input=uint8 ... done (4.4s)
    [osimulator] (1x1024x576) @ (576x64) input=uint8 ... done (9.3s)
    [osimulator] (1x256x576) @ (576x128) input=uint8 ... done (6.6s)
    [osimulator] (1x1x8192) @ (8192x256) input=uint8 ... done (3.8s)
    [osimulator] (1x1x256) @ (256x10) input=uint8 ... done (0.0s)
  [Model 1 Phase4 v3 INT8 (变体 B) optic]  181/650 ( 27.8%) acc=97.79%  elapsed=7329s  ETA=18991s
    [osimulator] (1x4096x288) @ (288x32) input=uint8 ... done (18.6s)
    [osimulator] (1x1024x288) @ (288x64) input=uint8 ... done (4.4s)
    [osimulator] (1x1024x576) @ (576x64) input=uint8 ... done (6.4s)
    [osimulator] (1x256x576) @ (576x128) input=uint8 ... done (6.6s)
    [osimulator] (1x1x8192) @ (8192x256) input=uint8 ... done (3.6s)
    [osimulator] (1x1x256) @ (256x10) input=uint8 ... done (0.0s)
  [Model 1 Phase4 v3 INT8 (变体 B) optic]  182/650 ( 28.0%) acc=97.80%  elapsed=7369s  ETA=18948s
    [osimulator] (1x4096x288) @ (288x32) input=uint8 ... done (18.7s)
    [osimulator] (1x1024x288) @ (288x64) input=uint8 ... done (4.4s)
    [osimulator] (1x1024x576) @ (576x64) input=uint8 ... done (6.4s)
    [osimulator] (1x256x576) @ (576x128) input=uint8 ... done (6.5s)
    [osimulator] (1x1x8192) @ (8192x256) input=uint8 ... done (3.7s)
    [osimulator] (1x1x256) @ (256x10) input=uint8 ... done (0.0s)
  [Model 1 Phase4 v3 INT8 (变体 B) optic]  183/650 ( 28.2%) acc=97.81%  elapsed=7408s  ETA=18906s
    [osimulator] (1x4096x288) @ (288x32) input=uint8 ... done (18.7s)
    [osimulator] (1x1024x288) @ (288x64) input=uint8 ... done (4.4s)
    [osimulator] (1x1024x576) @ (576x64) input=uint8 ... done (6.7s)
    [osimulator] (1x256x576) @ (576x128) input=uint8 ... done (6.6s)
    [osimulator] (1x1x8192) @ (8192x256) input=uint8 ... done (3.8s)
    [osimulator] (1x1x256) @ (256x10) input=uint8 ... done (0.0s)
  [Model 1 Phase4 v3 INT8 (变体 B) optic]  184/650 ( 28.3%) acc=97.83%  elapsed=7449s  ETA=18865s
    [osimulator] (1x4096x288) @ (288x32) input=uint8 ... done (18.7s)
    [osimulator] (1x1024x288) @ (288x64) input=uint8 ... done (4.3s)
    [osimulator] (1x1024x576) @ (576x64) input=uint8 ... done (6.5s)
    [osimulator] (1x256x576) @ (576x128) input=uint8 ... done (6.6s)
    [osimulator] (1x1x8192) @ (8192x256) input=uint8 ... done (3.8s)
    [osimulator] (1x1x256) @ (256x10) input=uint8 ... done (0.0s)
  [Model 1 Phase4 v3 INT8 (变体 B) optic]  185/650 ( 28.5%) acc=97.84%  elapsed=7489s  ETA=18823s
    [osimulator] (1x4096x288) @ (288x32) input=uint8 ... done (18.7s)
    [osimulator] (1x1024x288) @ (288x64) input=uint8 ... done (4.4s)
    [osimulator] (1x1024x576) @ (576x64) input=uint8 ... done (8.3s)
    [osimulator] (1x256x576) @ (576x128) input=uint8 ... done (6.5s)
    [osimulator] (1x1x8192) @ (8192x256) input=uint8 ... done (3.6s)
    [osimulator] (1x1x256) @ (256x10) input=uint8 ... done (0.0s)
  [Model 1 Phase4 v3 INT8 (变体 B) optic]  186/650 ( 28.6%) acc=97.85%  elapsed=7530s  ETA=18786s
    [osimulator] (1x4096x288) @ (288x32) input=uint8 ... done (18.8s)
    [osimulator] (1x1024x288) @ (288x64) input=uint8 ... done (4.4s)
    [osimulator] (1x1024x576) @ (576x64) input=uint8 ... done (6.5s)
    [osimulator] (1x256x576) @ (576x128) input=uint8 ... done (6.6s)
    [osimulator] (1x1x8192) @ (8192x256) input=uint8 ... done (3.7s)
    [osimulator] (1x1x256) @ (256x10) input=uint8 ... done (0.0s)
  [Model 1 Phase4 v3 INT8 (变体 B) optic]  187/650 ( 28.8%) acc=97.86%  elapsed=7570s  ETA=18744s
    [osimulator] (1x4096x288) @ (288x32) input=uint8 ... done (18.7s)
    [osimulator] (1x1024x288) @ (288x64) input=uint8 ... done (4.4s)
    [osimulator] (1x1024x576) @ (576x64) input=uint8 ... done (6.4s)
    [osimulator] (1x256x576) @ (576x128) input=uint8 ... done (6.6s)
    [osimulator] (1x1x8192) @ (8192x256) input=uint8 ... done (3.7s)
    [osimulator] (1x1x256) @ (256x10) input=uint8 ... done (0.0s)
  [Model 1 Phase4 v3 INT8 (变体 B) optic]  188/650 ( 28.9%) acc=97.87%  elapsed=7610s  ETA=18702s
    [osimulator] (1x4096x288) @ (288x32) input=uint8 ... done (18.7s)
    [osimulator] (1x1024x288) @ (288x64) input=uint8 ... done (4.4s)
    [osimulator] (1x1024x576) @ (576x64) input=uint8 ... done (6.5s)
    [osimulator] (1x256x576) @ (576x128) input=uint8 ... done (6.6s)
    [osimulator] (1x1x8192) @ (8192x256) input=uint8 ... done (3.8s)
    [osimulator] (1x1x256) @ (256x10) input=uint8 ... done (0.0s)
  [Model 1 Phase4 v3 INT8 (变体 B) optic]  189/650 ( 29.1%) acc=97.88%  elapsed=7650s  ETA=18660s
    [osimulator] (1x4096x288) @ (288x32) input=uint8 ... done (18.7s)
    [osimulator] (1x1024x288) @ (288x64) input=uint8 ... done (4.4s)
    [osimulator] (1x1024x576) @ (576x64) input=uint8 ... done (6.5s)
    [osimulator] (1x256x576) @ (576x128) input=uint8 ... done (6.6s)
    [osimulator] (1x1x8192) @ (8192x256) input=uint8 ... done (3.6s)
    [osimulator] (1x1x256) @ (256x10) input=uint8 ... done (0.0s)
  [Model 1 Phase4 v3 INT8 (变体 B) optic]  190/650 ( 29.2%) acc=97.89%  elapsed=7690s  ETA=18618s
    [osimulator] (1x4096x288) @ (288x32) input=uint8 ... done (18.7s)
    [osimulator] (1x1024x288) @ (288x64) input=uint8 ... done (4.3s)
    [osimulator] (1x1024x576) @ (576x64) input=uint8 ... done (9.4s)
    [osimulator] (1x256x576) @ (576x128) input=uint8 ... done (6.5s)
    [osimulator] (1x1x8192) @ (8192x256) input=uint8 ... done (3.7s)
    [osimulator] (1x1x256) @ (256x10) input=uint8 ... done (0.0s)
  [Model 1 Phase4 v3 INT8 (变体 B) optic]  191/650 ( 29.4%) acc=97.91%  elapsed=7733s  ETA=18583s
    [osimulator] (1x4096x288) @ (288x32) input=uint8 ... done (18.8s)
    [osimulator] (1x1024x288) @ (288x64) input=uint8 ... done (4.4s)
    [osimulator] (1x1024x576) @ (576x64) input=uint8 ... done (7.1s)
    [osimulator] (1x256x576) @ (576x128) input=uint8 ... done (6.4s)
    [osimulator] (1x1x8192) @ (8192x256) input=uint8 ... done (3.6s)
    [osimulator] (1x1x256) @ (256x10) input=uint8 ... done (0.0s)
  [Model 1 Phase4 v3 INT8 (变体 B) optic]  192/650 ( 29.5%) acc=97.92%  elapsed=7773s  ETA=18542s
    [osimulator] (1x4096x288) @ (288x32) input=uint8 ... done (18.8s)
    [osimulator] (1x1024x288) @ (288x64) input=uint8 ... done (4.5s)
    [osimulator] (1x1024x576) @ (576x64) input=uint8 ... done (7.5s)
    [osimulator] (1x256x576) @ (576x128) input=uint8 ... done (6.5s)
    [osimulator] (1x1x8192) @ (8192x256) input=uint8 ... done (3.7s)
    [osimulator] (1x1x256) @ (256x10) input=uint8 ... done (0.0s)
  [Model 1 Phase4 v3 INT8 (变体 B) optic]  193/650 ( 29.7%) acc=97.93%  elapsed=7814s  ETA=18503s
    [osimulator] (1x4096x288) @ (288x32) input=uint8 ... done (18.3s)
    [osimulator] (1x1024x288) @ (288x64) input=uint8 ... done (4.3s)
    [osimulator] (1x1024x576) @ (576x64) input=uint8 ... done (6.4s)
    [osimulator] (1x256x576) @ (576x128) input=uint8 ... done (6.4s)
    [osimulator] (1x1x8192) @ (8192x256) input=uint8 ... done (3.6s)
    [osimulator] (1x1x256) @ (256x10) input=uint8 ... done (0.0s)
  [Model 1 Phase4 v3 INT8 (变体 B) optic]  194/650 ( 29.8%) acc=97.94%  elapsed=7853s  ETA=18459s
    [osimulator] (1x4096x288) @ (288x32) input=uint8 ... done (18.2s)
    [osimulator] (1x1024x288) @ (288x64) input=uint8 ... done (4.2s)
    [osimulator] (1x1024x576) @ (576x64) input=uint8 ... done (6.3s)
    [osimulator] (1x256x576) @ (576x128) input=uint8 ... done (6.4s)
    [osimulator] (1x1x8192) @ (8192x256) input=uint8 ... done (3.6s)
    [osimulator] (1x1x256) @ (256x10) input=uint8 ... done (0.0s)
  [Model 1 Phase4 v3 INT8 (变体 B) optic]  195/650 ( 30.0%) acc=97.95%  elapsed=7892s  ETA=18414s
    [osimulator] (1x4096x288) @ (288x32) input=uint8 ... done (18.2s)
    [osimulator] (1x1024x288) @ (288x64) input=uint8 ... done (4.3s)
    [osimulator] (1x1024x576) @ (576x64) input=uint8 ... done (9.1s)
    [osimulator] (1x256x576) @ (576x128) input=uint8 ... done (6.4s)
    [osimulator] (1x1x8192) @ (8192x256) input=uint8 ... done (3.7s)
    [osimulator] (1x1x256) @ (256x10) input=uint8 ... done (0.0s)
  [Model 1 Phase4 v3 INT8 (变体 B) optic]  196/650 ( 30.2%) acc=97.96%  elapsed=7934s  ETA=18377s
    [osimulator] (1x4096x288) @ (288x32) input=uint8 ... done (18.5s)
    [osimulator] (1x1024x288) @ (288x64) input=uint8 ... done (4.3s)
    [osimulator] (1x1024x576) @ (576x64) input=uint8 ... done (12.0s)
    [osimulator] (1x256x576) @ (576x128) input=uint8 ... done (6.3s)
    [osimulator] (1x1x8192) @ (8192x256) input=uint8 ... done (3.4s)
    [osimulator] (1x1x256) @ (256x10) input=uint8 ... done (0.0s)
  [Model 1 Phase4 v3 INT8 (变体 B) optic]  197/650 ( 30.3%) acc=97.97%  elapsed=7978s  ETA=18346s
    [osimulator] (1x4096x288) @ (288x32) input=uint8 ... done (18.6s)
    [osimulator] (1x1024x288) @ (288x64) input=uint8 ... done (4.3s)
    [osimulator] (1x1024x576) @ (576x64) input=uint8 ... done (6.8s)
    [osimulator] (1x256x576) @ (576x128) input=uint8 ... done (6.4s)
    [osimulator] (1x1x8192) @ (8192x256) input=uint8 ... done (3.7s)
    [osimulator] (1x1x256) @ (256x10) input=uint8 ... done (0.0s)
  [Model 1 Phase4 v3 INT8 (变体 B) optic]  198/650 ( 30.5%) acc=97.98%  elapsed=8018s  ETA=18304s
    [osimulator] (1x4096x288) @ (288x32) input=uint8 ... done (18.5s)
    [osimulator] (1x1024x288) @ (288x64) input=uint8 ... done (4.3s)
    [osimulator] (1x1024x576) @ (576x64) input=uint8 ... done (7.9s)
    [osimulator] (1x256x576) @ (576x128) input=uint8 ... done (6.5s)
    [osimulator] (1x1x8192) @ (8192x256) input=uint8 ... done (3.6s)
    [osimulator] (1x1x256) @ (256x10) input=uint8 ... done (0.0s)
  [Model 1 Phase4 v3 INT8 (变体 B) optic]  199/650 ( 30.6%) acc=97.99%  elapsed=8059s  ETA=18264s
    [osimulator] (1x4096x288) @ (288x32) input=uint8 ... done (18.4s)
    [osimulator] (1x1024x288) @ (288x64) input=uint8 ... done (4.3s)
    [osimulator] (1x1024x576) @ (576x64) input=uint8 ... done (11.4s)
    [osimulator] (1x256x576) @ (576x128) input=uint8 ... done (6.5s)
    [osimulator] (1x1x8192) @ (8192x256) input=uint8 ... done (3.5s)
    [osimulator] (1x1x256) @ (256x10) input=uint8 ... done (0.0s)
  [Model 1 Phase4 v3 INT8 (变体 B) optic]  200/650 ( 30.8%) acc=98.00%  elapsed=8103s  ETA=18232s
    [osimulator] (1x4096x288) @ (288x32) input=uint8 ... done (18.5s)
    [osimulator] (1x1024x288) @ (288x64) input=uint8 ... done (4.3s)
    [osimulator] (1x1024x576) @ (576x64) input=uint8 ... done (6.4s)
    [osimulator] (1x256x576) @ (576x128) input=uint8 ... done (6.4s)
    [osimulator] (1x1x8192) @ (8192x256) input=uint8 ... done (3.7s)
    [osimulator] (1x1x256) @ (256x10) input=uint8 ... done (0.0s)
  [Model 1 Phase4 v3 INT8 (变体 B) optic]  201/650 ( 30.9%) acc=98.01%  elapsed=8142s  ETA=18189s
    [osimulator] (1x4096x288) @ (288x32) input=uint8 ... done (18.5s)
    [osimulator] (1x1024x288) @ (288x64) input=uint8 ... done (4.3s)
    [osimulator] (1x1024x576) @ (576x64) input=uint8 ... done (6.3s)
    [osimulator] (1x256x576) @ (576x128) input=uint8 ... done (6.5s)
    [osimulator] (1x1x8192) @ (8192x256) input=uint8 ... done (3.6s)
    [osimulator] (1x1x256) @ (256x10) input=uint8 ... done (0.0s)
  [Model 1 Phase4 v3 INT8 (变体 B) optic]  202/650 ( 31.1%) acc=98.02%  elapsed=8182s  ETA=18146s
    [osimulator] (1x4096x288) @ (288x32) input=uint8 ... done (18.6s)
    [osimulator] (1x1024x288) @ (288x64) input=uint8 ... done (5.9s)
    [osimulator] (1x1024x576) @ (576x64) input=uint8 ... done (8.4s)
    [osimulator] (1x256x576) @ (576x128) input=uint8 ... done (6.3s)
    [osimulator] (1x1x8192) @ (8192x256) input=uint8 ... done (3.6s)
    [osimulator] (1x1x256) @ (256x10) input=uint8 ... done (0.0s)
  [Model 1 Phase4 v3 INT8 (变体 B) optic]  203/650 ( 31.2%) acc=98.03%  elapsed=8225s  ETA=18110s
    [osimulator] (1x4096x288) @ (288x32) input=uint8 ... done (18.2s)
    [osimulator] (1x1024x288) @ (288x64) input=uint8 ... done (4.2s)
    [osimulator] (1x1024x576) @ (576x64) input=uint8 ... done (6.3s)
    [osimulator] (1x256x576) @ (576x128) input=uint8 ... done (6.4s)
    [osimulator] (1x1x8192) @ (8192x256) input=uint8 ... done (3.6s)
    [osimulator] (1x1x256) @ (256x10) input=uint8 ... done (0.0s)
  [Model 1 Phase4 v3 INT8 (变体 B) optic]  204/650 ( 31.4%) acc=98.04%  elapsed=8263s  ETA=18066s
    [osimulator] (1x4096x288) @ (288x32) input=uint8 ... done (18.2s)
    [osimulator] (1x1024x288) @ (288x64) input=uint8 ... done (4.3s)
    [osimulator] (1x1024x576) @ (576x64) input=uint8 ... done (7.7s)
    [osimulator] (1x256x576) @ (576x128) input=uint8 ... done (6.4s)
    [osimulator] (1x1x8192) @ (8192x256) input=uint8 ... done (3.6s)
    [osimulator] (1x1x256) @ (256x10) input=uint8 ... done (0.0s)
  [Model 1 Phase4 v3 INT8 (变体 B) optic]  205/650 ( 31.5%) acc=98.05%  elapsed=8303s  ETA=18025s
    [osimulator] (1x4096x288) @ (288x32) input=uint8 ... done (18.3s)
    [osimulator] (1x1024x288) @ (288x64) input=uint8 ... done (4.2s)
    [osimulator] (1x1024x576) @ (576x64) input=uint8 ... done (8.9s)
    [osimulator] (1x256x576) @ (576x128) input=uint8 ... done (6.4s)
    [osimulator] (1x1x8192) @ (8192x256) input=uint8 ... done (3.6s)
    [osimulator] (1x1x256) @ (256x10) input=uint8 ... done (0.0s)
  [Model 1 Phase4 v3 INT8 (变体 B) optic]  206/650 ( 31.7%) acc=98.06%  elapsed=8345s  ETA=17986s
    [osimulator] (1x4096x288) @ (288x32) input=uint8 ... done (18.4s)
    [osimulator] (1x1024x288) @ (288x64) input=uint8 ... done (4.2s)
    [osimulator] (1x1024x576) @ (576x64) input=uint8 ... done (6.3s)
    [osimulator] (1x256x576) @ (576x128) input=uint8 ... done (6.3s)
    [osimulator] (1x1x8192) @ (8192x256) input=uint8 ... done (3.4s)
    [osimulator] (1x1x256) @ (256x10) input=uint8 ... done (0.0s)
  [Model 1 Phase4 v3 INT8 (变体 B) optic]  207/650 ( 31.8%) acc=98.07%  elapsed=8383s  ETA=17941s
    [osimulator] (1x4096x288) @ (288x32) input=uint8 ... done (18.4s)
    [osimulator] (1x1024x288) @ (288x64) input=uint8 ... done (4.3s)
    [osimulator] (1x1024x576) @ (576x64) input=uint8 ... done (9.2s)
    [osimulator] (1x256x576) @ (576x128) input=uint8 ... done (6.4s)
    [osimulator] (1x1x8192) @ (8192x256) input=uint8 ... done (3.7s)
    [osimulator] (1x1x256) @ (256x10) input=uint8 ... done (0.0s)
  [Model 1 Phase4 v3 INT8 (变体 B) optic]  208/650 ( 32.0%) acc=98.08%  elapsed=8425s  ETA=17904s
    [osimulator] (1x4096x288) @ (288x32) input=uint8 ... done (18.3s)
    [osimulator] (1x1024x288) @ (288x64) input=uint8 ... done (4.3s)
    [osimulator] (1x1024x576) @ (576x64) input=uint8 ... done (6.4s)
    [osimulator] (1x256x576) @ (576x128) input=uint8 ... done (6.3s)
    [osimulator] (1x1x8192) @ (8192x256) input=uint8 ... done (3.7s)
    [osimulator] (1x1x256) @ (256x10) input=uint8 ... done (0.0s)
  [Model 1 Phase4 v3 INT8 (变体 B) optic]  209/650 ( 32.2%) acc=98.09%  elapsed=8464s  ETA=17860s
    [osimulator] (1x4096x288) @ (288x32) input=uint8 ... done (18.3s)
    [osimulator] (1x1024x288) @ (288x64) input=uint8 ... done (4.3s)
    [osimulator] (1x1024x576) @ (576x64) input=uint8 ... done (6.3s)
    [osimulator] (1x256x576) @ (576x128) input=uint8 ... done (6.4s)
    [osimulator] (1x1x8192) @ (8192x256) input=uint8 ... done (3.4s)
    [osimulator] (1x1x256) @ (256x10) input=uint8 ... done (0.0s)
  [Model 1 Phase4 v3 INT8 (变体 B) optic]  210/650 ( 32.3%) acc=98.10%  elapsed=8503s  ETA=17816s
    [osimulator] (1x4096x288) @ (288x32) input=uint8 ... done (18.2s)
    [osimulator] (1x1024x288) @ (288x64) input=uint8 ... done (4.3s)
    [osimulator] (1x1024x576) @ (576x64) input=uint8 ... done (8.4s)
    [osimulator] (1x256x576) @ (576x128) input=uint8 ... done (6.4s)
    [osimulator] (1x1x8192) @ (8192x256) input=uint8 ... done (3.6s)
    [osimulator] (1x1x256) @ (256x10) input=uint8 ... done (0.0s)
  [Model 1 Phase4 v3 INT8 (变体 B) optic]  211/650 ( 32.5%) acc=98.10%  elapsed=8544s  ETA=17776s
    [osimulator] (1x4096x288) @ (288x32) input=uint8 ... done (18.2s)
    [osimulator] (1x1024x288) @ (288x64) input=uint8 ... done (4.3s)
    [osimulator] (1x1024x576) @ (576x64) input=uint8 ... done (8.3s)
    [osimulator] (1x256x576) @ (576x128) input=uint8 ... done (6.3s)
    [osimulator] (1x1x8192) @ (8192x256) input=uint8 ... done (3.5s)
    [osimulator] (1x1x256) @ (256x10) input=uint8 ... done (0.0s)
  [Model 1 Phase4 v3 INT8 (变体 B) optic]  212/650 ( 32.6%) acc=98.11%  elapsed=8585s  ETA=17736s
    [osimulator] (1x4096x288) @ (288x32) input=uint8 ... done (18.1s)
    [osimulator] (1x1024x288) @ (288x64) input=uint8 ... done (4.2s)
    [osimulator] (1x1024x576) @ (576x64) input=uint8 ... done (6.3s)
    [osimulator] (1x256x576) @ (576x128) input=uint8 ... done (6.4s)
    [osimulator] (1x1x8192) @ (8192x256) input=uint8 ... done (3.7s)
    [osimulator] (1x1x256) @ (256x10) input=uint8 ... done (0.0s)
  [Model 1 Phase4 v3 INT8 (变体 B) optic]  213/650 ( 32.8%) acc=98.12%  elapsed=8623s  ETA=17692s
    [osimulator] (1x4096x288) @ (288x32) input=uint8 ... done (18.5s)
    [osimulator] (1x1024x288) @ (288x64) input=uint8 ... done (4.3s)
    [osimulator] (1x1024x576) @ (576x64) input=uint8 ... done (6.5s)
    [osimulator] (1x256x576) @ (576x128) input=uint8 ... done (6.4s)
    [osimulator] (1x1x8192) @ (8192x256) input=uint8 ... done (3.6s)
    [osimulator] (1x1x256) @ (256x10) input=uint8 ... done (0.0s)
  [Model 1 Phase4 v3 INT8 (变体 B) optic]  214/650 ( 32.9%) acc=98.13%  elapsed=8663s  ETA=17649s
    [osimulator] (1x4096x288) @ (288x32) input=uint8 ... done (17.9s)
    [osimulator] (1x1024x288) @ (288x64) input=uint8 ... done (4.3s)
    [osimulator] (1x1024x576) @ (576x64) input=uint8 ... done (6.4s)
    [osimulator] (1x256x576) @ (576x128) input=uint8 ... done (6.3s)
    [osimulator] (1x1x8192) @ (8192x256) input=uint8 ... done (3.6s)
    [osimulator] (1x1x256) @ (256x10) input=uint8 ... done (0.0s)
  [Model 1 Phase4 v3 INT8 (变体 B) optic]  215/650 ( 33.1%) acc=98.14%  elapsed=8701s  ETA=17605s
    [osimulator] (1x4096x288) @ (288x32) input=uint8 ... done (17.9s)
    [osimulator] (1x1024x288) @ (288x64) input=uint8 ... done (4.5s)
    [osimulator] (1x1024x576) @ (576x64) input=uint8 ... done (9.1s)
    [osimulator] (1x256x576) @ (576x128) input=uint8 ... done (6.1s)
    [osimulator] (1x1x8192) @ (8192x256) input=uint8 ... done (3.6s)
    [osimulator] (1x1x256) @ (256x10) input=uint8 ... done (0.0s)
  [Model 1 Phase4 v3 INT8 (变体 B) optic]  216/650 ( 33.2%) acc=98.15%  elapsed=8742s  ETA=17566s
    [osimulator] (1x4096x288) @ (288x32) input=uint8 ... done (18.0s)
    [osimulator] (1x1024x288) @ (288x64) input=uint8 ... done (4.3s)
    [osimulator] (1x1024x576) @ (576x64) input=uint8 ... done (6.4s)
    [osimulator] (1x256x576) @ (576x128) input=uint8 ... done (6.4s)
    [osimulator] (1x1x8192) @ (8192x256) input=uint8 ... done (3.7s)
    [osimulator] (1x1x256) @ (256x10) input=uint8 ... done (0.0s)
  [Model 1 Phase4 v3 INT8 (变体 B) optic]  217/650 ( 33.4%) acc=98.16%  elapsed=8781s  ETA=17522s
    [osimulator] (1x4096x288) @ (288x32) input=uint8 ... done (18.1s)
    [osimulator] (1x1024x288) @ (288x64) input=uint8 ... done (4.3s)
    [osimulator] (1x1024x576) @ (576x64) input=uint8 ... done (6.3s)
    [osimulator] (1x256x576) @ (576x128) input=uint8 ... done (6.4s)
    [osimulator] (1x1x8192) @ (8192x256) input=uint8 ... done (3.7s)
    [osimulator] (1x1x256) @ (256x10) input=uint8 ... done (0.0s)
  [Model 1 Phase4 v3 INT8 (变体 B) optic]  218/650 ( 33.5%) acc=98.17%  elapsed=8820s  ETA=17478s
    [osimulator] (1x4096x288) @ (288x32) input=uint8 ... done (18.0s)
    [osimulator] (1x1024x288) @ (288x64) input=uint8 ... done (4.2s)
    [osimulator] (1x1024x576) @ (576x64) input=uint8 ... done (9.1s)
    [osimulator] (1x256x576) @ (576x128) input=uint8 ... done (6.4s)
    [osimulator] (1x1x8192) @ (8192x256) input=uint8 ... done (3.7s)
    [osimulator] (1x1x256) @ (256x10) input=uint8 ... done (0.0s)
  [Model 1 Phase4 v3 INT8 (变体 B) optic]  219/650 ( 33.7%) acc=98.17%  elapsed=8862s  ETA=17440s
    [osimulator] (1x4096x288) @ (288x32) input=uint8 ... done (17.9s)
    [osimulator] (1x1024x288) @ (288x64) input=uint8 ... done (4.2s)
    [osimulator] (1x1024x576) @ (576x64) input=uint8 ... done (6.3s)
    [osimulator] (1x256x576) @ (576x128) input=uint8 ... done (6.3s)
    [osimulator] (1x1x8192) @ (8192x256) input=uint8 ... done (3.6s)
    [osimulator] (1x1x256) @ (256x10) input=uint8 ... done (0.0s)
  [Model 1 Phase4 v3 INT8 (变体 B) optic]  220/650 ( 33.8%) acc=98.18%  elapsed=8900s  ETA=17395s
    [osimulator] (1x4096x288) @ (288x32) input=uint8 ... done (18.2s)
    [osimulator] (1x1024x288) @ (288x64) input=uint8 ... done (4.2s)
    [osimulator] (1x1024x576) @ (576x64) input=uint8 ... done (6.3s)
    [osimulator] (1x256x576) @ (576x128) input=uint8 ... done (6.3s)
    [osimulator] (1x1x8192) @ (8192x256) input=uint8 ... done (3.7s)
    [osimulator] (1x1x256) @ (256x10) input=uint8 ... done (0.0s)
  [Model 1 Phase4 v3 INT8 (变体 B) optic]  221/650 ( 34.0%) acc=98.19%  elapsed=8939s  ETA=17352s
    [osimulator] (1x4096x288) @ (288x32) input=uint8 ... done (18.1s)
    [osimulator] (1x1024x288) @ (288x64) input=uint8 ... done (4.3s)
    [osimulator] (1x1024x576) @ (576x64) input=uint8 ... done (6.3s)
    [osimulator] (1x256x576) @ (576x128) input=uint8 ... done (6.3s)
    [osimulator] (1x1x8192) @ (8192x256) input=uint8 ... done (3.6s)
    [osimulator] (1x1x256) @ (256x10) input=uint8 ... done (0.0s)
  [Model 1 Phase4 v3 INT8 (变体 B) optic]  222/650 ( 34.2%) acc=98.20%  elapsed=8977s  ETA=17308s
    [osimulator] (1x4096x288) @ (288x32) input=uint8 ... done (18.2s)
    [osimulator] (1x1024x288) @ (288x64) input=uint8 ... done (4.3s)
    [osimulator] (1x1024x576) @ (576x64) input=uint8 ... done (10.4s)
    [osimulator] (1x256x576) @ (576x128) input=uint8 ... done (6.3s)
    [osimulator] (1x1x8192) @ (8192x256) input=uint8 ... done (3.6s)
    [osimulator] (1x1x256) @ (256x10) input=uint8 ... done (0.0s)
  [Model 1 Phase4 v3 INT8 (变体 B) optic]  223/650 ( 34.3%) acc=98.21%  elapsed=9020s  ETA=17272s
    [osimulator] (1x4096x288) @ (288x32) input=uint8 ... done (18.1s)
    [osimulator] (1x1024x288) @ (288x64) input=uint8 ... done (4.2s)
    [osimulator] (1x1024x576) @ (576x64) input=uint8 ... done (7.9s)
    [osimulator] (1x256x576) @ (576x128) input=uint8 ... done (6.4s)
    [osimulator] (1x1x8192) @ (8192x256) input=uint8 ... done (3.7s)
    [osimulator] (1x1x256) @ (256x10) input=uint8 ... done (0.0s)
  [Model 1 Phase4 v3 INT8 (变体 B) optic]  224/650 ( 34.5%) acc=98.21%  elapsed=9060s  ETA=17231s
    [osimulator] (1x4096x288) @ (288x32) input=uint8 ... done (17.9s)
    [osimulator] (1x1024x288) @ (288x64) input=uint8 ... done (4.2s)
    [osimulator] (1x1024x576) @ (576x64) input=uint8 ... done (9.1s)
    [osimulator] (1x256x576) @ (576x128) input=uint8 ... done (6.3s)
    [osimulator] (1x1x8192) @ (8192x256) input=uint8 ... done (3.6s)
    [osimulator] (1x1x256) @ (256x10) input=uint8 ... done (0.0s)
  [Model 1 Phase4 v3 INT8 (变体 B) optic]  225/650 ( 34.6%) acc=98.22%  elapsed=9102s  ETA=17192s
    [osimulator] (1x4096x288) @ (288x32) input=uint8 ... done (18.1s)
    [osimulator] (1x1024x288) @ (288x64) input=uint8 ... done (4.2s)
    [osimulator] (1x1024x576) @ (576x64) input=uint8 ... done (6.7s)
    [osimulator] (1x256x576) @ (576x128) input=uint8 ... done (6.2s)
    [osimulator] (1x1x8192) @ (8192x256) input=uint8 ... done (3.5s)
    [osimulator] (1x1x256) @ (256x10) input=uint8 ... done (0.0s)
  [Model 1 Phase4 v3 INT8 (变体 B) optic]  226/650 ( 34.8%) acc=98.23%  elapsed=9141s  ETA=17149s
    [osimulator] (1x4096x288) @ (288x32) input=uint8 ... done (18.1s)
    [osimulator] (1x1024x288) @ (288x64) input=uint8 ... done (4.3s)
    [osimulator] (1x1024x576) @ (576x64) input=uint8 ... done (11.1s)
    [osimulator] (1x256x576) @ (576x128) input=uint8 ... done (6.4s)
    [osimulator] (1x1x8192) @ (8192x256) input=uint8 ... done (3.6s)
    [osimulator] (1x1x256) @ (256x10) input=uint8 ... done (0.0s)
  [Model 1 Phase4 v3 INT8 (变体 B) optic]  227/650 ( 34.9%) acc=98.24%  elapsed=9184s  ETA=17114s
    [osimulator] (1x4096x288) @ (288x32) input=uint8 ... done (18.1s)
    [osimulator] (1x1024x288) @ (288x64) input=uint8 ... done (4.2s)
    [osimulator] (1x1024x576) @ (576x64) input=uint8 ... done (6.8s)
    [osimulator] (1x256x576) @ (576x128) input=uint8 ... done (6.3s)
    [osimulator] (1x1x8192) @ (8192x256) input=uint8 ... done (3.7s)
    [osimulator] (1x1x256) @ (256x10) input=uint8 ... done (0.0s)
  [Model 1 Phase4 v3 INT8 (变体 B) optic]  228/650 ( 35.1%) acc=98.25%  elapsed=9223s  ETA=17071s
    [osimulator] (1x4096x288) @ (288x32) input=uint8 ... done (18.3s)
    [osimulator] (1x1024x288) @ (288x64) input=uint8 ... done (4.2s)
    [osimulator] (1x1024x576) @ (576x64) input=uint8 ... done (8.2s)
    [osimulator] (1x256x576) @ (576x128) input=uint8 ... done (6.4s)
    [osimulator] (1x1x8192) @ (8192x256) input=uint8 ... done (3.8s)
    [osimulator] (1x1x256) @ (256x10) input=uint8 ... done (0.0s)
  [Model 1 Phase4 v3 INT8 (变体 B) optic]  229/650 ( 35.2%) acc=98.25%  elapsed=9264s  ETA=17031s
    [osimulator] (1x4096x288) @ (288x32) input=uint8 ... done (18.1s)
    [osimulator] (1x1024x288) @ (288x64) input=uint8 ... done (4.3s)
    [osimulator] (1x1024x576) @ (576x64) input=uint8 ... done (8.1s)
    [osimulator] (1x256x576) @ (576x128) input=uint8 ... done (6.3s)
    [osimulator] (1x1x8192) @ (8192x256) input=uint8 ... done (3.5s)
    [osimulator] (1x1x256) @ (256x10) input=uint8 ... done (0.0s)
  [Model 1 Phase4 v3 INT8 (变体 B) optic]  230/650 ( 35.4%) acc=98.26%  elapsed=9304s  ETA=16991s
    [osimulator] (1x4096x288) @ (288x32) input=uint8 ... done (18.1s)
    [osimulator] (1x1024x288) @ (288x64) input=uint8 ... done (4.2s)
    [osimulator] (1x1024x576) @ (576x64) input=uint8 ... done (8.6s)
    [osimulator] (1x256x576) @ (576x128) input=uint8 ... done (6.2s)
    [osimulator] (1x1x8192) @ (8192x256) input=uint8 ... done (3.6s)
    [osimulator] (1x1x256) @ (256x10) input=uint8 ... done (0.0s)
  [Model 1 Phase4 v3 INT8 (变体 B) optic]  231/650 ( 35.5%) acc=98.27%  elapsed=9345s  ETA=16951s
    [osimulator] (1x4096x288) @ (288x32) input=uint8 ... done (18.4s)
    [osimulator] (1x1024x288) @ (288x64) input=uint8 ... done (4.2s)
    [osimulator] (1x1024x576) @ (576x64) input=uint8 ... done (11.9s)
    [osimulator] (1x256x576) @ (576x128) input=uint8 ... done (6.4s)
    [osimulator] (1x1x8192) @ (8192x256) input=uint8 ... done (3.5s)
    [osimulator] (1x1x256) @ (256x10) input=uint8 ... done (0.0s)
  [Model 1 Phase4 v3 INT8 (变体 B) optic]  232/650 ( 35.7%) acc=98.28%  elapsed=9390s  ETA=16918s
    [osimulator] (1x4096x288) @ (288x32) input=uint8 ... done (18.4s)
    [osimulator] (1x1024x288) @ (288x64) input=uint8 ... done (4.2s)
    [osimulator] (1x1024x576) @ (576x64) input=uint8 ... done (6.4s)
    [osimulator] (1x256x576) @ (576x128) input=uint8 ... done (6.2s)
    [osimulator] (1x1x8192) @ (8192x256) input=uint8 ... done (3.6s)
    [osimulator] (1x1x256) @ (256x10) input=uint8 ... done (0.0s)
  [Model 1 Phase4 v3 INT8 (变体 B) optic]  233/650 ( 35.8%) acc=98.28%  elapsed=9429s  ETA=16874s
    [osimulator] (1x4096x288) @ (288x32) input=uint8 ... done (18.4s)
    [osimulator] (1x1024x288) @ (288x64) input=uint8 ... done (4.3s)
    [osimulator] (1x1024x576) @ (576x64) input=uint8 ... done (6.3s)
    [osimulator] (1x256x576) @ (576x128) input=uint8 ... done (6.4s)
    [osimulator] (1x1x8192) @ (8192x256) input=uint8 ... done (3.7s)
    [osimulator] (1x1x256) @ (256x10) input=uint8 ... done (0.0s)
  [Model 1 Phase4 v3 INT8 (变体 B) optic]  234/650 ( 36.0%) acc=98.29%  elapsed=9468s  ETA=16831s
    [osimulator] (1x4096x288) @ (288x32) input=uint8 ... done (18.2s)
    [osimulator] (1x1024x288) @ (288x64) input=uint8 ... done (4.3s)
    [osimulator] (1x1024x576) @ (576x64) input=uint8 ... done (6.6s)
    [osimulator] (1x256x576) @ (576x128) input=uint8 ... done (6.3s)
    [osimulator] (1x1x8192) @ (8192x256) input=uint8 ... done (3.5s)
    [osimulator] (1x1x256) @ (256x10) input=uint8 ... done (0.0s)
  [Model 1 Phase4 v3 INT8 (变体 B) optic]  235/650 ( 36.2%) acc=98.30%  elapsed=9507s  ETA=16788s
    [osimulator] (1x4096x288) @ (288x32) input=uint8 ... done (18.3s)
    [osimulator] (1x1024x288) @ (288x64) input=uint8 ... done (4.2s)
    [osimulator] (1x1024x576) @ (576x64) input=uint8 ... done (7.7s)
    [osimulator] (1x256x576) @ (576x128) input=uint8 ... done (6.3s)
    [osimulator] (1x1x8192) @ (8192x256) input=uint8 ... done (3.8s)
    [osimulator] (1x1x256) @ (256x10) input=uint8 ... done (0.0s)
  [Model 1 Phase4 v3 INT8 (变体 B) optic]  236/650 ( 36.3%) acc=98.31%  elapsed=9547s  ETA=16748s
    [osimulator] (1x4096x288) @ (288x32) input=uint8 ... done (18.4s)
    [osimulator] (1x1024x288) @ (288x64) input=uint8 ... done (4.2s)
    [osimulator] (1x1024x576) @ (576x64) input=uint8 ... done (8.8s)
    [osimulator] (1x256x576) @ (576x128) input=uint8 ... done (6.4s)
    [osimulator] (1x1x8192) @ (8192x256) input=uint8 ... done (3.5s)
    [osimulator] (1x1x256) @ (256x10) input=uint8 ... done (0.0s)
  [Model 1 Phase4 v3 INT8 (变体 B) optic]  237/650 ( 36.5%) acc=98.31%  elapsed=9588s  ETA=16709s
    [osimulator] (1x4096x288) @ (288x32) input=uint8 ... done (18.2s)
    [osimulator] (1x1024x288) @ (288x64) input=uint8 ... done (4.2s)
    [osimulator] (1x1024x576) @ (576x64) input=uint8 ... done (6.4s)
    [osimulator] (1x256x576) @ (576x128) input=uint8 ... done (6.4s)
    [osimulator] (1x1x8192) @ (8192x256) input=uint8 ... done (3.7s)
    [osimulator] (1x1x256) @ (256x10) input=uint8 ... done (0.0s)
  [Model 1 Phase4 v3 INT8 (变体 B) optic]  238/650 ( 36.6%) acc=98.32%  elapsed=9627s  ETA=16666s
    [osimulator] (1x4096x288) @ (288x32) input=uint8 ... done (18.3s)
    [osimulator] (1x1024x288) @ (288x64) input=uint8 ... done (4.2s)
    [osimulator] (1x1024x576) @ (576x64) input=uint8 ... done (6.3s)
    [osimulator] (1x256x576) @ (576x128) input=uint8 ... done (6.4s)
    [osimulator] (1x1x8192) @ (8192x256) input=uint8 ... done (3.6s)
    [osimulator] (1x1x256) @ (256x10) input=uint8 ... done (0.0s)
  [Model 1 Phase4 v3 INT8 (变体 B) optic]  239/650 ( 36.8%) acc=98.33%  elapsed=9666s  ETA=16623s
    [osimulator] (1x4096x288) @ (288x32) input=uint8 ... done (18.3s)
    [osimulator] (1x1024x288) @ (288x64) input=uint8 ... done (4.2s)
    [osimulator] (1x1024x576) @ (576x64) input=uint8 ... done (6.2s)
    [osimulator] (1x256x576) @ (576x128) input=uint8 ... done (6.2s)
    [osimulator] (1x1x8192) @ (8192x256) input=uint8 ... done (3.5s)
    [osimulator] (1x1x256) @ (256x10) input=uint8 ... done (0.0s)
  [Model 1 Phase4 v3 INT8 (变体 B) optic]  240/650 ( 36.9%) acc=98.33%  elapsed=9705s  ETA=16579s
    [osimulator] (1x4096x288) @ (288x32) input=uint8 ... done (18.4s)
    [osimulator] (1x1024x288) @ (288x64) input=uint8 ... done (4.2s)
    [osimulator] (1x1024x576) @ (576x64) input=uint8 ... done (11.5s)
    [osimulator] (1x256x576) @ (576x128) input=uint8 ... done (6.4s)
    [osimulator] (1x1x8192) @ (8192x256) input=uint8 ... done (3.7s)
    [osimulator] (1x1x256) @ (256x10) input=uint8 ... done (0.0s)
  [Model 1 Phase4 v3 INT8 (变体 B) optic]  241/650 ( 37.1%) acc=98.34%  elapsed=9749s  ETA=16545s
    [osimulator] (1x4096x288) @ (288x32) input=uint8 ... done (18.3s)
    [osimulator] (1x1024x288) @ (288x64) input=uint8 ... done (4.2s)
    [osimulator] (1x1024x576) @ (576x64) input=uint8 ... done (6.2s)
    [osimulator] (1x256x576) @ (576x128) input=uint8 ... done (6.3s)
    [osimulator] (1x1x8192) @ (8192x256) input=uint8 ... done (3.6s)
    [osimulator] (1x1x256) @ (256x10) input=uint8 ... done (0.0s)
  [Model 1 Phase4 v3 INT8 (变体 B) optic]  242/650 ( 37.2%) acc=98.35%  elapsed=9788s  ETA=16501s
    [osimulator] (1x4096x288) @ (288x32) input=uint8 ... done (18.5s)
    [osimulator] (1x1024x288) @ (288x64) input=uint8 ... done (4.3s)
    [osimulator] (1x1024x576) @ (576x64) input=uint8 ... done (12.0s)
    [osimulator] (1x256x576) @ (576x128) input=uint8 ... done (6.2s)
    [osimulator] (1x1x8192) @ (8192x256) input=uint8 ... done (3.6s)
    [osimulator] (1x1x256) @ (256x10) input=uint8 ... done (0.0s)
  [Model 1 Phase4 v3 INT8 (变体 B) optic]  243/650 ( 37.4%) acc=98.35%  elapsed=9832s  ETA=16468s
    [osimulator] (1x4096x288) @ (288x32) input=uint8 ... done (18.4s)
    [osimulator] (1x1024x288) @ (288x64) input=uint8 ... done (4.3s)
    [osimulator] (1x1024x576) @ (576x64) input=uint8 ... done (6.4s)
    [osimulator] (1x256x576) @ (576x128) input=uint8 ... done (6.4s)
    [osimulator] (1x1x8192) @ (8192x256) input=uint8 ... done (3.4s)
    [osimulator] (1x1x256) @ (256x10) input=uint8 ... done (0.0s)
  [Model 1 Phase4 v3 INT8 (变体 B) optic]  244/650 ( 37.5%) acc=98.36%  elapsed=9871s  ETA=16425s
    [osimulator] (1x4096x288) @ (288x32) input=uint8 ... done (18.5s)
    [osimulator] (1x1024x288) @ (288x64) input=uint8 ... done (4.2s)
    [osimulator] (1x1024x576) @ (576x64) input=uint8 ... done (6.3s)
    [osimulator] (1x256x576) @ (576x128) input=uint8 ... done (6.5s)
    [osimulator] (1x1x8192) @ (8192x256) input=uint8 ... done (3.7s)
    [osimulator] (1x1x256) @ (256x10) input=uint8 ... done (0.0s)
  [Model 1 Phase4 v3 INT8 (变体 B) optic]  245/650 ( 37.7%) acc=98.37%  elapsed=9910s  ETA=16382s
    [osimulator] (1x4096x288) @ (288x32) input=uint8 ... done (18.4s)
    [osimulator] (1x1024x288) @ (288x64) input=uint8 ... done (4.3s)
    [osimulator] (1x1024x576) @ (576x64) input=uint8 ... done (8.9s)
    [osimulator] (1x256x576) @ (576x128) input=uint8 ... done (6.3s)
    [osimulator] (1x1x8192) @ (8192x256) input=uint8 ... done (3.6s)
    [osimulator] (1x1x256) @ (256x10) input=uint8 ... done (0.0s)
  [Model 1 Phase4 v3 INT8 (变体 B) optic]  246/650 ( 37.8%) acc=98.37%  elapsed=9952s  ETA=16344s
    [osimulator] (1x4096x288) @ (288x32) input=uint8 ... done (18.3s)
    [osimulator] (1x1024x288) @ (288x64) input=uint8 ... done (4.3s)
    [osimulator] (1x1024x576) @ (576x64) input=uint8 ... done (6.3s)
    [osimulator] (1x256x576) @ (576x128) input=uint8 ... done (6.5s)
    [osimulator] (1x1x8192) @ (8192x256) input=uint8 ... done (3.5s)
    [osimulator] (1x1x256) @ (256x10) input=uint8 ... done (0.0s)
  [Model 1 Phase4 v3 INT8 (变体 B) optic]  247/650 ( 38.0%) acc=98.38%  elapsed=9991s  ETA=16301s
    [osimulator] (1x4096x288) @ (288x32) input=uint8 ... done (18.4s)
    [osimulator] (1x1024x288) @ (288x64) input=uint8 ... done (4.3s)
    [osimulator] (1x1024x576) @ (576x64) input=uint8 ... done (6.3s)
    [osimulator] (1x256x576) @ (576x128) input=uint8 ... done (6.3s)
    [osimulator] (1x1x8192) @ (8192x256) input=uint8 ... done (3.4s)
    [osimulator] (1x1x256) @ (256x10) input=uint8 ... done (0.0s)
  [Model 1 Phase4 v3 INT8 (变体 B) optic]  248/650 ( 38.2%) acc=98.39%  elapsed=10030s  ETA=16258s
    [osimulator] (1x4096x288) @ (288x32) input=uint8 ... done (18.3s)
    [osimulator] (1x1024x288) @ (288x64) input=uint8 ... done (4.3s)
    [osimulator] (1x1024x576) @ (576x64) input=uint8 ... done (6.4s)
    [osimulator] (1x256x576) @ (576x128) input=uint8 ... done (6.4s)
    [osimulator] (1x1x8192) @ (8192x256) input=uint8 ... done (3.7s)
    [osimulator] (1x1x256) @ (256x10) input=uint8 ... done (0.0s)
  [Model 1 Phase4 v3 INT8 (变体 B) optic]  249/650 ( 38.3%) acc=98.39%  elapsed=10069s  ETA=16215s
    [osimulator] (1x4096x288) @ (288x32) input=uint8 ... done (18.3s)
    [osimulator] (1x1024x288) @ (288x64) input=uint8 ... done (4.3s)
    [osimulator] (1x1024x576) @ (576x64) input=uint8 ... done (8.2s)
    [osimulator] (1x256x576) @ (576x128) input=uint8 ... done (6.4s)
    [osimulator] (1x1x8192) @ (8192x256) input=uint8 ... done (3.5s)
    [osimulator] (1x1x256) @ (256x10) input=uint8 ... done (0.0s)
  [Model 1 Phase4 v3 INT8 (变体 B) optic]  250/650 ( 38.5%) acc=98.40%  elapsed=10109s  ETA=16175s
    [osimulator] (1x4096x288) @ (288x32) input=uint8 ... done (18.3s)
    [osimulator] (1x1024x288) @ (288x64) input=uint8 ... done (4.3s)
    [osimulator] (1x1024x576) @ (576x64) input=uint8 ... done (11.2s)
    [osimulator] (1x256x576) @ (576x128) input=uint8 ... done (6.3s)
    [osimulator] (1x1x8192) @ (8192x256) input=uint8 ... done (3.6s)
    [osimulator] (1x1x256) @ (256x10) input=uint8 ... done (0.0s)
  [Model 1 Phase4 v3 INT8 (变体 B) optic]  251/650 ( 38.6%) acc=98.41%  elapsed=10153s  ETA=16140s
    [osimulator] (1x4096x288) @ (288x32) input=uint8 ... done (18.3s)
    [osimulator] (1x1024x288) @ (288x64) input=uint8 ... done (4.3s)
    [osimulator] (1x1024x576) @ (576x64) input=uint8 ... done (6.8s)
    [osimulator] (1x256x576) @ (576x128) input=uint8 ... done (6.4s)
    [osimulator] (1x1x8192) @ (8192x256) input=uint8 ... done (3.6s)
    [osimulator] (1x1x256) @ (256x10) input=uint8 ... done (0.0s)
  [Model 1 Phase4 v3 INT8 (变体 B) optic]  252/650 ( 38.8%) acc=98.41%  elapsed=10193s  ETA=16098s
    [osimulator] (1x4096x288) @ (288x32) input=uint8 ... done (18.3s)
    [osimulator] (1x1024x288) @ (288x64) input=uint8 ... done (4.3s)
    [osimulator] (1x1024x576) @ (576x64) input=uint8 ... done (8.2s)
    [osimulator] (1x256x576) @ (576x128) input=uint8 ... done (6.4s)
    [osimulator] (1x1x8192) @ (8192x256) input=uint8 ... done (3.6s)
    [osimulator] (1x1x256) @ (256x10) input=uint8 ... done (0.0s)
  [Model 1 Phase4 v3 INT8 (变体 B) optic]  253/650 ( 38.9%) acc=98.42%  elapsed=10233s  ETA=16058s
    [osimulator] (1x4096x288) @ (288x32) input=uint8 ... done (18.4s)
    [osimulator] (1x1024x288) @ (288x64) input=uint8 ... done (4.3s)
    [osimulator] (1x1024x576) @ (576x64) input=uint8 ... done (9.6s)
    [osimulator] (1x256x576) @ (576x128) input=uint8 ... done (6.4s)
    [osimulator] (1x1x8192) @ (8192x256) input=uint8 ... done (3.6s)
    [osimulator] (1x1x256) @ (256x10) input=uint8 ... done (0.0s)
  [Model 1 Phase4 v3 INT8 (变体 B) optic]  254/650 ( 39.1%) acc=98.43%  elapsed=10276s  ETA=16020s
    [osimulator] (1x4096x288) @ (288x32) input=uint8 ... done (18.3s)
    [osimulator] (1x1024x288) @ (288x64) input=uint8 ... done (4.3s)
    [osimulator] (1x1024x576) @ (576x64) input=uint8 ... done (6.2s)
    [osimulator] (1x256x576) @ (576x128) input=uint8 ... done (6.4s)
    [osimulator] (1x1x8192) @ (8192x256) input=uint8 ... done (3.6s)
    [osimulator] (1x1x256) @ (256x10) input=uint8 ... done (0.0s)
  [Model 1 Phase4 v3 INT8 (变体 B) optic]  255/650 ( 39.2%) acc=98.43%  elapsed=10314s  ETA=15977s
    [osimulator] (1x4096x288) @ (288x32) input=uint8 ... done (18.3s)
    [osimulator] (1x1024x288) @ (288x64) input=uint8 ... done (4.2s)
    [osimulator] (1x1024x576) @ (576x64) input=uint8 ... done (7.6s)
    [osimulator] (1x256x576) @ (576x128) input=uint8 ... done (6.3s)
    [osimulator] (1x1x8192) @ (8192x256) input=uint8 ... done (3.6s)
    [osimulator] (1x1x256) @ (256x10) input=uint8 ... done (0.0s)
  [Model 1 Phase4 v3 INT8 (变体 B) optic]  256/650 ( 39.4%) acc=98.44%  elapsed=10355s  ETA=15936s
    [osimulator] (1x4096x288) @ (288x32) input=uint8 ... done (18.4s)
    [osimulator] (1x1024x288) @ (288x64) input=uint8 ... done (4.2s)
    [osimulator] (1x1024x576) @ (576x64) input=uint8 ... done (8.3s)
    [osimulator] (1x256x576) @ (576x128) input=uint8 ... done (6.3s)
    [osimulator] (1x1x8192) @ (8192x256) input=uint8 ... done (3.7s)
    [osimulator] (1x1x256) @ (256x10) input=uint8 ... done (0.0s)
  [Model 1 Phase4 v3 INT8 (变体 B) optic]  257/650 ( 39.5%) acc=98.44%  elapsed=10395s  ETA=15897s
    [osimulator] (1x4096x288) @ (288x32) input=uint8 ... done (18.4s)
    [osimulator] (1x1024x288) @ (288x64) input=uint8 ... done (4.3s)
    [osimulator] (1x1024x576) @ (576x64) input=uint8 ... done (9.8s)
    [osimulator] (1x256x576) @ (576x128) input=uint8 ... done (6.4s)
    [osimulator] (1x1x8192) @ (8192x256) input=uint8 ... done (3.6s)
    [osimulator] (1x1x256) @ (256x10) input=uint8 ... done (0.0s)
  [Model 1 Phase4 v3 INT8 (变体 B) optic]  258/650 ( 39.7%) acc=98.45%  elapsed=10438s  ETA=15859s
    [osimulator] (1x4096x288) @ (288x32) input=uint8 ... done (18.5s)
    [osimulator] (1x1024x288) @ (288x64) input=uint8 ... done (4.2s)
    [osimulator] (1x1024x576) @ (576x64) input=uint8 ... done (11.3s)
    [osimulator] (1x256x576) @ (576x128) input=uint8 ... done (6.3s)
    [osimulator] (1x1x8192) @ (8192x256) input=uint8 ... done (3.6s)
    [osimulator] (1x1x256) @ (256x10) input=uint8 ... done (0.0s)
  [Model 1 Phase4 v3 INT8 (变体 B) optic]  259/650 ( 39.8%) acc=98.46%  elapsed=10482s  ETA=15824s
    [osimulator] (1x4096x288) @ (288x32) input=uint8 ... done (18.4s)
    [osimulator] (1x1024x288) @ (288x64) input=uint8 ... done (4.2s)
    [osimulator] (1x1024x576) @ (576x64) input=uint8 ... done (10.4s)
    [osimulator] (1x256x576) @ (576x128) input=uint8 ... done (6.2s)
    [osimulator] (1x1x8192) @ (8192x256) input=uint8 ... done (3.6s)
    [osimulator] (1x1x256) @ (256x10) input=uint8 ... done (0.0s)
  [Model 1 Phase4 v3 INT8 (变体 B) optic]  260/650 ( 40.0%) acc=98.46%  elapsed=10525s  ETA=15787s
    [osimulator] (1x4096x288) @ (288x32) input=uint8 ... done (18.3s)
    [osimulator] (1x1024x288) @ (288x64) input=uint8 ... done (4.2s)
    [osimulator] (1x1024x576) @ (576x64) input=uint8 ... done (6.7s)
    [osimulator] (1x256x576) @ (576x128) input=uint8 ... done (6.3s)
    [osimulator] (1x1x8192) @ (8192x256) input=uint8 ... done (3.6s)
    [osimulator] (1x1x256) @ (256x10) input=uint8 ... done (0.0s)
  [Model 1 Phase4 v3 INT8 (变体 B) optic]  261/650 ( 40.2%) acc=98.47%  elapsed=10564s  ETA=15745s
    [osimulator] (1x4096x288) @ (288x32) input=uint8 ... done (18.7s)
    [osimulator] (1x1024x288) @ (288x64) input=uint8 ... done (4.2s)
    [osimulator] (1x1024x576) @ (576x64) input=uint8 ... done (8.6s)
    [osimulator] (1x256x576) @ (576x128) input=uint8 ... done (6.2s)
    [osimulator] (1x1x8192) @ (8192x256) input=uint8 ... done (3.5s)
    [osimulator] (1x1x256) @ (256x10) input=uint8 ... done (0.0s)
  [Model 1 Phase4 v3 INT8 (变体 B) optic]  262/650 ( 40.3%) acc=98.47%  elapsed=10605s  ETA=15705s
    [osimulator] (1x4096x288) @ (288x32) input=uint8 ... done (18.5s)
    [osimulator] (1x1024x288) @ (288x64) input=uint8 ... done (4.2s)
    [osimulator] (1x1024x576) @ (576x64) input=uint8 ... done (7.5s)
    [osimulator] (1x256x576) @ (576x128) input=uint8 ... done (6.3s)
    [osimulator] (1x1x8192) @ (8192x256) input=uint8 ... done (3.5s)
    [osimulator] (1x1x256) @ (256x10) input=uint8 ... done (0.0s)
  [Model 1 Phase4 v3 INT8 (变体 B) optic]  263/650 ( 40.5%) acc=98.48%  elapsed=10645s  ETA=15664s
    [osimulator] (1x4096x288) @ (288x32) input=uint8 ... done (18.3s)
    [osimulator] (1x1024x288) @ (288x64) input=uint8 ... done (4.2s)
    [osimulator] (1x1024x576) @ (576x64) input=uint8 ... done (6.3s)
    [osimulator] (1x256x576) @ (576x128) input=uint8 ... done (6.3s)
    [osimulator] (1x1x8192) @ (8192x256) input=uint8 ... done (3.8s)
    [osimulator] (1x1x256) @ (256x10) input=uint8 ... done (0.0s)
  [Model 1 Phase4 v3 INT8 (变体 B) optic]  264/650 ( 40.6%) acc=98.48%  elapsed=10684s  ETA=15621s
    [osimulator] (1x4096x288) @ (288x32) input=uint8 ... done (18.5s)
    [osimulator] (1x1024x288) @ (288x64) input=uint8 ... done (4.2s)
    [osimulator] (1x1024x576) @ (576x64) input=uint8 ... done (6.8s)
    [osimulator] (1x256x576) @ (576x128) input=uint8 ... done (6.3s)
    [osimulator] (1x1x8192) @ (8192x256) input=uint8 ... done (3.7s)
    [osimulator] (1x1x256) @ (256x10) input=uint8 ... done (0.0s)
  [Model 1 Phase4 v3 INT8 (变体 B) optic]  265/650 ( 40.8%) acc=98.49%  elapsed=10724s  ETA=15580s
    [osimulator] (1x4096x288) @ (288x32) input=uint8 ... done (18.7s)
    [osimulator] (1x1024x288) @ (288x64) input=uint8 ... done (4.6s)
    [osimulator] (1x1024x576) @ (576x64) input=uint8 ... done (8.9s)
    [osimulator] (1x256x576) @ (576x128) input=uint8 ... done (6.3s)
    [osimulator] (1x1x8192) @ (8192x256) input=uint8 ... done (3.6s)
    [osimulator] (1x1x256) @ (256x10) input=uint8 ... done (0.0s)
  [Model 1 Phase4 v3 INT8 (变体 B) optic]  266/650 ( 40.9%) acc=98.50%  elapsed=10766s  ETA=15542s
    [osimulator] (1x4096x288) @ (288x32) input=uint8 ... done (18.4s)
    [osimulator] (1x1024x288) @ (288x64) input=uint8 ... done (4.2s)
    [osimulator] (1x1024x576) @ (576x64) input=uint8 ... done (8.9s)
    [osimulator] (1x256x576) @ (576x128) input=uint8 ... done (6.3s)
    [osimulator] (1x1x8192) @ (8192x256) input=uint8 ... done (3.7s)
    [osimulator] (1x1x256) @ (256x10) input=uint8 ... done (0.0s)
  [Model 1 Phase4 v3 INT8 (变体 B) optic]  267/650 ( 41.1%) acc=98.50%  elapsed=10807s  ETA=15503s
    [osimulator] (1x4096x288) @ (288x32) input=uint8 ... done (18.5s)
    [osimulator] (1x1024x288) @ (288x64) input=uint8 ... done (4.2s)
    [osimulator] (1x1024x576) @ (576x64) input=uint8 ... done (6.2s)
    [osimulator] (1x256x576) @ (576x128) input=uint8 ... done (6.4s)
    [osimulator] (1x1x8192) @ (8192x256) input=uint8 ... done (3.6s)
    [osimulator] (1x1x256) @ (256x10) input=uint8 ... done (0.0s)
  [Model 1 Phase4 v3 INT8 (变体 B) optic]  268/650 ( 41.2%) acc=98.51%  elapsed=10846s  ETA=15460s
    [osimulator] (1x4096x288) @ (288x32) input=uint8 ... done (18.4s)
    [osimulator] (1x1024x288) @ (288x64) input=uint8 ... done (4.2s)
    [osimulator] (1x1024x576) @ (576x64) input=uint8 ... done (11.1s)
    [osimulator] (1x256x576) @ (576x128) input=uint8 ... done (6.3s)
    [osimulator] (1x1x8192) @ (8192x256) input=uint8 ... done (3.6s)
    [osimulator] (1x1x256) @ (256x10) input=uint8 ... done (0.0s)
  [Model 1 Phase4 v3 INT8 (变体 B) optic]  269/650 ( 41.4%) acc=98.51%  elapsed=10890s  ETA=15424s
    [osimulator] (1x4096x288) @ (288x32) input=uint8 ... done (18.4s)
    [osimulator] (1x1024x288) @ (288x64) input=uint8 ... done (4.3s)
    [osimulator] (1x1024x576) @ (576x64) input=uint8 ... done (9.1s)
    [osimulator] (1x256x576) @ (576x128) input=uint8 ... done (6.3s)
    [osimulator] (1x1x8192) @ (8192x256) input=uint8 ... done (3.5s)
    [osimulator] (1x1x256) @ (256x10) input=uint8 ... done (0.0s)
  [Model 1 Phase4 v3 INT8 (变体 B) optic]  270/650 ( 41.5%) acc=98.52%  elapsed=10932s  ETA=15385s
    [osimulator] (1x4096x288) @ (288x32) input=uint8 ... done (18.3s)
    [osimulator] (1x1024x288) @ (288x64) input=uint8 ... done (4.2s)
    [osimulator] (1x1024x576) @ (576x64) input=uint8 ... done (9.0s)
    [osimulator] (1x256x576) @ (576x128) input=uint8 ... done (6.3s)
    [osimulator] (1x1x8192) @ (8192x256) input=uint8 ... done (3.6s)
    [osimulator] (1x1x256) @ (256x10) input=uint8 ... done (0.0s)
  [Model 1 Phase4 v3 INT8 (变体 B) optic]  271/650 ( 41.7%) acc=98.52%  elapsed=10973s  ETA=15346s
    [osimulator] (1x4096x288) @ (288x32) input=uint8 ... done (18.3s)
    [osimulator] (1x1024x288) @ (288x64) input=uint8 ... done (4.3s)
    [osimulator] (1x1024x576) @ (576x64) input=uint8 ... done (6.3s)
    [osimulator] (1x256x576) @ (576x128) input=uint8 ... done (6.3s)
    [osimulator] (1x1x8192) @ (8192x256) input=uint8 ... done (3.6s)
    [osimulator] (1x1x256) @ (256x10) input=uint8 ... done (0.0s)
  [Model 1 Phase4 v3 INT8 (变体 B) optic]  272/650 ( 41.8%) acc=98.53%  elapsed=11012s  ETA=15303s
    [osimulator] (1x4096x288) @ (288x32) input=uint8 ... done (18.4s)
    [osimulator] (1x1024x288) @ (288x64) input=uint8 ... done (4.2s)
    [osimulator] (1x1024x576) @ (576x64) input=uint8 ... done (6.2s)
    [osimulator] (1x256x576) @ (576x128) input=uint8 ... done (6.4s)
    [osimulator] (1x1x8192) @ (8192x256) input=uint8 ... done (3.5s)
    [osimulator] (1x1x256) @ (256x10) input=uint8 ... done (0.0s)
  [Model 1 Phase4 v3 INT8 (变体 B) optic]  273/650 ( 42.0%) acc=98.53%  elapsed=11051s  ETA=15261s
    [osimulator] (1x4096x288) @ (288x32) input=uint8 ... done (18.4s)
    [osimulator] (1x1024x288) @ (288x64) input=uint8 ... done (4.3s)
    [osimulator] (1x1024x576) @ (576x64) input=uint8 ... done (6.3s)
    [osimulator] (1x256x576) @ (576x128) input=uint8 ... done (6.3s)
    [osimulator] (1x1x8192) @ (8192x256) input=uint8 ... done (3.7s)
    [osimulator] (1x1x256) @ (256x10) input=uint8 ... done (0.0s)
  [Model 1 Phase4 v3 INT8 (变体 B) optic]  274/650 ( 42.2%) acc=98.54%  elapsed=11090s  ETA=15218s
    [osimulator] (1x4096x288) @ (288x32) input=uint8 ... done (18.4s)
    [osimulator] (1x1024x288) @ (288x64) input=uint8 ... done (4.2s)
    [osimulator] (1x1024x576) @ (576x64) input=uint8 ... done (6.5s)
    [osimulator] (1x256x576) @ (576x128) input=uint8 ... done (6.3s)
    [osimulator] (1x1x8192) @ (8192x256) input=uint8 ... done (3.6s)
    [osimulator] (1x1x256) @ (256x10) input=uint8 ... done (0.0s)
  [Model 1 Phase4 v3 INT8 (变体 B) optic]  275/650 ( 42.3%) acc=98.55%  elapsed=11129s  ETA=15176s
    [osimulator] (1x4096x288) @ (288x32) input=uint8 ... done (18.3s)
    [osimulator] (1x1024x288) @ (288x64) input=uint8 ... done (4.2s)
    [osimulator] (1x1024x576) @ (576x64) input=uint8 ... done (12.0s)
    [osimulator] (1x256x576) @ (576x128) input=uint8 ... done (6.4s)
    [osimulator] (1x1x8192) @ (8192x256) input=uint8 ... done (3.6s)
    [osimulator] (1x1x256) @ (256x10) input=uint8 ... done (0.0s)
  [Model 1 Phase4 v3 INT8 (变体 B) optic]  276/650 ( 42.5%) acc=98.55%  elapsed=11173s  ETA=15141s
    [osimulator] (1x4096x288) @ (288x32) input=uint8 ... done (18.4s)
    [osimulator] (1x1024x288) @ (288x64) input=uint8 ... done (4.2s)
    [osimulator] (1x1024x576) @ (576x64) input=uint8 ... done (6.4s)
    [osimulator] (1x256x576) @ (576x128) input=uint8 ... done (6.3s)
    [osimulator] (1x1x8192) @ (8192x256) input=uint8 ... done (3.5s)
    [osimulator] (1x1x256) @ (256x10) input=uint8 ... done (0.0s)
  [Model 1 Phase4 v3 INT8 (变体 B) optic]  277/650 ( 42.6%) acc=98.56%  elapsed=11212s  ETA=15098s
    [osimulator] (1x4096x288) @ (288x32) input=uint8 ... done (18.3s)
    [osimulator] (1x1024x288) @ (288x64) input=uint8 ... done (4.3s)
    [osimulator] (1x1024x576) @ (576x64) input=uint8 ... done (7.6s)
    [osimulator] (1x256x576) @ (576x128) input=uint8 ... done (6.3s)
    [osimulator] (1x1x8192) @ (8192x256) input=uint8 ... done (3.7s)
    [osimulator] (1x1x256) @ (256x10) input=uint8 ... done (0.0s)
  [Model 1 Phase4 v3 INT8 (变体 B) optic]  278/650 ( 42.8%) acc=98.20%  elapsed=11252s  ETA=15057s
    [osimulator] (1x4096x288) @ (288x32) input=uint8 ... done (18.3s)
    [osimulator] (1x1024x288) @ (288x64) input=uint8 ... done (4.2s)
    [osimulator] (1x1024x576) @ (576x64) input=uint8 ... done (7.4s)
    [osimulator] (1x256x576) @ (576x128) input=uint8 ... done (6.3s)
    [osimulator] (1x1x8192) @ (8192x256) input=uint8 ... done (3.7s)
    [osimulator] (1x1x256) @ (256x10) input=uint8 ... done (0.0s)
  [Model 1 Phase4 v3 INT8 (变体 B) optic]  279/650 ( 42.9%) acc=98.21%  elapsed=11292s  ETA=15016s
    [osimulator] (1x4096x288) @ (288x32) input=uint8 ... done (18.4s)
    [osimulator] (1x1024x288) @ (288x64) input=uint8 ... done (4.3s)
    [osimulator] (1x1024x576) @ (576x64) input=uint8 ... done (8.3s)
    [osimulator] (1x256x576) @ (576x128) input=uint8 ... done (6.4s)
    [osimulator] (1x1x8192) @ (8192x256) input=uint8 ... done (3.8s)
    [osimulator] (1x1x256) @ (256x10) input=uint8 ... done (0.0s)
  [Model 1 Phase4 v3 INT8 (变体 B) optic]  280/650 ( 43.1%) acc=98.21%  elapsed=11333s  ETA=14976s
    [osimulator] (1x4096x288) @ (288x32) input=uint8 ... done (18.3s)
    [osimulator] (1x1024x288) @ (288x64) input=uint8 ... done (4.3s)
    [osimulator] (1x1024x576) @ (576x64) input=uint8 ... done (9.1s)
    [osimulator] (1x256x576) @ (576x128) input=uint8 ... done (6.3s)
    [osimulator] (1x1x8192) @ (8192x256) input=uint8 ... done (3.6s)
    [osimulator] (1x1x256) @ (256x10) input=uint8 ... done (0.0s)
  [Model 1 Phase4 v3 INT8 (变体 B) optic]  281/650 ( 43.2%) acc=98.22%  elapsed=11375s  ETA=14937s
    [osimulator] (1x4096x288) @ (288x32) input=uint8 ... done (14.7s)
    [osimulator] (1x1024x288) @ (288x64) input=uint8 ... done (4.3s)
    [osimulator] (1x1024x576) @ (576x64) input=uint8 ... done (6.3s)
    [osimulator] (1x256x576) @ (576x128) input=uint8 ... done (6.4s)
    [osimulator] (1x1x8192) @ (8192x256) input=uint8 ... done (3.7s)
    [osimulator] (1x1x256) @ (256x10) input=uint8 ... done (0.0s)
  [Model 1 Phase4 v3 INT8 (变体 B) optic]  282/650 ( 43.4%) acc=98.23%  elapsed=11410s  ETA=14890s
    [osimulator] (1x4096x288) @ (288x32) input=uint8 ... done (18.6s)
    [osimulator] (1x1024x288) @ (288x64) input=uint8 ... done (4.3s)
    [osimulator] (1x1024x576) @ (576x64) input=uint8 ... done (9.1s)
    [osimulator] (1x256x576) @ (576x128) input=uint8 ... done (6.3s)
    [osimulator] (1x1x8192) @ (8192x256) input=uint8 ... done (3.5s)
    [osimulator] (1x1x256) @ (256x10) input=uint8 ... done (0.0s)
  [Model 1 Phase4 v3 INT8 (变体 B) optic]  283/650 ( 43.5%) acc=98.23%  elapsed=11452s  ETA=14852s
    [osimulator] (1x4096x288) @ (288x32) input=uint8 ... done (18.5s)
    [osimulator] (1x1024x288) @ (288x64) input=uint8 ... done (4.3s)
    [osimulator] (1x1024x576) @ (576x64) input=uint8 ... done (9.9s)
    [osimulator] (1x256x576) @ (576x128) input=uint8 ... done (6.7s)
    [osimulator] (1x1x8192) @ (8192x256) input=uint8 ... done (3.6s)
    [osimulator] (1x1x256) @ (256x10) input=uint8 ... done (0.0s)
  [Model 1 Phase4 v3 INT8 (变体 B) optic]  284/650 ( 43.7%) acc=98.24%  elapsed=11495s  ETA=14815s
    [osimulator] (1x4096x288) @ (288x32) input=uint8 ... done (18.5s)
    [osimulator] (1x1024x288) @ (288x64) input=uint8 ... done (4.2s)
    [osimulator] (1x1024x576) @ (576x64) input=uint8 ... done (8.9s)
    [osimulator] (1x256x576) @ (576x128) input=uint8 ... done (6.4s)
    [osimulator] (1x1x8192) @ (8192x256) input=uint8 ... done (3.6s)
    [osimulator] (1x1x256) @ (256x10) input=uint8 ... done (0.0s)
  [Model 1 Phase4 v3 INT8 (变体 B) optic]  285/650 ( 43.8%) acc=98.25%  elapsed=11537s  ETA=14776s
    [osimulator] (1x4096x288) @ (288x32) input=uint8 ... done (18.5s)
    [osimulator] (1x1024x288) @ (288x64) input=uint8 ... done (4.3s)
    [osimulator] (1x1024x576) @ (576x64) input=uint8 ... done (9.1s)
    [osimulator] (1x256x576) @ (576x128) input=uint8 ... done (6.3s)
    [osimulator] (1x1x8192) @ (8192x256) input=uint8 ... done (3.5s)
    [osimulator] (1x1x256) @ (256x10) input=uint8 ... done (0.0s)
  [Model 1 Phase4 v3 INT8 (变体 B) optic]  286/650 ( 44.0%) acc=98.25%  elapsed=11579s  ETA=14737s
    [osimulator] (1x4096x288) @ (288x32) input=uint8 ... done (18.2s)
    [osimulator] (1x1024x288) @ (288x64) input=uint8 ... done (4.2s)
    [osimulator] (1x1024x576) @ (576x64) input=uint8 ... done (6.3s)
    [osimulator] (1x256x576) @ (576x128) input=uint8 ... done (6.3s)
    [osimulator] (1x1x8192) @ (8192x256) input=uint8 ... done (3.6s)
    [osimulator] (1x1x256) @ (256x10) input=uint8 ... done (0.0s)
  [Model 1 Phase4 v3 INT8 (变体 B) optic]  287/650 ( 44.2%) acc=98.26%  elapsed=11617s  ETA=14694s
    [osimulator] (1x4096x288) @ (288x32) input=uint8 ... done (18.2s)
    [osimulator] (1x1024x288) @ (288x64) input=uint8 ... done (4.3s)
    [osimulator] (1x1024x576) @ (576x64) input=uint8 ... done (8.9s)
    [osimulator] (1x256x576) @ (576x128) input=uint8 ... done (6.3s)
    [osimulator] (1x1x8192) @ (8192x256) input=uint8 ... done (3.5s)
    [osimulator] (1x1x256) @ (256x10) input=uint8 ... done (0.0s)
  [Model 1 Phase4 v3 INT8 (变体 B) optic]  288/650 ( 44.3%) acc=98.26%  elapsed=11659s  ETA=14654s
    [osimulator] (1x4096x288) @ (288x32) input=uint8 ... done (18.3s)
    [osimulator] (1x1024x288) @ (288x64) input=uint8 ... done (4.2s)
    [osimulator] (1x1024x576) @ (576x64) input=uint8 ... done (9.2s)
    [osimulator] (1x256x576) @ (576x128) input=uint8 ... done (6.3s)
    [osimulator] (1x1x8192) @ (8192x256) input=uint8 ... done (3.8s)
    [osimulator] (1x1x256) @ (256x10) input=uint8 ... done (0.0s)
  [Model 1 Phase4 v3 INT8 (变体 B) optic]  289/650 ( 44.5%) acc=98.27%  elapsed=11701s  ETA=14616s
    [osimulator] (1x4096x288) @ (288x32) input=uint8 ... done (18.2s)
    [osimulator] (1x1024x288) @ (288x64) input=uint8 ... done (4.2s)
    [osimulator] (1x1024x576) @ (576x64) input=uint8 ... done (8.1s)
    [osimulator] (1x256x576) @ (576x128) input=uint8 ... done (6.3s)
    [osimulator] (1x1x8192) @ (8192x256) input=uint8 ... done (3.8s)
    [osimulator] (1x1x256) @ (256x10) input=uint8 ... done (0.0s)
  [Model 1 Phase4 v3 INT8 (变体 B) optic]  290/650 ( 44.6%) acc=98.28%  elapsed=11741s  ETA=14575s
    [osimulator] (1x4096x288) @ (288x32) input=uint8 ... done (18.2s)
    [osimulator] (1x1024x288) @ (288x64) input=uint8 ... done (4.3s)
    [osimulator] (1x1024x576) @ (576x64) input=uint8 ... done (6.3s)
    [osimulator] (1x256x576) @ (576x128) input=uint8 ... done (6.3s)
    [osimulator] (1x1x8192) @ (8192x256) input=uint8 ... done (3.5s)
    [osimulator] (1x1x256) @ (256x10) input=uint8 ... done (0.0s)
  [Model 1 Phase4 v3 INT8 (变体 B) optic]  291/650 ( 44.8%) acc=98.28%  elapsed=11780s  ETA=14532s
    [osimulator] (1x4096x288) @ (288x32) input=uint8 ... done (18.3s)
    [osimulator] (1x1024x288) @ (288x64) input=uint8 ... done (4.2s)
    [osimulator] (1x1024x576) @ (576x64) input=uint8 ... done (8.9s)
    [osimulator] (1x256x576) @ (576x128) input=uint8 ... done (6.2s)
    [osimulator] (1x1x8192) @ (8192x256) input=uint8 ... done (3.5s)
    [osimulator] (1x1x256) @ (256x10) input=uint8 ... done (0.0s)
  [Model 1 Phase4 v3 INT8 (变体 B) optic]  292/650 ( 44.9%) acc=98.29%  elapsed=11821s  ETA=14493s
    [osimulator] (1x4096x288) @ (288x32) input=uint8 ... done (18.3s)
    [osimulator] (1x1024x288) @ (288x64) input=uint8 ... done (4.2s)
    [osimulator] (1x1024x576) @ (576x64) input=uint8 ... done (8.1s)
    [osimulator] (1x256x576) @ (576x128) input=uint8 ... done (6.2s)
    [osimulator] (1x1x8192) @ (8192x256) input=uint8 ... done (3.5s)
    [osimulator] (1x1x256) @ (256x10) input=uint8 ... done (0.0s)
  [Model 1 Phase4 v3 INT8 (变体 B) optic]  293/650 ( 45.1%) acc=98.29%  elapsed=11862s  ETA=14452s
    [osimulator] (1x4096x288) @ (288x32) input=uint8 ... done (18.1s)
    [osimulator] (1x1024x288) @ (288x64) input=uint8 ... done (4.2s)
    [osimulator] (1x1024x576) @ (576x64) input=uint8 ... done (7.8s)
    [osimulator] (1x256x576) @ (576x128) input=uint8 ... done (6.2s)
    [osimulator] (1x1x8192) @ (8192x256) input=uint8 ... done (3.5s)
    [osimulator] (1x1x256) @ (256x10) input=uint8 ... done (0.0s)
  [Model 1 Phase4 v3 INT8 (变体 B) optic]  294/650 ( 45.2%) acc=98.30%  elapsed=11901s  ETA=14411s
    [osimulator] (1x4096x288) @ (288x32) input=uint8 ... done (18.2s)
    [osimulator] (1x1024x288) @ (288x64) input=uint8 ... done (4.2s)
    [osimulator] (1x1024x576) @ (576x64) input=uint8 ... done (8.6s)
    [osimulator] (1x256x576) @ (576x128) input=uint8 ... done (6.3s)
    [osimulator] (1x1x8192) @ (8192x256) input=uint8 ... done (3.6s)
    [osimulator] (1x1x256) @ (256x10) input=uint8 ... done (0.0s)
  [Model 1 Phase4 v3 INT8 (变体 B) optic]  295/650 ( 45.4%) acc=98.31%  elapsed=11942s  ETA=14371s
    [osimulator] (1x4096x288) @ (288x32) input=uint8 ... done (18.3s)
    [osimulator] (1x1024x288) @ (288x64) input=uint8 ... done (4.2s)
    [osimulator] (1x1024x576) @ (576x64) input=uint8 ... done (6.2s)
    [osimulator] (1x256x576) @ (576x128) input=uint8 ... done (6.3s)
    [osimulator] (1x1x8192) @ (8192x256) input=uint8 ... done (3.5s)
    [osimulator] (1x1x256) @ (256x10) input=uint8 ... done (0.0s)
  [Model 1 Phase4 v3 INT8 (变体 B) optic]  296/650 ( 45.5%) acc=98.31%  elapsed=11981s  ETA=14329s
    [osimulator] (1x4096x288) @ (288x32) input=uint8 ... done (18.2s)
    [osimulator] (1x1024x288) @ (288x64) input=uint8 ... done (4.2s)
    [osimulator] (1x1024x576) @ (576x64) input=uint8 ... done (11.8s)
    [osimulator] (1x256x576) @ (576x128) input=uint8 ... done (6.2s)
    [osimulator] (1x1x8192) @ (8192x256) input=uint8 ... done (3.6s)
    [osimulator] (1x1x256) @ (256x10) input=uint8 ... done (0.0s)
  [Model 1 Phase4 v3 INT8 (变体 B) optic]  297/650 ( 45.7%) acc=97.98%  elapsed=12025s  ETA=14292s
    [osimulator] (1x4096x288) @ (288x32) input=uint8 ... done (18.2s)
    [osimulator] (1x1024x288) @ (288x64) input=uint8 ... done (4.2s)
    [osimulator] (1x1024x576) @ (576x64) input=uint8 ... done (6.2s)
    [osimulator] (1x256x576) @ (576x128) input=uint8 ... done (6.3s)
    [osimulator] (1x1x8192) @ (8192x256) input=uint8 ... done (3.6s)
    [osimulator] (1x1x256) @ (256x10) input=uint8 ... done (0.0s)
  [Model 1 Phase4 v3 INT8 (变体 B) optic]  298/650 ( 45.8%) acc=97.99%  elapsed=12064s  ETA=14250s
    [osimulator] (1x4096x288) @ (288x32) input=uint8 ... done (18.4s)
    [osimulator] (1x1024x288) @ (288x64) input=uint8 ... done (4.2s)
    [osimulator] (1x1024x576) @ (576x64) input=uint8 ... done (8.2s)
    [osimulator] (1x256x576) @ (576x128) input=uint8 ... done (6.2s)
    [osimulator] (1x1x8192) @ (8192x256) input=uint8 ... done (3.7s)
    [osimulator] (1x1x256) @ (256x10) input=uint8 ... done (0.0s)
  [Model 1 Phase4 v3 INT8 (变体 B) optic]  299/650 ( 46.0%) acc=97.99%  elapsed=12104s  ETA=14209s
    [osimulator] (1x4096x288) @ (288x32) input=uint8 ... done (18.3s)
    [osimulator] (1x1024x288) @ (288x64) input=uint8 ... done (4.2s)
    [osimulator] (1x1024x576) @ (576x64) input=uint8 ... done (7.2s)
    [osimulator] (1x256x576) @ (576x128) input=uint8 ... done (6.3s)
    [osimulator] (1x1x8192) @ (8192x256) input=uint8 ... done (3.6s)
    [osimulator] (1x1x256) @ (256x10) input=uint8 ... done (0.0s)
  [Model 1 Phase4 v3 INT8 (变体 B) optic]  300/650 ( 46.2%) acc=98.00%  elapsed=12144s  ETA=14168s
    [osimulator] (1x4096x288) @ (288x32) input=uint8 ... done (18.4s)
    [osimulator] (1x1024x288) @ (288x64) input=uint8 ... done (4.3s)
    [osimulator] (1x1024x576) @ (576x64) input=uint8 ... done (6.2s)
    [osimulator] (1x256x576) @ (576x128) input=uint8 ... done (6.4s)
    [osimulator] (1x1x8192) @ (8192x256) input=uint8 ... done (3.6s)
    [osimulator] (1x1x256) @ (256x10) input=uint8 ... done (0.0s)
  [Model 1 Phase4 v3 INT8 (变体 B) optic]  301/650 ( 46.3%) acc=98.01%  elapsed=12183s  ETA=14126s
    [osimulator] (1x4096x288) @ (288x32) input=uint8 ... done (18.5s)
    [osimulator] (1x1024x288) @ (288x64) input=uint8 ... done (4.3s)
    [osimulator] (1x1024x576) @ (576x64) input=uint8 ... done (8.1s)
    [osimulator] (1x256x576) @ (576x128) input=uint8 ... done (6.3s)
    [osimulator] (1x1x8192) @ (8192x256) input=uint8 ... done (3.6s)
    [osimulator] (1x1x256) @ (256x10) input=uint8 ... done (0.0s)
  [Model 1 Phase4 v3 INT8 (变体 B) optic]  302/650 ( 46.5%) acc=98.01%  elapsed=12224s  ETA=14086s
    [osimulator] (1x4096x288) @ (288x32) input=uint8 ... done (18.6s)
    [osimulator] (1x1024x288) @ (288x64) input=uint8 ... done (4.2s)
    [osimulator] (1x1024x576) @ (576x64) input=uint8 ... done (6.3s)
    [osimulator] (1x256x576) @ (576x128) input=uint8 ... done (6.2s)
    [osimulator] (1x1x8192) @ (8192x256) input=uint8 ... done (3.6s)
    [osimulator] (1x1x256) @ (256x10) input=uint8 ... done (0.0s)
  [Model 1 Phase4 v3 INT8 (变体 B) optic]  303/650 ( 46.6%) acc=98.02%  elapsed=12263s  ETA=14043s
    [osimulator] (1x4096x288) @ (288x32) input=uint8 ... done (18.6s)
    [osimulator] (1x1024x288) @ (288x64) input=uint8 ... done (4.2s)
    [osimulator] (1x1024x576) @ (576x64) input=uint8 ... done (8.5s)
    [osimulator] (1x256x576) @ (576x128) input=uint8 ... done (6.2s)
    [osimulator] (1x1x8192) @ (8192x256) input=uint8 ... done (3.5s)
    [osimulator] (1x1x256) @ (256x10) input=uint8 ... done (0.0s)
  [Model 1 Phase4 v3 INT8 (变体 B) optic]  304/650 ( 46.8%) acc=98.03%  elapsed=12304s  ETA=14004s
    [osimulator] (1x4096x288) @ (288x32) input=uint8 ... done (18.5s)
    [osimulator] (1x1024x288) @ (288x64) input=uint8 ... done (4.2s)
    [osimulator] (1x1024x576) @ (576x64) input=uint8 ... done (7.3s)
    [osimulator] (1x256x576) @ (576x128) input=uint8 ... done (6.3s)
    [osimulator] (1x1x8192) @ (8192x256) input=uint8 ... done (3.6s)
    [osimulator] (1x1x256) @ (256x10) input=uint8 ... done (0.0s)
  [Model 1 Phase4 v3 INT8 (变体 B) optic]  305/650 ( 46.9%) acc=98.03%  elapsed=12344s  ETA=13962s
    [osimulator] (1x4096x288) @ (288x32) input=uint8 ... done (18.5s)
    [osimulator] (1x1024x288) @ (288x64) input=uint8 ... done (4.2s)
    [osimulator] (1x1024x576) @ (576x64) input=uint8 ... done (6.3s)
    [osimulator] (1x256x576) @ (576x128) input=uint8 ... done (6.3s)
    [osimulator] (1x1x8192) @ (8192x256) input=uint8 ... done (3.5s)
    [osimulator] (1x1x256) @ (256x10) input=uint8 ... done (0.0s)
  [Model 1 Phase4 v3 INT8 (变体 B) optic]  306/650 ( 47.1%) acc=98.04%  elapsed=12382s  ETA=13920s
    [osimulator] (1x4096x288) @ (288x32) input=uint8 ... done (18.6s)
    [osimulator] (1x1024x288) @ (288x64) input=uint8 ... done (4.3s)
    [osimulator] (1x1024x576) @ (576x64) input=uint8 ... done (6.3s)
    [osimulator] (1x256x576) @ (576x128) input=uint8 ... done (6.3s)
    [osimulator] (1x1x8192) @ (8192x256) input=uint8 ... done (3.7s)
    [osimulator] (1x1x256) @ (256x10) input=uint8 ... done (0.0s)
  [Model 1 Phase4 v3 INT8 (变体 B) optic]  307/650 ( 47.2%) acc=98.05%  elapsed=12422s  ETA=13878s
    [osimulator] (1x4096x288) @ (288x32) input=uint8 ... done (18.4s)
    [osimulator] (1x1024x288) @ (288x64) input=uint8 ... done (4.2s)
    [osimulator] (1x1024x576) @ (576x64) input=uint8 ... done (10.2s)
    [osimulator] (1x256x576) @ (576x128) input=uint8 ... done (6.3s)
    [osimulator] (1x1x8192) @ (8192x256) input=uint8 ... done (3.5s)
    [osimulator] (1x1x256) @ (256x10) input=uint8 ... done (0.0s)
  [Model 1 Phase4 v3 INT8 (变体 B) optic]  308/650 ( 47.4%) acc=98.05%  elapsed=12464s  ETA=13840s
    [osimulator] (1x4096x288) @ (288x32) input=uint8 ... done (18.5s)
    [osimulator] (1x1024x288) @ (288x64) input=uint8 ... done (4.3s)
    [osimulator] (1x1024x576) @ (576x64) input=uint8 ... done (6.4s)
    [osimulator] (1x256x576) @ (576x128) input=uint8 ... done (6.2s)
    [osimulator] (1x1x8192) @ (8192x256) input=uint8 ... done (3.6s)
    [osimulator] (1x1x256) @ (256x10) input=uint8 ... done (0.0s)
  [Model 1 Phase4 v3 INT8 (变体 B) optic]  309/650 ( 47.5%) acc=98.06%  elapsed=12503s  ETA=13798s
    [osimulator] (1x4096x288) @ (288x32) input=uint8 ... done (18.5s)
    [osimulator] (1x1024x288) @ (288x64) input=uint8 ... done (4.2s)
    [osimulator] (1x1024x576) @ (576x64) input=uint8 ... done (11.9s)
    [osimulator] (1x256x576) @ (576x128) input=uint8 ... done (6.2s)
    [osimulator] (1x1x8192) @ (8192x256) input=uint8 ... done (3.5s)
    [osimulator] (1x1x256) @ (256x10) input=uint8 ... done (0.0s)
  [Model 1 Phase4 v3 INT8 (变体 B) optic]  310/650 ( 47.7%) acc=98.06%  elapsed=12548s  ETA=13762s
    [osimulator] (1x4096x288) @ (288x32) input=uint8 ... done (18.4s)
    [osimulator] (1x1024x288) @ (288x64) input=uint8 ... done (4.2s)
    [osimulator] (1x1024x576) @ (576x64) input=uint8 ... done (8.9s)
    [osimulator] (1x256x576) @ (576x128) input=uint8 ... done (6.2s)
    [osimulator] (1x1x8192) @ (8192x256) input=uint8 ... done (3.5s)
    [osimulator] (1x1x256) @ (256x10) input=uint8 ... done (0.0s)
  [Model 1 Phase4 v3 INT8 (变体 B) optic]  311/650 ( 47.8%) acc=98.07%  elapsed=12589s  ETA=13722s
    [osimulator] (1x4096x288) @ (288x32) input=uint8 ... done (18.5s)
    [osimulator] (1x1024x288) @ (288x64) input=uint8 ... done (4.2s)
    [osimulator] (1x1024x576) @ (576x64) input=uint8 ... done (6.2s)
    [osimulator] (1x256x576) @ (576x128) input=uint8 ... done (6.2s)
    [osimulator] (1x1x8192) @ (8192x256) input=uint8 ... done (3.6s)
    [osimulator] (1x1x256) @ (256x10) input=uint8 ... done (0.0s)
  [Model 1 Phase4 v3 INT8 (变体 B) optic]  312/650 ( 48.0%) acc=98.08%  elapsed=12628s  ETA=13680s
    [osimulator] (1x4096x288) @ (288x32) input=uint8 ... done (18.5s)
    [osimulator] (1x1024x288) @ (288x64) input=uint8 ... done (4.2s)
    [osimulator] (1x1024x576) @ (576x64) input=uint8 ... done (6.2s)
    [osimulator] (1x256x576) @ (576x128) input=uint8 ... done (6.2s)
    [osimulator] (1x1x8192) @ (8192x256) input=uint8 ... done (3.6s)
    [osimulator] (1x1x256) @ (256x10) input=uint8 ... done (0.0s)
  [Model 1 Phase4 v3 INT8 (变体 B) optic]  313/650 ( 48.2%) acc=98.08%  elapsed=12666s  ETA=13638s
    [osimulator] (1x4096x288) @ (288x32) input=uint8 ... done (18.6s)
    [osimulator] (1x1024x288) @ (288x64) input=uint8 ... done (4.2s)
    [osimulator] (1x1024x576) @ (576x64) input=uint8 ... done (6.3s)
    [osimulator] (1x256x576) @ (576x128) input=uint8 ... done (6.1s)
    [osimulator] (1x1x8192) @ (8192x256) input=uint8 ... done (3.6s)
    [osimulator] (1x1x256) @ (256x10) input=uint8 ... done (0.0s)
  [Model 1 Phase4 v3 INT8 (变体 B) optic]  314/650 ( 48.3%) acc=98.09%  elapsed=12705s  ETA=13595s
    [osimulator] (1x4096x288) @ (288x32) input=uint8 ... done (18.5s)
    [osimulator] (1x1024x288) @ (288x64) input=uint8 ... done (4.2s)
    [osimulator] (1x1024x576) @ (576x64) input=uint8 ... done (6.3s)
    [osimulator] (1x256x576) @ (576x128) input=uint8 ... done (6.2s)
    [osimulator] (1x1x8192) @ (8192x256) input=uint8 ... done (3.6s)
    [osimulator] (1x1x256) @ (256x10) input=uint8 ... done (0.0s)
  [Model 1 Phase4 v3 INT8 (变体 B) optic]  315/650 ( 48.5%) acc=98.10%  elapsed=12744s  ETA=13553s
    [osimulator] (1x4096x288) @ (288x32) input=uint8 ... done (18.4s)
    [osimulator] (1x1024x288) @ (288x64) input=uint8 ... done (4.2s)
    [osimulator] (1x1024x576) @ (576x64) input=uint8 ... done (6.2s)
    [osimulator] (1x256x576) @ (576x128) input=uint8 ... done (6.3s)
    [osimulator] (1x1x8192) @ (8192x256) input=uint8 ... done (3.5s)
    [osimulator] (1x1x256) @ (256x10) input=uint8 ... done (0.0s)
  [Model 1 Phase4 v3 INT8 (变体 B) optic]  316/650 ( 48.6%) acc=98.10%  elapsed=12783s  ETA=13511s
    [osimulator] (1x4096x288) @ (288x32) input=uint8 ... done (18.5s)
    [osimulator] (1x1024x288) @ (288x64) input=uint8 ... done (4.2s)
    [osimulator] (1x1024x576) @ (576x64) input=uint8 ... done (7.7s)
    [osimulator] (1x256x576) @ (576x128) input=uint8 ... done (6.2s)
    [osimulator] (1x1x8192) @ (8192x256) input=uint8 ... done (3.5s)
    [osimulator] (1x1x256) @ (256x10) input=uint8 ... done (0.0s)
  [Model 1 Phase4 v3 INT8 (变体 B) optic]  317/650 ( 48.8%) acc=98.11%  elapsed=12823s  ETA=13470s
    [osimulator] (1x4096x288) @ (288x32) input=uint8 ... done (18.6s)
    [osimulator] (1x1024x288) @ (288x64) input=uint8 ... done (4.2s)
    [osimulator] (1x1024x576) @ (576x64) input=uint8 ... done (11.8s)
    [osimulator] (1x256x576) @ (576x128) input=uint8 ... done (6.2s)
    [osimulator] (1x1x8192) @ (8192x256) input=uint8 ... done (3.5s)
    [osimulator] (1x1x256) @ (256x10) input=uint8 ... done (0.0s)
  [Model 1 Phase4 v3 INT8 (变体 B) optic]  318/650 ( 48.9%) acc=98.11%  elapsed=12867s  ETA=13434s
    [osimulator] (1x4096x288) @ (288x32) input=uint8 ... done (18.9s)
    [osimulator] (1x1024x288) @ (288x64) input=uint8 ... done (4.2s)
    [osimulator] (1x1024x576) @ (576x64) input=uint8 ... done (10.6s)
    [osimulator] (1x256x576) @ (576x128) input=uint8 ... done (6.2s)
    [osimulator] (1x1x8192) @ (8192x256) input=uint8 ... done (3.7s)
    [osimulator] (1x1x256) @ (256x10) input=uint8 ... done (0.0s)
  [Model 1 Phase4 v3 INT8 (变体 B) optic]  319/650 ( 49.1%) acc=97.81%  elapsed=12911s  ETA=13397s
    [osimulator] (1x4096x288) @ (288x32) input=uint8 ... done (19.0s)
    [osimulator] (1x1024x288) @ (288x64) input=uint8 ... done (4.2s)
    [osimulator] (1x1024x576) @ (576x64) input=uint8 ... done (10.9s)
    [osimulator] (1x256x576) @ (576x128) input=uint8 ... done (6.2s)
    [osimulator] (1x1x8192) @ (8192x256) input=uint8 ... done (3.7s)
    [osimulator] (1x1x256) @ (256x10) input=uint8 ... done (0.0s)
  [Model 1 Phase4 v3 INT8 (变体 B) optic]  320/650 ( 49.2%) acc=97.50%  elapsed=12955s  ETA=13360s
    [osimulator] (1x4096x288) @ (288x32) input=uint8 ... done (18.8s)
    [osimulator] (1x1024x288) @ (288x64) input=uint8 ... done (4.2s)
    [osimulator] (1x1024x576) @ (576x64) input=uint8 ... done (6.2s)
    [osimulator] (1x256x576) @ (576x128) input=uint8 ... done (6.2s)
    [osimulator] (1x1x8192) @ (8192x256) input=uint8 ... done (3.5s)
    [osimulator] (1x1x256) @ (256x10) input=uint8 ... done (0.0s)
  [Model 1 Phase4 v3 INT8 (变体 B) optic]  321/650 ( 49.4%) acc=97.51%  elapsed=12994s  ETA=13318s
    [osimulator] (1x4096x288) @ (288x32) input=uint8 ... done (19.0s)
    [osimulator] (1x1024x288) @ (288x64) input=uint8 ... done (4.2s)
    [osimulator] (1x1024x576) @ (576x64) input=uint8 ... done (6.4s)
    [osimulator] (1x256x576) @ (576x128) input=uint8 ... done (6.1s)
    [osimulator] (1x1x8192) @ (8192x256) input=uint8 ... done (3.6s)
    [osimulator] (1x1x256) @ (256x10) input=uint8 ... done (0.0s)
  [Model 1 Phase4 v3 INT8 (变体 B) optic]  322/650 ( 49.5%) acc=97.52%  elapsed=13033s  ETA=13276s
    [osimulator] (1x4096x288) @ (288x32) input=uint8 ... done (18.9s)
    [osimulator] (1x1024x288) @ (288x64) input=uint8 ... done (4.3s)
    [osimulator] (1x1024x576) @ (576x64) input=uint8 ... done (6.7s)
    [osimulator] (1x256x576) @ (576x128) input=uint8 ... done (6.3s)
    [osimulator] (1x1x8192) @ (8192x256) input=uint8 ... done (3.8s)
    [osimulator] (1x1x256) @ (256x10) input=uint8 ... done (0.0s)
  [Model 1 Phase4 v3 INT8 (变体 B) optic]  323/650 ( 49.7%) acc=97.52%  elapsed=13073s  ETA=13235s
    [osimulator] (1x4096x288) @ (288x32) input=uint8 ... done (18.8s)
    [osimulator] (1x1024x288) @ (288x64) input=uint8 ... done (4.2s)
    [osimulator] (1x1024x576) @ (576x64) input=uint8 ... done (9.3s)
    [osimulator] (1x256x576) @ (576x128) input=uint8 ... done (6.2s)
    [osimulator] (1x1x8192) @ (8192x256) input=uint8 ... done (3.5s)
    [osimulator] (1x1x256) @ (256x10) input=uint8 ... done (0.0s)
  [Model 1 Phase4 v3 INT8 (变体 B) optic]  324/650 ( 49.8%) acc=97.53%  elapsed=13115s  ETA=13196s
    [osimulator] (1x4096x288) @ (288x32) input=uint8 ... done (18.9s)
    [osimulator] (1x1024x288) @ (288x64) input=uint8 ... done (4.2s)
    [osimulator] (1x1024x576) @ (576x64) input=uint8 ... done (9.2s)
    [osimulator] (1x256x576) @ (576x128) input=uint8 ... done (6.3s)
    [osimulator] (1x1x8192) @ (8192x256) input=uint8 ... done (3.7s)
    [osimulator] (1x1x256) @ (256x10) input=uint8 ... done (0.0s)
  [Model 1 Phase4 v3 INT8 (变体 B) optic]  325/650 ( 50.0%) acc=97.23%  elapsed=13158s  ETA=13158s
    [osimulator] (1x4096x288) @ (288x32) input=uint8 ... done (18.7s)
    [osimulator] (1x1024x288) @ (288x64) input=uint8 ... done (4.2s)
    [osimulator] (1x1024x576) @ (576x64) input=uint8 ... done (6.2s)
    [osimulator] (1x256x576) @ (576x128) input=uint8 ... done (6.3s)
    [osimulator] (1x1x8192) @ (8192x256) input=uint8 ... done (3.5s)
    [osimulator] (1x1x256) @ (256x10) input=uint8 ... done (0.0s)
  [Model 1 Phase4 v3 INT8 (变体 B) optic]  326/650 ( 50.2%) acc=97.24%  elapsed=13197s  ETA=13116s
    [osimulator] (1x4096x288) @ (288x32) input=uint8 ... done (17.9s)
    [osimulator] (1x1024x288) @ (288x64) input=uint8 ... done (4.2s)
    [osimulator] (1x1024x576) @ (576x64) input=uint8 ... done (11.7s)
    [osimulator] (1x256x576) @ (576x128) input=uint8 ... done (6.1s)
    [osimulator] (1x1x8192) @ (8192x256) input=uint8 ... done (3.6s)
    [osimulator] (1x1x256) @ (256x10) input=uint8 ... done (0.0s)
  [Model 1 Phase4 v3 INT8 (变体 B) optic]  327/650 ( 50.3%) acc=97.25%  elapsed=13240s  ETA=13079s
    [osimulator] (1x4096x288) @ (288x32) input=uint8 ... done (18.0s)
    [osimulator] (1x1024x288) @ (288x64) input=uint8 ... done (4.2s)
    [osimulator] (1x1024x576) @ (576x64) input=uint8 ... done (6.1s)
    [osimulator] (1x256x576) @ (576x128) input=uint8 ... done (6.2s)
    [osimulator] (1x1x8192) @ (8192x256) input=uint8 ... done (3.7s)
    [osimulator] (1x1x256) @ (256x10) input=uint8 ... done (0.0s)
  [Model 1 Phase4 v3 INT8 (变体 B) optic]  328/650 ( 50.5%) acc=97.26%  elapsed=13279s  ETA=13036s
    [osimulator] (1x4096x288) @ (288x32) input=uint8 ... done (17.9s)
    [osimulator] (1x1024x288) @ (288x64) input=uint8 ... done (4.2s)
    [osimulator] (1x1024x576) @ (576x64) input=uint8 ... done (6.3s)
    [osimulator] (1x256x576) @ (576x128) input=uint8 ... done (6.2s)
    [osimulator] (1x1x8192) @ (8192x256) input=uint8 ... done (3.6s)
    [osimulator] (1x1x256) @ (256x10) input=uint8 ... done (0.0s)
  [Model 1 Phase4 v3 INT8 (变体 B) optic]  329/650 ( 50.6%) acc=97.26%  elapsed=13317s  ETA=12993s
    [osimulator] (1x4096x288) @ (288x32) input=uint8 ... done (17.9s)
    [osimulator] (1x1024x288) @ (288x64) input=uint8 ... done (4.2s)
    [osimulator] (1x1024x576) @ (576x64) input=uint8 ... done (11.9s)
    [osimulator] (1x256x576) @ (576x128) input=uint8 ... done (6.2s)
    [osimulator] (1x1x8192) @ (8192x256) input=uint8 ... done (3.6s)
    [osimulator] (1x1x256) @ (256x10) input=uint8 ... done (0.0s)
  [Model 1 Phase4 v3 INT8 (变体 B) optic]  330/650 ( 50.8%) acc=97.27%  elapsed=13361s  ETA=12956s
    [osimulator] (1x4096x288) @ (288x32) input=uint8 ... done (17.9s)
    [osimulator] (1x1024x288) @ (288x64) input=uint8 ... done (4.2s)
    [osimulator] (1x1024x576) @ (576x64) input=uint8 ... done (11.6s)
    [osimulator] (1x256x576) @ (576x128) input=uint8 ... done (6.3s)
    [osimulator] (1x1x8192) @ (8192x256) input=uint8 ... done (3.7s)
    [osimulator] (1x1x256) @ (256x10) input=uint8 ... done (0.0s)
  [Model 1 Phase4 v3 INT8 (变体 B) optic]  331/650 ( 50.9%) acc=97.28%  elapsed=13404s  ETA=12918s
    [osimulator] (1x4096x288) @ (288x32) input=uint8 ... done (17.9s)
    [osimulator] (1x1024x288) @ (288x64) input=uint8 ... done (4.2s)
    [osimulator] (1x1024x576) @ (576x64) input=uint8 ... done (6.2s)
    [osimulator] (1x256x576) @ (576x128) input=uint8 ... done (6.2s)
    [osimulator] (1x1x8192) @ (8192x256) input=uint8 ... done (3.6s)
    [osimulator] (1x1x256) @ (256x10) input=uint8 ... done (0.0s)
  [Model 1 Phase4 v3 INT8 (变体 B) optic]  332/650 ( 51.1%) acc=97.29%  elapsed=13442s  ETA=12876s
    [osimulator] (1x4096x288) @ (288x32) input=uint8 ... done (17.9s)
    [osimulator] (1x1024x288) @ (288x64) input=uint8 ... done (4.1s)
    [osimulator] (1x1024x576) @ (576x64) input=uint8 ... done (11.6s)
    [osimulator] (1x256x576) @ (576x128) input=uint8 ... done (6.1s)
    [osimulator] (1x1x8192) @ (8192x256) input=uint8 ... done (3.5s)
    [osimulator] (1x1x256) @ (256x10) input=uint8 ... done (0.0s)
  [Model 1 Phase4 v3 INT8 (变体 B) optic]  333/650 ( 51.2%) acc=97.30%  elapsed=13486s  ETA=12838s
    [osimulator] (1x4096x288) @ (288x32) input=uint8 ... done (17.9s)
    [osimulator] (1x1024x288) @ (288x64) input=uint8 ... done (4.2s)
    [osimulator] (1x1024x576) @ (576x64) input=uint8 ... done (6.3s)
    [osimulator] (1x256x576) @ (576x128) input=uint8 ... done (6.1s)
    [osimulator] (1x1x8192) @ (8192x256) input=uint8 ... done (3.5s)
    [osimulator] (1x1x256) @ (256x10) input=uint8 ... done (0.0s)
  [Model 1 Phase4 v3 INT8 (变体 B) optic]  334/650 ( 51.4%) acc=97.31%  elapsed=13524s  ETA=12795s
    [osimulator] (1x4096x288) @ (288x32) input=uint8 ... done (17.9s)
    [osimulator] (1x1024x288) @ (288x64) input=uint8 ... done (4.2s)
    [osimulator] (1x1024x576) @ (576x64) input=uint8 ... done (6.2s)
    [osimulator] (1x256x576) @ (576x128) input=uint8 ... done (6.2s)
    [osimulator] (1x1x8192) @ (8192x256) input=uint8 ... done (3.5s)
    [osimulator] (1x1x256) @ (256x10) input=uint8 ... done (0.0s)
  [Model 1 Phase4 v3 INT8 (变体 B) optic]  335/650 ( 51.5%) acc=97.31%  elapsed=13562s  ETA=12752s
    [osimulator] (1x4096x288) @ (288x32) input=uint8 ... done (18.0s)
    [osimulator] (1x1024x288) @ (288x64) input=uint8 ... done (4.2s)
    [osimulator] (1x1024x576) @ (576x64) input=uint8 ... done (6.3s)
    [osimulator] (1x256x576) @ (576x128) input=uint8 ... done (6.1s)
    [osimulator] (1x1x8192) @ (8192x256) input=uint8 ... done (3.5s)
    [osimulator] (1x1x256) @ (256x10) input=uint8 ... done (0.0s)
  [Model 1 Phase4 v3 INT8 (变体 B) optic]  336/650 ( 51.7%) acc=97.32%  elapsed=13600s  ETA=12709s
    [osimulator] (1x4096x288) @ (288x32) input=uint8 ... done (18.3s)
    [osimulator] (1x1024x288) @ (288x64) input=uint8 ... done (4.2s)
    [osimulator] (1x1024x576) @ (576x64) input=uint8 ... done (6.2s)
    [osimulator] (1x256x576) @ (576x128) input=uint8 ... done (6.1s)
    [osimulator] (1x1x8192) @ (8192x256) input=uint8 ... done (3.5s)
    [osimulator] (1x1x256) @ (256x10) input=uint8 ... done (0.0s)
  [Model 1 Phase4 v3 INT8 (变体 B) optic]  337/650 ( 51.8%) acc=97.33%  elapsed=13638s  ETA=12667s
    [osimulator] (1x4096x288) @ (288x32) input=uint8 ... done (17.8s)
    [osimulator] (1x1024x288) @ (288x64) input=uint8 ... done (4.2s)
    [osimulator] (1x1024x576) @ (576x64) input=uint8 ... done (8.6s)
    [osimulator] (1x256x576) @ (576x128) input=uint8 ... done (6.2s)
    [osimulator] (1x1x8192) @ (8192x256) input=uint8 ... done (3.6s)
    [osimulator] (1x1x256) @ (256x10) input=uint8 ... done (0.0s)
  [Model 1 Phase4 v3 INT8 (变体 B) optic]  338/650 ( 52.0%) acc=97.34%  elapsed=13679s  ETA=12626s
    [osimulator] (1x4096x288) @ (288x32) input=uint8 ... done (17.9s)
    [osimulator] (1x1024x288) @ (288x64) input=uint8 ... done (4.1s)
    [osimulator] (1x1024x576) @ (576x64) input=uint8 ... done (11.5s)
    [osimulator] (1x256x576) @ (576x128) input=uint8 ... done (6.3s)
    [osimulator] (1x1x8192) @ (8192x256) input=uint8 ... done (3.5s)
    [osimulator] (1x1x256) @ (256x10) input=uint8 ... done (0.0s)
  [Model 1 Phase4 v3 INT8 (变体 B) optic]  339/650 ( 52.2%) acc=97.35%  elapsed=13722s  ETA=12589s
    [osimulator] (1x4096x288) @ (288x32) input=uint8 ... done (17.8s)
    [osimulator] (1x1024x288) @ (288x64) input=uint8 ... done (4.2s)
    [osimulator] (1x1024x576) @ (576x64) input=uint8 ... done (8.4s)
    [osimulator] (1x256x576) @ (576x128) input=uint8 ... done (6.1s)
    [osimulator] (1x1x8192) @ (8192x256) input=uint8 ... done (3.6s)
    [osimulator] (1x1x256) @ (256x10) input=uint8 ... done (0.0s)
  [Model 1 Phase4 v3 INT8 (变体 B) optic]  340/650 ( 52.3%) acc=97.35%  elapsed=13762s  ETA=12548s
    [osimulator] (1x4096x288) @ (288x32) input=uint8 ... done (17.9s)
    [osimulator] (1x1024x288) @ (288x64) input=uint8 ... done (4.2s)
    [osimulator] (1x1024x576) @ (576x64) input=uint8 ... done (7.3s)
    [osimulator] (1x256x576) @ (576x128) input=uint8 ... done (6.2s)
    [osimulator] (1x1x8192) @ (8192x256) input=uint8 ... done (3.6s)
    [osimulator] (1x1x256) @ (256x10) input=uint8 ... done (0.0s)
  [Model 1 Phase4 v3 INT8 (变体 B) optic]  341/650 ( 52.5%) acc=97.07%  elapsed=13801s  ETA=12506s
    [osimulator] (1x4096x288) @ (288x32) input=uint8 ... done (18.0s)
    [osimulator] (1x1024x288) @ (288x64) input=uint8 ... done (4.1s)
    [osimulator] (1x1024x576) @ (576x64) input=uint8 ... done (11.6s)
    [osimulator] (1x256x576) @ (576x128) input=uint8 ... done (6.2s)
    [osimulator] (1x1x8192) @ (8192x256) input=uint8 ... done (3.6s)
    [osimulator] (1x1x256) @ (256x10) input=uint8 ... done (0.0s)
  [Model 1 Phase4 v3 INT8 (变体 B) optic]  342/650 ( 52.6%) acc=97.08%  elapsed=13845s  ETA=12468s
    [osimulator] (1x4096x288) @ (288x32) input=uint8 ... done (17.9s)
    [osimulator] (1x1024x288) @ (288x64) input=uint8 ... done (4.2s)
    [osimulator] (1x1024x576) @ (576x64) input=uint8 ... done (10.4s)
    [osimulator] (1x256x576) @ (576x128) input=uint8 ... done (6.1s)
    [osimulator] (1x1x8192) @ (8192x256) input=uint8 ... done (3.5s)
    [osimulator] (1x1x256) @ (256x10) input=uint8 ... done (0.0s)
  [Model 1 Phase4 v3 INT8 (变体 B) optic]  343/650 ( 52.8%) acc=97.08%  elapsed=13887s  ETA=12429s
    [osimulator] (1x4096x288) @ (288x32) input=uint8 ... done (17.9s)
    [osimulator] (1x1024x288) @ (288x64) input=uint8 ... done (4.2s)
    [osimulator] (1x1024x576) @ (576x64) input=uint8 ... done (8.9s)
    [osimulator] (1x256x576) @ (576x128) input=uint8 ... done (6.2s)
    [osimulator] (1x1x8192) @ (8192x256) input=uint8 ... done (3.6s)
    [osimulator] (1x1x256) @ (256x10) input=uint8 ... done (0.0s)
  [Model 1 Phase4 v3 INT8 (变体 B) optic]  344/650 ( 52.9%) acc=97.09%  elapsed=13928s  ETA=12389s
    [osimulator] (1x4096x288) @ (288x32) input=uint8 ... done (17.9s)
    [osimulator] (1x1024x288) @ (288x64) input=uint8 ... done (4.2s)
    [osimulator] (1x1024x576) @ (576x64) input=uint8 ... done (6.9s)
    [osimulator] (1x256x576) @ (576x128) input=uint8 ... done (6.1s)
    [osimulator] (1x1x8192) @ (8192x256) input=uint8 ... done (3.4s)
    [osimulator] (1x1x256) @ (256x10) input=uint8 ... done (0.0s)
  [Model 1 Phase4 v3 INT8 (变体 B) optic]  345/650 ( 53.1%) acc=97.10%  elapsed=13966s  ETA=12347s
    [osimulator] (1x4096x288) @ (288x32) input=uint8 ... done (17.8s)
    [osimulator] (1x1024x288) @ (288x64) input=uint8 ... done (4.2s)
    [osimulator] (1x1024x576) @ (576x64) input=uint8 ... done (6.1s)
    [osimulator] (1x256x576) @ (576x128) input=uint8 ... done (6.1s)
    [osimulator] (1x1x8192) @ (8192x256) input=uint8 ... done (3.5s)
    [osimulator] (1x1x256) @ (256x10) input=uint8 ... done (0.0s)
  [Model 1 Phase4 v3 INT8 (变体 B) optic]  346/650 ( 53.2%) acc=97.11%  elapsed=14004s  ETA=12304s
    [osimulator] (1x4096x288) @ (288x32) input=uint8 ... done (17.9s)
    [osimulator] (1x1024x288) @ (288x64) input=uint8 ... done (4.2s)
    [osimulator] (1x1024x576) @ (576x64) input=uint8 ... done (7.0s)
    [osimulator] (1x256x576) @ (576x128) input=uint8 ... done (6.1s)
    [osimulator] (1x1x8192) @ (8192x256) input=uint8 ... done (3.5s)
    [osimulator] (1x1x256) @ (256x10) input=uint8 ... done (0.0s)
  [Model 1 Phase4 v3 INT8 (变体 B) optic]  347/650 ( 53.4%) acc=97.12%  elapsed=14043s  ETA=12262s
    [osimulator] (1x4096x288) @ (288x32) input=uint8 ... done (17.6s)
    [osimulator] (1x1024x288) @ (288x64) input=uint8 ... done (4.1s)
    [osimulator] (1x1024x576) @ (576x64) input=uint8 ... done (6.2s)
    [osimulator] (1x256x576) @ (576x128) input=uint8 ... done (6.2s)
    [osimulator] (1x1x8192) @ (8192x256) input=uint8 ... done (3.6s)
    [osimulator] (1x1x256) @ (256x10) input=uint8 ... done (0.0s)
  [Model 1 Phase4 v3 INT8 (变体 B) optic]  348/650 ( 53.5%) acc=97.13%  elapsed=14080s  ETA=12219s
    [osimulator] (1x4096x288) @ (288x32) input=uint8 ... done (17.9s)
    [osimulator] (1x1024x288) @ (288x64) input=uint8 ... done (4.3s)
    [osimulator] (1x1024x576) @ (576x64) input=uint8 ... done (11.9s)
    [osimulator] (1x256x576) @ (576x128) input=uint8 ... done (6.4s)
    [osimulator] (1x1x8192) @ (8192x256) input=uint8 ... done (4.1s)
    [osimulator] (1x1x256) @ (256x10) input=uint8 ... done (0.0s)
  [Model 1 Phase4 v3 INT8 (变体 B) optic]  349/650 ( 53.7%) acc=97.13%  elapsed=14125s  ETA=12182s
    [osimulator] (1x4096x288) @ (288x32) input=uint8 ... done (19.2s)
    [osimulator] (1x1024x288) @ (288x64) input=uint8 ... done (4.3s)
    [osimulator] (1x1024x576) @ (576x64) input=uint8 ... done (6.6s)
    [osimulator] (1x256x576) @ (576x128) input=uint8 ... done (6.5s)
    [osimulator] (1x1x8192) @ (8192x256) input=uint8 ... done (3.7s)
    [osimulator] (1x1x256) @ (256x10) input=uint8 ... done (0.0s)
  [Model 1 Phase4 v3 INT8 (变体 B) optic]  350/650 ( 53.8%) acc=97.14%  elapsed=14165s  ETA=12142s
    [osimulator] (1x4096x288) @ (288x32) input=uint8 ... done (19.5s)
    [osimulator] (1x1024x288) @ (288x64) input=uint8 ... done (4.4s)
    [osimulator] (1x1024x576) @ (576x64) input=uint8 ... done (6.4s)
    [osimulator] (1x256x576) @ (576x128) input=uint8 ... done (6.6s)
    [osimulator] (1x1x8192) @ (8192x256) input=uint8 ... done (3.8s)
    [osimulator] (1x1x256) @ (256x10) input=uint8 ... done (0.0s)
  [Model 1 Phase4 v3 INT8 (变体 B) optic]  351/650 ( 54.0%) acc=97.15%  elapsed=14206s  ETA=12101s
    [osimulator] (1x4096x288) @ (288x32) input=uint8 ... done (19.0s)
    [osimulator] (1x1024x288) @ (288x64) input=uint8 ... done (4.2s)
    [osimulator] (1x1024x576) @ (576x64) input=uint8 ... done (6.6s)
    [osimulator] (1x256x576) @ (576x128) input=uint8 ... done (6.6s)
    [osimulator] (1x1x8192) @ (8192x256) input=uint8 ... done (3.9s)
    [osimulator] (1x1x256) @ (256x10) input=uint8 ... done (0.0s)
  [Model 1 Phase4 v3 INT8 (变体 B) optic]  352/650 ( 54.2%) acc=97.16%  elapsed=14246s  ETA=12061s
    [osimulator] (1x4096x288) @ (288x32) input=uint8 ... done (18.7s)
    [osimulator] (1x1024x288) @ (288x64) input=uint8 ... done (4.3s)
    [osimulator] (1x1024x576) @ (576x64) input=uint8 ... done (9.7s)
    [osimulator] (1x256x576) @ (576x128) input=uint8 ... done (6.6s)
    [osimulator] (1x1x8192) @ (8192x256) input=uint8 ... done (3.8s)
    [osimulator] (1x1x256) @ (256x10) input=uint8 ... done (0.0s)
  [Model 1 Phase4 v3 INT8 (变体 B) optic]  353/650 ( 54.3%) acc=97.17%  elapsed=14290s  ETA=12023s
    [osimulator] (1x4096x288) @ (288x32) input=uint8 ... done (19.3s)
    [osimulator] (1x1024x288) @ (288x64) input=uint8 ... done (4.3s)
    [osimulator] (1x1024x576) @ (576x64) input=uint8 ... done (6.6s)
    [osimulator] (1x256x576) @ (576x128) input=uint8 ... done (6.4s)
    [osimulator] (1x1x8192) @ (8192x256) input=uint8 ... done (3.6s)
    [osimulator] (1x1x256) @ (256x10) input=uint8 ... done (0.0s)
  [Model 1 Phase4 v3 INT8 (变体 B) optic]  354/650 ( 54.5%) acc=97.18%  elapsed=14330s  ETA=11982s
    [osimulator] (1x4096x288) @ (288x32) input=uint8 ... done (19.5s)
    [osimulator] (1x1024x288) @ (288x64) input=uint8 ... done (4.3s)
    [osimulator] (1x1024x576) @ (576x64) input=uint8 ... done (12.6s)
    [osimulator] (1x256x576) @ (576x128) input=uint8 ... done (6.5s)
    [osimulator] (1x1x8192) @ (8192x256) input=uint8 ... done (3.8s)
    [osimulator] (1x1x256) @ (256x10) input=uint8 ... done (0.0s)
  [Model 1 Phase4 v3 INT8 (变体 B) optic]  355/650 ( 54.6%) acc=97.18%  elapsed=14377s  ETA=11947s
    [osimulator] (1x4096x288) @ (288x32) input=uint8 ... done (19.3s)
    [osimulator] (1x1024x288) @ (288x64) input=uint8 ... done (4.3s)
    [osimulator] (1x1024x576) @ (576x64) input=uint8 ... done (9.4s)
    [osimulator] (1x256x576) @ (576x128) input=uint8 ... done (6.5s)
    [osimulator] (1x1x8192) @ (8192x256) input=uint8 ... done (3.8s)
    [osimulator] (1x1x256) @ (256x10) input=uint8 ... done (0.0s)
  [Model 1 Phase4 v3 INT8 (变体 B) optic]  356/650 ( 54.8%) acc=97.19%  elapsed=14420s  ETA=11909s
    [osimulator] (1x4096x288) @ (288x32) input=uint8 ... done (19.9s)
    [osimulator] (1x1024x288) @ (288x64) input=uint8 ... done (4.3s)
    [osimulator] (1x1024x576) @ (576x64) input=uint8 ... done (6.7s)
    [osimulator] (1x256x576) @ (576x128) input=uint8 ... done (6.6s)
    [osimulator] (1x1x8192) @ (8192x256) input=uint8 ... done (3.8s)
    [osimulator] (1x1x256) @ (256x10) input=uint8 ... done (0.0s)
  [Model 1 Phase4 v3 INT8 (变体 B) optic]  357/650 ( 54.9%) acc=97.20%  elapsed=14461s  ETA=11869s
    [osimulator] (1x4096x288) @ (288x32) input=uint8 ... done (19.3s)
    [osimulator] (1x1024x288) @ (288x64) input=uint8 ... done (4.3s)
    [osimulator] (1x1024x576) @ (576x64) input=uint8 ... done (6.4s)
    [osimulator] (1x256x576) @ (576x128) input=uint8 ... done (6.5s)
    [osimulator] (1x1x8192) @ (8192x256) input=uint8 ... done (3.7s)
    [osimulator] (1x1x256) @ (256x10) input=uint8 ... done (0.0s)
  [Model 1 Phase4 v3 INT8 (变体 B) optic]  358/650 ( 55.1%) acc=97.21%  elapsed=14502s  ETA=11828s
    [osimulator] (1x4096x288) @ (288x32) input=uint8 ... done (19.3s)
    [osimulator] (1x1024x288) @ (288x64) input=uint8 ... done (4.3s)
    [osimulator] (1x1024x576) @ (576x64) input=uint8 ... done (6.6s)
    [osimulator] (1x256x576) @ (576x128) input=uint8 ... done (6.4s)
    [osimulator] (1x1x8192) @ (8192x256) input=uint8 ... done (3.6s)
    [osimulator] (1x1x256) @ (256x10) input=uint8 ... done (0.0s)
  [Model 1 Phase4 v3 INT8 (变体 B) optic]  359/650 ( 55.2%) acc=97.21%  elapsed=14542s  ETA=11787s
    [osimulator] (1x4096x288) @ (288x32) input=uint8 ... done (19.5s)
    [osimulator] (1x1024x288) @ (288x64) input=uint8 ... done (4.4s)
    [osimulator] (1x1024x576) @ (576x64) input=uint8 ... done (8.5s)
    [osimulator] (1x256x576) @ (576x128) input=uint8 ... done (6.6s)
    [osimulator] (1x1x8192) @ (8192x256) input=uint8 ... done (4.1s)
    [osimulator] (1x1x256) @ (256x10) input=uint8 ... done (0.0s)
  [Model 1 Phase4 v3 INT8 (变体 B) optic]  360/650 ( 55.4%) acc=97.22%  elapsed=14585s  ETA=11749s
    [osimulator] (1x4096x288) @ (288x32) input=uint8 ... done (19.6s)
    [osimulator] (1x1024x288) @ (288x64) input=uint8 ... done (4.4s)
    [osimulator] (1x1024x576) @ (576x64) input=uint8 ... done (6.5s)
    [osimulator] (1x256x576) @ (576x128) input=uint8 ... done (6.4s)
    [osimulator] (1x1x8192) @ (8192x256) input=uint8 ... done (3.7s)
    [osimulator] (1x1x256) @ (256x10) input=uint8 ... done (0.0s)
  [Model 1 Phase4 v3 INT8 (变体 B) optic]  361/650 ( 55.5%) acc=97.23%  elapsed=14626s  ETA=11709s
    [osimulator] (1x4096x288) @ (288x32) input=uint8 ... done (18.7s)
    [osimulator] (1x1024x288) @ (288x64) input=uint8 ... done (4.3s)
    [osimulator] (1x1024x576) @ (576x64) input=uint8 ... done (6.5s)
    [osimulator] (1x256x576) @ (576x128) input=uint8 ... done (6.5s)
    [osimulator] (1x1x8192) @ (8192x256) input=uint8 ... done (3.9s)
    [osimulator] (1x1x256) @ (256x10) input=uint8 ... done (0.0s)
  [Model 1 Phase4 v3 INT8 (变体 B) optic]  362/650 ( 55.7%) acc=97.24%  elapsed=14666s  ETA=11668s
    [osimulator] (1x4096x288) @ (288x32) input=uint8 ... done (19.2s)
    [osimulator] (1x1024x288) @ (288x64) input=uint8 ... done (4.3s)
    [osimulator] (1x1024x576) @ (576x64) input=uint8 ... done (8.4s)
    [osimulator] (1x256x576) @ (576x128) input=uint8 ... done (6.5s)
    [osimulator] (1x1x8192) @ (8192x256) input=uint8 ... done (4.0s)
    [osimulator] (1x1x256) @ (256x10) input=uint8 ... done (0.0s)
  [Model 1 Phase4 v3 INT8 (变体 B) optic]  363/650 ( 55.8%) acc=97.25%  elapsed=14708s  ETA=11629s
    [osimulator] (1x4096x288) @ (288x32) input=uint8 ... done (19.4s)
    [osimulator] (1x1024x288) @ (288x64) input=uint8 ... done (4.3s)
    [osimulator] (1x1024x576) @ (576x64) input=uint8 ... done (9.6s)
    [osimulator] (1x256x576) @ (576x128) input=uint8 ... done (6.6s)
    [osimulator] (1x1x8192) @ (8192x256) input=uint8 ... done (3.6s)
    [osimulator] (1x1x256) @ (256x10) input=uint8 ... done (0.0s)
  [Model 1 Phase4 v3 INT8 (变体 B) optic]  364/650 ( 56.0%) acc=97.25%  elapsed=14752s  ETA=11591s
    [osimulator] (1x4096x288) @ (288x32) input=uint8 ... done (19.3s)
    [osimulator] (1x1024x288) @ (288x64) input=uint8 ... done (4.4s)
    [osimulator] (1x1024x576) @ (576x64) input=uint8 ... done (7.3s)
    [osimulator] (1x256x576) @ (576x128) input=uint8 ... done (6.6s)
    [osimulator] (1x1x8192) @ (8192x256) input=uint8 ... done (3.8s)
    [osimulator] (1x1x256) @ (256x10) input=uint8 ... done (0.0s)
  [Model 1 Phase4 v3 INT8 (变体 B) optic]  365/650 ( 56.2%) acc=97.26%  elapsed=14793s  ETA=11551s
    [osimulator] (1x4096x288) @ (288x32) input=uint8 ... done (19.2s)
    [osimulator] (1x1024x288) @ (288x64) input=uint8 ... done (4.3s)
    [osimulator] (1x1024x576) @ (576x64) input=uint8 ... done (6.8s)
    [osimulator] (1x256x576) @ (576x128) input=uint8 ... done (6.5s)
    [osimulator] (1x1x8192) @ (8192x256) input=uint8 ... done (3.7s)
    [osimulator] (1x1x256) @ (256x10) input=uint8 ... done (0.0s)
  [Model 1 Phase4 v3 INT8 (变体 B) optic]  366/650 ( 56.3%) acc=97.27%  elapsed=14834s  ETA=11510s
    [osimulator] (1x4096x288) @ (288x32) input=uint8 ... done (19.5s)
    [osimulator] (1x1024x288) @ (288x64) input=uint8 ... done (4.5s)
    [osimulator] (1x1024x576) @ (576x64) input=uint8 ... done (7.3s)
    [osimulator] (1x256x576) @ (576x128) input=uint8 ... done (6.6s)
    [osimulator] (1x1x8192) @ (8192x256) input=uint8 ... done (3.9s)
    [osimulator] (1x1x256) @ (256x10) input=uint8 ... done (0.0s)
  [Model 1 Phase4 v3 INT8 (变体 B) optic]  367/650 ( 56.5%) acc=97.28%  elapsed=14875s  ETA=11471s
    [osimulator] (1x4096x288) @ (288x32) input=uint8 ... done (19.4s)
    [osimulator] (1x1024x288) @ (288x64) input=uint8 ... done (4.3s)
    [osimulator] (1x1024x576) @ (576x64) input=uint8 ... done (6.6s)
    [osimulator] (1x256x576) @ (576x128) input=uint8 ... done (6.6s)
    [osimulator] (1x1x8192) @ (8192x256) input=uint8 ... done (3.9s)
    [osimulator] (1x1x256) @ (256x10) input=uint8 ... done (0.0s)
  [Model 1 Phase4 v3 INT8 (变体 B) optic]  368/650 ( 56.6%) acc=97.28%  elapsed=14916s  ETA=11430s
    [osimulator] (1x4096x288) @ (288x32) input=uint8 ... done (19.3s)
    [osimulator] (1x1024x288) @ (288x64) input=uint8 ... done (4.3s)
    [osimulator] (1x1024x576) @ (576x64) input=uint8 ... done (6.9s)
    [osimulator] (1x256x576) @ (576x128) input=uint8 ... done (6.6s)
    [osimulator] (1x1x8192) @ (8192x256) input=uint8 ... done (3.9s)
    [osimulator] (1x1x256) @ (256x10) input=uint8 ... done (0.0s)
  [Model 1 Phase4 v3 INT8 (变体 B) optic]  369/650 ( 56.8%) acc=97.29%  elapsed=14957s  ETA=11390s
    [osimulator] (1x4096x288) @ (288x32) input=uint8 ... done (18.8s)
    [osimulator] (1x1024x288) @ (288x64) input=uint8 ... done (4.3s)
    [osimulator] (1x1024x576) @ (576x64) input=uint8 ... done (9.7s)
    [osimulator] (1x256x576) @ (576x128) input=uint8 ... done (6.5s)
    [osimulator] (1x1x8192) @ (8192x256) input=uint8 ... done (3.5s)
    [osimulator] (1x1x256) @ (256x10) input=uint8 ... done (0.0s)
  [Model 1 Phase4 v3 INT8 (变体 B) optic]  370/650 ( 56.9%) acc=97.30%  elapsed=15000s  ETA=11351s
    [osimulator] (1x4096x288) @ (288x32) input=uint8 ... done (18.8s)
    [osimulator] (1x1024x288) @ (288x64) input=uint8 ... done (4.3s)
    [osimulator] (1x1024x576) @ (576x64) input=uint8 ... done (7.0s)
    [osimulator] (1x256x576) @ (576x128) input=uint8 ... done (6.5s)
    [osimulator] (1x1x8192) @ (8192x256) input=uint8 ... done (3.9s)
    [osimulator] (1x1x256) @ (256x10) input=uint8 ... done (0.0s)
  [Model 1 Phase4 v3 INT8 (变体 B) optic]  371/650 ( 57.1%) acc=97.30%  elapsed=15040s  ETA=11311s
    [osimulator] (1x4096x288) @ (288x32) input=uint8 ... done (18.9s)
    [osimulator] (1x1024x288) @ (288x64) input=uint8 ... done (4.3s)
    [osimulator] (1x1024x576) @ (576x64) input=uint8 ... done (7.0s)
    [osimulator] (1x256x576) @ (576x128) input=uint8 ... done (6.6s)
    [osimulator] (1x1x8192) @ (8192x256) input=uint8 ... done (5.1s)
    [osimulator] (1x1x256) @ (256x10) input=uint8 ... done (0.0s)
  [Model 1 Phase4 v3 INT8 (变体 B) optic]  372/650 ( 57.2%) acc=97.31%  elapsed=15082s  ETA=11271s
    [osimulator] (1x4096x288) @ (288x32) input=uint8 ... done (19.0s)
    [osimulator] (1x1024x288) @ (288x64) input=uint8 ... done (4.3s)
    [osimulator] (1x1024x576) @ (576x64) input=uint8 ... done (9.4s)
    [osimulator] (1x256x576) @ (576x128) input=uint8 ... done (6.6s)
    [osimulator] (1x1x8192) @ (8192x256) input=uint8 ... done (4.0s)
    [osimulator] (1x1x256) @ (256x10) input=uint8 ... done (0.0s)
  [Model 1 Phase4 v3 INT8 (变体 B) optic]  373/650 ( 57.4%) acc=97.32%  elapsed=15126s  ETA=11233s
    [osimulator] (1x4096x288) @ (288x32) input=uint8 ... done (18.8s)
    [osimulator] (1x1024x288) @ (288x64) input=uint8 ... done (4.4s)
    [osimulator] (1x1024x576) @ (576x64) input=uint8 ... done (9.4s)
    [osimulator] (1x256x576) @ (576x128) input=uint8 ... done (6.6s)
    [osimulator] (1x1x8192) @ (8192x256) input=uint8 ... done (4.4s)
    [osimulator] (1x1x256) @ (256x10) input=uint8 ... done (0.0s)
  [Model 1 Phase4 v3 INT8 (变体 B) optic]  374/650 ( 57.5%) acc=97.33%  elapsed=15169s  ETA=11194s
    [osimulator] (1x4096x288) @ (288x32) input=uint8 ... done (19.4s)
    [osimulator] (1x1024x288) @ (288x64) input=uint8 ... done (4.4s)
    [osimulator] (1x1024x576) @ (576x64) input=uint8 ... done (6.9s)
    [osimulator] (1x256x576) @ (576x128) input=uint8 ... done (6.6s)
    [osimulator] (1x1x8192) @ (8192x256) input=uint8 ... done (5.0s)
    [osimulator] (1x1x256) @ (256x10) input=uint8 ... done (0.0s)
  [Model 1 Phase4 v3 INT8 (变体 B) optic]  375/650 ( 57.7%) acc=97.33%  elapsed=15212s  ETA=11155s
    [osimulator] (1x4096x288) @ (288x32) input=uint8 ... done (18.8s)
    [osimulator] (1x1024x288) @ (288x64) input=uint8 ... done (4.4s)
    [osimulator] (1x1024x576) @ (576x64) input=uint8 ... done (7.2s)
    [osimulator] (1x256x576) @ (576x128) input=uint8 ... done (6.6s)
    [osimulator] (1x1x8192) @ (8192x256) input=uint8 ... done (3.8s)
    [osimulator] (1x1x256) @ (256x10) input=uint8 ... done (0.0s)
  [Model 1 Phase4 v3 INT8 (变体 B) optic]  376/650 ( 57.8%) acc=97.34%  elapsed=15252s  ETA=11115s
    [osimulator] (1x4096x288) @ (288x32) input=uint8 ... done (19.2s)
    [osimulator] (1x1024x288) @ (288x64) input=uint8 ... done (4.4s)
    [osimulator] (1x1024x576) @ (576x64) input=uint8 ... done (6.3s)
    [osimulator] (1x256x576) @ (576x128) input=uint8 ... done (6.6s)
    [osimulator] (1x1x8192) @ (8192x256) input=uint8 ... done (3.8s)
    [osimulator] (1x1x256) @ (256x10) input=uint8 ... done (0.0s)
  [Model 1 Phase4 v3 INT8 (变体 B) optic]  377/650 ( 58.0%) acc=97.35%  elapsed=15293s  ETA=11074s
    [osimulator] (1x4096x288) @ (288x32) input=uint8 ... done (18.9s)
    [osimulator] (1x1024x288) @ (288x64) input=uint8 ... done (4.3s)
    [osimulator] (1x1024x576) @ (576x64) input=uint8 ... done (9.1s)
    [osimulator] (1x256x576) @ (576x128) input=uint8 ... done (6.5s)
    [osimulator] (1x1x8192) @ (8192x256) input=uint8 ... done (3.5s)
    [osimulator] (1x1x256) @ (256x10) input=uint8 ... done (0.0s)
  [Model 1 Phase4 v3 INT8 (变体 B) optic]  378/650 ( 58.2%) acc=97.35%  elapsed=15335s  ETA=11035s
    [osimulator] (1x4096x288) @ (288x32) input=uint8 ... done (19.1s)
    [osimulator] (1x1024x288) @ (288x64) input=uint8 ... done (4.4s)
    [osimulator] (1x1024x576) @ (576x64) input=uint8 ... done (13.2s)
    [osimulator] (1x256x576) @ (576x128) input=uint8 ... done (6.5s)
    [osimulator] (1x1x8192) @ (8192x256) input=uint8 ... done (3.8s)
    [osimulator] (1x1x256) @ (256x10) input=uint8 ... done (0.0s)
  [Model 1 Phase4 v3 INT8 (变体 B) optic]  379/650 ( 58.3%) acc=97.36%  elapsed=15382s  ETA=10999s
    [osimulator] (1x4096x288) @ (288x32) input=uint8 ... done (19.0s)
    [osimulator] (1x1024x288) @ (288x64) input=uint8 ... done (4.3s)
    [osimulator] (1x1024x576) @ (576x64) input=uint8 ... done (7.6s)
    [osimulator] (1x256x576) @ (576x128) input=uint8 ... done (6.6s)
    [osimulator] (1x1x8192) @ (8192x256) input=uint8 ... done (3.8s)
    [osimulator] (1x1x256) @ (256x10) input=uint8 ... done (0.0s)
  [Model 1 Phase4 v3 INT8 (变体 B) optic]  380/650 ( 58.5%) acc=97.37%  elapsed=15423s  ETA=10959s
    [osimulator] (1x4096x288) @ (288x32) input=uint8 ... done (18.8s)
    [osimulator] (1x1024x288) @ (288x64) input=uint8 ... done (4.4s)
    [osimulator] (1x1024x576) @ (576x64) input=uint8 ... done (6.6s)
    [osimulator] (1x256x576) @ (576x128) input=uint8 ... done (6.6s)
    [osimulator] (1x1x8192) @ (8192x256) input=uint8 ... done (4.0s)
    [osimulator] (1x1x256) @ (256x10) input=uint8 ... done (0.0s)
  [Model 1 Phase4 v3 INT8 (变体 B) optic]  381/650 ( 58.6%) acc=97.38%  elapsed=15464s  ETA=10918s
    [osimulator] (1x4096x288) @ (288x32) input=uint8 ... done (18.7s)
    [osimulator] (1x1024x288) @ (288x64) input=uint8 ... done (4.3s)
    [osimulator] (1x1024x576) @ (576x64) input=uint8 ... done (7.4s)
    [osimulator] (1x256x576) @ (576x128) input=uint8 ... done (6.6s)
    [osimulator] (1x1x8192) @ (8192x256) input=uint8 ... done (4.0s)
    [osimulator] (1x1x256) @ (256x10) input=uint8 ... done (0.0s)
  [Model 1 Phase4 v3 INT8 (变体 B) optic]  382/650 ( 58.8%) acc=97.38%  elapsed=15505s  ETA=10878s
    [osimulator] (1x4096x288) @ (288x32) input=uint8 ... done (19.0s)
    [osimulator] (1x1024x288) @ (288x64) input=uint8 ... done (4.4s)
    [osimulator] (1x1024x576) @ (576x64) input=uint8 ... done (6.8s)
    [osimulator] (1x256x576) @ (576x128) input=uint8 ... done (6.6s)
    [osimulator] (1x1x8192) @ (8192x256) input=uint8 ... done (4.0s)
    [osimulator] (1x1x256) @ (256x10) input=uint8 ... done (0.0s)
  [Model 1 Phase4 v3 INT8 (变体 B) optic]  383/650 ( 58.9%) acc=97.39%  elapsed=15545s  ETA=10837s
    [osimulator] (1x4096x288) @ (288x32) input=uint8 ... done (19.1s)
    [osimulator] (1x1024x288) @ (288x64) input=uint8 ... done (4.3s)
    [osimulator] (1x1024x576) @ (576x64) input=uint8 ... done (6.6s)
    [osimulator] (1x256x576) @ (576x128) input=uint8 ... done (6.6s)
    [osimulator] (1x1x8192) @ (8192x256) input=uint8 ... done (4.2s)
    [osimulator] (1x1x256) @ (256x10) input=uint8 ... done (0.0s)
  [Model 1 Phase4 v3 INT8 (变体 B) optic]  384/650 ( 59.1%) acc=97.40%  elapsed=15586s  ETA=10797s
    [osimulator] (1x4096x288) @ (288x32) input=uint8 ... done (18.9s)
    [osimulator] (1x1024x288) @ (288x64) input=uint8 ... done (4.3s)
    [osimulator] (1x1024x576) @ (576x64) input=uint8 ... done (6.9s)
    [osimulator] (1x256x576) @ (576x128) input=uint8 ... done (6.4s)
    [osimulator] (1x1x8192) @ (8192x256) input=uint8 ... done (3.7s)
    [osimulator] (1x1x256) @ (256x10) input=uint8 ... done (0.0s)
  [Model 1 Phase4 v3 INT8 (变体 B) optic]  385/650 ( 59.2%) acc=97.40%  elapsed=15627s  ETA=10756s
    [osimulator] (1x4096x288) @ (288x32) input=uint8 ... done (19.0s)
    [osimulator] (1x1024x288) @ (288x64) input=uint8 ... done (4.2s)
    [osimulator] (1x1024x576) @ (576x64) input=uint8 ... done (6.3s)
    [osimulator] (1x256x576) @ (576x128) input=uint8 ... done (6.6s)
    [osimulator] (1x1x8192) @ (8192x256) input=uint8 ... done (3.7s)
    [osimulator] (1x1x256) @ (256x10) input=uint8 ... done (0.0s)
  [Model 1 Phase4 v3 INT8 (变体 B) optic]  386/650 ( 59.4%) acc=97.41%  elapsed=15666s  ETA=10715s
    [osimulator] (1x4096x288) @ (288x32) input=uint8 ... done (18.7s)
    [osimulator] (1x1024x288) @ (288x64) input=uint8 ... done (4.3s)
    [osimulator] (1x1024x576) @ (576x64) input=uint8 ... done (13.2s)
    [osimulator] (1x256x576) @ (576x128) input=uint8 ... done (6.6s)
    [osimulator] (1x1x8192) @ (8192x256) input=uint8 ... done (4.2s)
    [osimulator] (1x1x256) @ (256x10) input=uint8 ... done (0.0s)
  [Model 1 Phase4 v3 INT8 (变体 B) optic]  387/650 ( 59.5%) acc=97.42%  elapsed=15713s  ETA=10679s
    [osimulator] (1x4096x288) @ (288x32) input=uint8 ... done (18.4s)
    [osimulator] (1x1024x288) @ (288x64) input=uint8 ... done (4.3s)
    [osimulator] (1x1024x576) @ (576x64) input=uint8 ... done (9.1s)
    [osimulator] (1x256x576) @ (576x128) input=uint8 ... done (6.3s)
    [osimulator] (1x1x8192) @ (8192x256) input=uint8 ... done (3.7s)
    [osimulator] (1x1x256) @ (256x10) input=uint8 ... done (0.0s)
  [Model 1 Phase4 v3 INT8 (变体 B) optic]  388/650 ( 59.7%) acc=97.42%  elapsed=15755s  ETA=10639s
    [osimulator] (1x4096x288) @ (288x32) input=uint8 ... done (18.7s)
    [osimulator] (1x1024x288) @ (288x64) input=uint8 ... done (4.3s)
    [osimulator] (1x1024x576) @ (576x64) input=uint8 ... done (9.3s)
    [osimulator] (1x256x576) @ (576x128) input=uint8 ... done (6.3s)
    [osimulator] (1x1x8192) @ (8192x256) input=uint8 ... done (3.6s)
    [osimulator] (1x1x256) @ (256x10) input=uint8 ... done (0.0s)
  [Model 1 Phase4 v3 INT8 (变体 B) optic]  389/650 ( 59.8%) acc=97.43%  elapsed=15797s  ETA=10599s
    [osimulator] (1x4096x288) @ (288x32) input=uint8 ... done (18.5s)
    [osimulator] (1x1024x288) @ (288x64) input=uint8 ... done (4.3s)
    [osimulator] (1x1024x576) @ (576x64) input=uint8 ... done (9.1s)
    [osimulator] (1x256x576) @ (576x128) input=uint8 ... done (6.3s)
    [osimulator] (1x1x8192) @ (8192x256) input=uint8 ... done (4.3s)
    [osimulator] (1x1x256) @ (256x10) input=uint8 ... done (0.0s)
  [Model 1 Phase4 v3 INT8 (变体 B) optic]  390/650 ( 60.0%) acc=97.44%  elapsed=15840s  ETA=10560s
    [osimulator] (1x4096x288) @ (288x32) input=uint8 ... done (18.4s)
    [osimulator] (1x1024x288) @ (288x64) input=uint8 ... done (4.3s)
    [osimulator] (1x1024x576) @ (576x64) input=uint8 ... done (9.0s)
    [osimulator] (1x256x576) @ (576x128) input=uint8 ... done (6.5s)
    [osimulator] (1x1x8192) @ (8192x256) input=uint8 ... done (3.8s)
    [osimulator] (1x1x256) @ (256x10) input=uint8 ... done (0.0s)
  [Model 1 Phase4 v3 INT8 (变体 B) optic]  391/650 ( 60.2%) acc=97.44%  elapsed=15882s  ETA=10520s
    [osimulator] (1x4096x288) @ (288x32) input=uint8 ... done (18.7s)
    [osimulator] (1x1024x288) @ (288x64) input=uint8 ... done (4.3s)
    [osimulator] (1x1024x576) @ (576x64) input=uint8 ... done (12.2s)
    [osimulator] (1x256x576) @ (576x128) input=uint8 ... done (6.6s)
    [osimulator] (1x1x8192) @ (8192x256) input=uint8 ... done (3.7s)
    [osimulator] (1x1x256) @ (256x10) input=uint8 ... done (0.0s)
  [Model 1 Phase4 v3 INT8 (变体 B) optic]  392/650 ( 60.3%) acc=97.45%  elapsed=15928s  ETA=10483s
    [osimulator] (1x4096x288) @ (288x32) input=uint8 ... done (18.4s)
    [osimulator] (1x1024x288) @ (288x64) input=uint8 ... done (4.3s)
    [osimulator] (1x1024x576) @ (576x64) input=uint8 ... done (6.5s)
    [osimulator] (1x256x576) @ (576x128) input=uint8 ... done (6.4s)
    [osimulator] (1x1x8192) @ (8192x256) input=uint8 ... done (3.5s)
    [osimulator] (1x1x256) @ (256x10) input=uint8 ... done (0.0s)
  [Model 1 Phase4 v3 INT8 (变体 B) optic]  393/650 ( 60.5%) acc=97.46%  elapsed=15967s  ETA=10441s
    [osimulator] (1x4096x288) @ (288x32) input=uint8 ... done (18.9s)
    [osimulator] (1x1024x288) @ (288x64) input=uint8 ... done (4.3s)
    [osimulator] (1x1024x576) @ (576x64) input=uint8 ... done (12.7s)
    [osimulator] (1x256x576) @ (576x128) input=uint8 ... done (6.4s)
    [osimulator] (1x1x8192) @ (8192x256) input=uint8 ... done (3.7s)
    [osimulator] (1x1x256) @ (256x10) input=uint8 ... done (0.0s)
  [Model 1 Phase4 v3 INT8 (变体 B) optic]  394/650 ( 60.6%) acc=97.46%  elapsed=16013s  ETA=10404s
    [osimulator] (1x4096x288) @ (288x32) input=uint8 ... done (19.0s)
    [osimulator] (1x1024x288) @ (288x64) input=uint8 ... done (4.3s)
    [osimulator] (1x1024x576) @ (576x64) input=uint8 ... done (6.4s)
    [osimulator] (1x256x576) @ (576x128) input=uint8 ... done (6.5s)
    [osimulator] (1x1x8192) @ (8192x256) input=uint8 ... done (3.7s)
    [osimulator] (1x1x256) @ (256x10) input=uint8 ... done (0.0s)
  [Model 1 Phase4 v3 INT8 (变体 B) optic]  395/650 ( 60.8%) acc=97.47%  elapsed=16053s  ETA=10363s
    [osimulator] (1x4096x288) @ (288x32) input=uint8 ... done (18.6s)
    [osimulator] (1x1024x288) @ (288x64) input=uint8 ... done (4.4s)
    [osimulator] (1x1024x576) @ (576x64) input=uint8 ... done (6.4s)
    [osimulator] (1x256x576) @ (576x128) input=uint8 ... done (6.4s)
    [osimulator] (1x1x8192) @ (8192x256) input=uint8 ... done (3.7s)
    [osimulator] (1x1x256) @ (256x10) input=uint8 ... done (0.0s)
  [Model 1 Phase4 v3 INT8 (变体 B) optic]  396/650 ( 60.9%) acc=97.47%  elapsed=16092s  ETA=10322s
    [osimulator] (1x4096x288) @ (288x32) input=uint8 ... done (18.6s)
    [osimulator] (1x1024x288) @ (288x64) input=uint8 ... done (4.3s)
    [osimulator] (1x1024x576) @ (576x64) input=uint8 ... done (10.1s)
    [osimulator] (1x256x576) @ (576x128) input=uint8 ... done (6.5s)
    [osimulator] (1x1x8192) @ (8192x256) input=uint8 ... done (3.6s)
    [osimulator] (1x1x256) @ (256x10) input=uint8 ... done (0.0s)
  [Model 1 Phase4 v3 INT8 (变体 B) optic]  397/650 ( 61.1%) acc=97.48%  elapsed=16136s  ETA=10283s
    [osimulator] (1x4096x288) @ (288x32) input=uint8 ... done (18.5s)
    [osimulator] (1x1024x288) @ (288x64) input=uint8 ... done (4.3s)
    [osimulator] (1x1024x576) @ (576x64) input=uint8 ... done (9.9s)
    [osimulator] (1x256x576) @ (576x128) input=uint8 ... done (6.3s)
    [osimulator] (1x1x8192) @ (8192x256) input=uint8 ... done (3.4s)
    [osimulator] (1x1x256) @ (256x10) input=uint8 ... done (0.0s)
  [Model 1 Phase4 v3 INT8 (变体 B) optic]  398/650 ( 61.2%) acc=97.49%  elapsed=16178s  ETA=10243s
    [osimulator] (1x4096x288) @ (288x32) input=uint8 ... done (19.2s)
    [osimulator] (1x1024x288) @ (288x64) input=uint8 ... done (4.3s)
    [osimulator] (1x1024x576) @ (576x64) input=uint8 ... done (6.6s)
    [osimulator] (1x256x576) @ (576x128) input=uint8 ... done (6.4s)
    [osimulator] (1x1x8192) @ (8192x256) input=uint8 ... done (3.7s)
    [osimulator] (1x1x256) @ (256x10) input=uint8 ... done (0.0s)
  [Model 1 Phase4 v3 INT8 (变体 B) optic]  399/650 ( 61.4%) acc=97.49%  elapsed=16218s  ETA=10202s
    [osimulator] (1x4096x288) @ (288x32) input=uint8 ... done (18.7s)
    [osimulator] (1x1024x288) @ (288x64) input=uint8 ... done (4.3s)
    [osimulator] (1x1024x576) @ (576x64) input=uint8 ... done (9.5s)
    [osimulator] (1x256x576) @ (576x128) input=uint8 ... done (6.5s)
    [osimulator] (1x1x8192) @ (8192x256) input=uint8 ... done (3.9s)
    [osimulator] (1x1x256) @ (256x10) input=uint8 ... done (0.0s)
  [Model 1 Phase4 v3 INT8 (变体 B) optic]  400/650 ( 61.5%) acc=97.50%  elapsed=16261s  ETA=10163s
    [osimulator] (1x4096x288) @ (288x32) input=uint8 ... done (18.8s)
    [osimulator] (1x1024x288) @ (288x64) input=uint8 ... done (4.3s)
    [osimulator] (1x1024x576) @ (576x64) input=uint8 ... done (6.4s)
    [osimulator] (1x256x576) @ (576x128) input=uint8 ... done (6.4s)
    [osimulator] (1x1x8192) @ (8192x256) input=uint8 ... done (3.6s)
    [osimulator] (1x1x256) @ (256x10) input=uint8 ... done (0.0s)
  [Model 1 Phase4 v3 INT8 (变体 B) optic]  401/650 ( 61.7%) acc=97.51%  elapsed=16300s  ETA=10122s
    [osimulator] (1x4096x288) @ (288x32) input=uint8 ... done (18.9s)
    [osimulator] (1x1024x288) @ (288x64) input=uint8 ... done (4.4s)
    [osimulator] (1x1024x576) @ (576x64) input=uint8 ... done (6.7s)
    [osimulator] (1x256x576) @ (576x128) input=uint8 ... done (6.6s)
    [osimulator] (1x1x8192) @ (8192x256) input=uint8 ... done (5.0s)
    [osimulator] (1x1x256) @ (256x10) input=uint8 ... done (0.0s)
  [Model 1 Phase4 v3 INT8 (变体 B) optic]  402/650 ( 61.8%) acc=97.51%  elapsed=16342s  ETA=10082s
    [osimulator] (1x4096x288) @ (288x32) input=uint8 ... done (19.0s)
    [osimulator] (1x1024x288) @ (288x64) input=uint8 ... done (4.4s)
    [osimulator] (1x1024x576) @ (576x64) input=uint8 ... done (9.7s)
    [osimulator] (1x256x576) @ (576x128) input=uint8 ... done (6.6s)
    [osimulator] (1x1x8192) @ (8192x256) input=uint8 ... done (3.9s)
    [osimulator] (1x1x256) @ (256x10) input=uint8 ... done (0.0s)
  [Model 1 Phase4 v3 INT8 (变体 B) optic]  403/650 ( 62.0%) acc=97.52%  elapsed=16386s  ETA=10043s
    [osimulator] (1x4096x288) @ (288x32) input=uint8 ... done (19.2s)
    [osimulator] (1x1024x288) @ (288x64) input=uint8 ... done (4.3s)
    [osimulator] (1x1024x576) @ (576x64) input=uint8 ... done (9.5s)
    [osimulator] (1x256x576) @ (576x128) input=uint8 ... done (6.4s)
    [osimulator] (1x1x8192) @ (8192x256) input=uint8 ... done (3.7s)
    [osimulator] (1x1x256) @ (256x10) input=uint8 ... done (0.0s)
  [Model 1 Phase4 v3 INT8 (变体 B) optic]  404/650 ( 62.2%) acc=97.52%  elapsed=16429s  ETA=10004s
    [osimulator] (1x4096x288) @ (288x32) input=uint8 ... done (19.5s)
    [osimulator] (1x1024x288) @ (288x64) input=uint8 ... done (5.0s)
    [osimulator] (1x1024x576) @ (576x64) input=uint8 ... done (6.4s)
    [osimulator] (1x256x576) @ (576x128) input=uint8 ... done (6.5s)
    [osimulator] (1x1x8192) @ (8192x256) input=uint8 ... done (4.0s)
    [osimulator] (1x1x256) @ (256x10) input=uint8 ... done (0.0s)
  [Model 1 Phase4 v3 INT8 (变体 B) optic]  405/650 ( 62.3%) acc=97.53%  elapsed=16470s  ETA=9963s
    [osimulator] (1x4096x288) @ (288x32) input=uint8 ... done (19.1s)
    [osimulator] (1x1024x288) @ (288x64) input=uint8 ... done (4.3s)
    [osimulator] (1x1024x576) @ (576x64) input=uint8 ... done (9.4s)
    [osimulator] (1x256x576) @ (576x128) input=uint8 ... done (6.5s)
    [osimulator] (1x1x8192) @ (8192x256) input=uint8 ... done (3.9s)
    [osimulator] (1x1x256) @ (256x10) input=uint8 ... done (0.0s)
  [Model 1 Phase4 v3 INT8 (变体 B) optic]  406/650 ( 62.5%) acc=97.54%  elapsed=16513s  ETA=9924s
    [osimulator] (1x4096x288) @ (288x32) input=uint8 ... done (19.3s)
    [osimulator] (1x1024x288) @ (288x64) input=uint8 ... done (4.3s)
    [osimulator] (1x1024x576) @ (576x64) input=uint8 ... done (6.6s)
    [osimulator] (1x256x576) @ (576x128) input=uint8 ... done (6.6s)
    [osimulator] (1x1x8192) @ (8192x256) input=uint8 ... done (3.7s)
    [osimulator] (1x1x256) @ (256x10) input=uint8 ... done (0.0s)
  [Model 1 Phase4 v3 INT8 (变体 B) optic]  407/650 ( 62.6%) acc=97.30%  elapsed=16554s  ETA=9884s
    [osimulator] (1x4096x288) @ (288x32) input=uint8 ... done (18.8s)
    [osimulator] (1x1024x288) @ (288x64) input=uint8 ... done (4.3s)
    [osimulator] (1x1024x576) @ (576x64) input=uint8 ... done (9.6s)
    [osimulator] (1x256x576) @ (576x128) input=uint8 ... done (6.5s)
    [osimulator] (1x1x8192) @ (8192x256) input=uint8 ... done (3.9s)
    [osimulator] (1x1x256) @ (256x10) input=uint8 ... done (0.0s)
  [Model 1 Phase4 v3 INT8 (变体 B) optic]  408/650 ( 62.8%) acc=97.06%  elapsed=16597s  ETA=9844s
    [osimulator] (1x4096x288) @ (288x32) input=uint8 ... done (18.7s)
    [osimulator] (1x1024x288) @ (288x64) input=uint8 ... done (4.3s)
    [osimulator] (1x1024x576) @ (576x64) input=uint8 ... done (6.7s)
    [osimulator] (1x256x576) @ (576x128) input=uint8 ... done (6.4s)
    [osimulator] (1x1x8192) @ (8192x256) input=uint8 ... done (3.8s)
    [osimulator] (1x1x256) @ (256x10) input=uint8 ... done (0.0s)
  [Model 1 Phase4 v3 INT8 (变体 B) optic]  409/650 ( 62.9%) acc=97.07%  elapsed=16637s  ETA=9803s
    [osimulator] (1x4096x288) @ (288x32) input=uint8 ... done (19.0s)
    [osimulator] (1x1024x288) @ (288x64) input=uint8 ... done (4.3s)
    [osimulator] (1x1024x576) @ (576x64) input=uint8 ... done (7.2s)
    [osimulator] (1x256x576) @ (576x128) input=uint8 ... done (6.5s)
    [osimulator] (1x1x8192) @ (8192x256) input=uint8 ... done (3.8s)
    [osimulator] (1x1x256) @ (256x10) input=uint8 ... done (0.0s)
  [Model 1 Phase4 v3 INT8 (变体 B) optic]  410/650 ( 63.1%) acc=97.07%  elapsed=16678s  ETA=9763s
    [osimulator] (1x4096x288) @ (288x32) input=uint8 ... done (18.9s)
    [osimulator] (1x1024x288) @ (288x64) input=uint8 ... done (4.3s)
    [osimulator] (1x1024x576) @ (576x64) input=uint8 ... done (6.5s)
    [osimulator] (1x256x576) @ (576x128) input=uint8 ... done (6.4s)
    [osimulator] (1x1x8192) @ (8192x256) input=uint8 ... done (3.6s)
    [osimulator] (1x1x256) @ (256x10) input=uint8 ... done (0.0s)
  [Model 1 Phase4 v3 INT8 (变体 B) optic]  411/650 ( 63.2%) acc=97.08%  elapsed=16718s  ETA=9721s
    [osimulator] (1x4096x288) @ (288x32) input=uint8 ... done (18.8s)
    [osimulator] (1x1024x288) @ (288x64) input=uint8 ... done (4.3s)
    [osimulator] (1x1024x576) @ (576x64) input=uint8 ... done (6.6s)
    [osimulator] (1x256x576) @ (576x128) input=uint8 ... done (6.4s)
    [osimulator] (1x1x8192) @ (8192x256) input=uint8 ... done (3.7s)
    [osimulator] (1x1x256) @ (256x10) input=uint8 ... done (0.0s)
  [Model 1 Phase4 v3 INT8 (变体 B) optic]  412/650 ( 63.4%) acc=97.09%  elapsed=16757s  ETA=9680s
    [osimulator] (1x4096x288) @ (288x32) input=uint8 ... done (19.0s)
    [osimulator] (1x1024x288) @ (288x64) input=uint8 ... done (4.3s)
    [osimulator] (1x1024x576) @ (576x64) input=uint8 ... done (7.9s)
    [osimulator] (1x256x576) @ (576x128) input=uint8 ... done (6.5s)
    [osimulator] (1x1x8192) @ (8192x256) input=uint8 ... done (3.7s)
    [osimulator] (1x1x256) @ (256x10) input=uint8 ... done (0.0s)
  [Model 1 Phase4 v3 INT8 (变体 B) optic]  413/650 ( 63.5%) acc=97.09%  elapsed=16799s  ETA=9640s
    [osimulator] (1x4096x288) @ (288x32) input=uint8 ... done (18.7s)
    [osimulator] (1x1024x288) @ (288x64) input=uint8 ... done (4.3s)
    [osimulator] (1x1024x576) @ (576x64) input=uint8 ... done (6.7s)
    [osimulator] (1x256x576) @ (576x128) input=uint8 ... done (6.4s)
    [osimulator] (1x1x8192) @ (8192x256) input=uint8 ... done (3.8s)
    [osimulator] (1x1x256) @ (256x10) input=uint8 ... done (0.0s)
  [Model 1 Phase4 v3 INT8 (变体 B) optic]  414/650 ( 63.7%) acc=97.10%  elapsed=16839s  ETA=9599s
    [osimulator] (1x4096x288) @ (288x32) input=uint8 ... done (18.7s)
    [osimulator] (1x1024x288) @ (288x64) input=uint8 ... done (4.3s)
    [osimulator] (1x1024x576) @ (576x64) input=uint8 ... done (6.5s)
    [osimulator] (1x256x576) @ (576x128) input=uint8 ... done (6.5s)
    [osimulator] (1x1x8192) @ (8192x256) input=uint8 ... done (4.0s)
    [osimulator] (1x1x256) @ (256x10) input=uint8 ... done (0.0s)
  [Model 1 Phase4 v3 INT8 (变体 B) optic]  415/650 ( 63.8%) acc=97.11%  elapsed=16879s  ETA=9558s
    [osimulator] (1x4096x288) @ (288x32) input=uint8 ... done (18.5s)
    [osimulator] (1x1024x288) @ (288x64) input=uint8 ... done (4.3s)
    [osimulator] (1x1024x576) @ (576x64) input=uint8 ... done (8.2s)
    [osimulator] (1x256x576) @ (576x128) input=uint8 ... done (6.4s)
    [osimulator] (1x1x8192) @ (8192x256) input=uint8 ... done (3.8s)
    [osimulator] (1x1x256) @ (256x10) input=uint8 ... done (0.0s)
  [Model 1 Phase4 v3 INT8 (变体 B) optic]  416/650 ( 64.0%) acc=97.12%  elapsed=16920s  ETA=9518s
    [osimulator] (1x4096x288) @ (288x32) input=uint8 ... done (18.8s)
    [osimulator] (1x1024x288) @ (288x64) input=uint8 ... done (4.3s)
    [osimulator] (1x1024x576) @ (576x64) input=uint8 ... done (11.8s)
    [osimulator] (1x256x576) @ (576x128) input=uint8 ... done (6.4s)
    [osimulator] (1x1x8192) @ (8192x256) input=uint8 ... done (3.7s)
    [osimulator] (1x1x256) @ (256x10) input=uint8 ... done (0.0s)
  [Model 1 Phase4 v3 INT8 (变体 B) optic]  417/650 ( 64.2%) acc=97.12%  elapsed=16965s  ETA=9479s
    [osimulator] (1x4096x288) @ (288x32) input=uint8 ... done (19.0s)
    [osimulator] (1x1024x288) @ (288x64) input=uint8 ... done (4.3s)
    [osimulator] (1x1024x576) @ (576x64) input=uint8 ... done (6.2s)
    [osimulator] (1x256x576) @ (576x128) input=uint8 ... done (6.5s)
    [osimulator] (1x1x8192) @ (8192x256) input=uint8 ... done (3.6s)
    [osimulator] (1x1x256) @ (256x10) input=uint8 ... done (0.0s)
  [Model 1 Phase4 v3 INT8 (变体 B) optic]  418/650 ( 64.3%) acc=97.13%  elapsed=17005s  ETA=9438s
    [osimulator] (1x4096x288) @ (288x32) input=uint8 ... done (18.5s)
    [osimulator] (1x1024x288) @ (288x64) input=uint8 ... done (4.3s)
    [osimulator] (1x1024x576) @ (576x64) input=uint8 ... done (6.4s)
    [osimulator] (1x256x576) @ (576x128) input=uint8 ... done (6.4s)
    [osimulator] (1x1x8192) @ (8192x256) input=uint8 ... done (3.6s)
    [osimulator] (1x1x256) @ (256x10) input=uint8 ... done (0.0s)
  [Model 1 Phase4 v3 INT8 (变体 B) optic]  419/650 ( 64.5%) acc=97.14%  elapsed=17044s  ETA=9397s
    [osimulator] (1x4096x288) @ (288x32) input=uint8 ... done (19.4s)
    [osimulator] (1x1024x288) @ (288x64) input=uint8 ... done (4.3s)
    [osimulator] (1x1024x576) @ (576x64) input=uint8 ... done (9.0s)
    [osimulator] (1x256x576) @ (576x128) input=uint8 ... done (6.5s)
    [osimulator] (1x1x8192) @ (8192x256) input=uint8 ... done (3.8s)
    [osimulator] (1x1x256) @ (256x10) input=uint8 ... done (0.0s)
  [Model 1 Phase4 v3 INT8 (变体 B) optic]  420/650 ( 64.6%) acc=97.14%  elapsed=17087s  ETA=9357s
    [osimulator] (1x4096x288) @ (288x32) input=uint8 ... done (18.7s)
    [osimulator] (1x1024x288) @ (288x64) input=uint8 ... done (4.3s)
    [osimulator] (1x1024x576) @ (576x64) input=uint8 ... done (7.8s)
    [osimulator] (1x256x576) @ (576x128) input=uint8 ... done (6.6s)
    [osimulator] (1x1x8192) @ (8192x256) input=uint8 ... done (3.7s)
    [osimulator] (1x1x256) @ (256x10) input=uint8 ... done (0.0s)
  [Model 1 Phase4 v3 INT8 (变体 B) optic]  421/650 ( 64.8%) acc=97.15%  elapsed=17128s  ETA=9317s
    [osimulator] (1x4096x288) @ (288x32) input=uint8 ... done (18.9s)
    [osimulator] (1x1024x288) @ (288x64) input=uint8 ... done (4.3s)
    [osimulator] (1x1024x576) @ (576x64) input=uint8 ... done (9.4s)
    [osimulator] (1x256x576) @ (576x128) input=uint8 ... done (6.3s)
    [osimulator] (1x1x8192) @ (8192x256) input=uint8 ... done (3.6s)
    [osimulator] (1x1x256) @ (256x10) input=uint8 ... done (0.0s)
  [Model 1 Phase4 v3 INT8 (变体 B) optic]  422/650 ( 64.9%) acc=97.16%  elapsed=17171s  ETA=9277s
    [osimulator] (1x4096x288) @ (288x32) input=uint8 ... done (19.0s)
    [osimulator] (1x1024x288) @ (288x64) input=uint8 ... done (4.3s)
    [osimulator] (1x1024x576) @ (576x64) input=uint8 ... done (12.6s)
    [osimulator] (1x256x576) @ (576x128) input=uint8 ... done (6.5s)
    [osimulator] (1x1x8192) @ (8192x256) input=uint8 ... done (3.7s)
    [osimulator] (1x1x256) @ (256x10) input=uint8 ... done (0.0s)
  [Model 1 Phase4 v3 INT8 (变体 B) optic]  423/650 ( 65.1%) acc=97.16%  elapsed=17217s  ETA=9239s
    [osimulator] (1x4096x288) @ (288x32) input=uint8 ... done (18.7s)
    [osimulator] (1x1024x288) @ (288x64) input=uint8 ... done (4.3s)
    [osimulator] (1x1024x576) @ (576x64) input=uint8 ... done (8.3s)
    [osimulator] (1x256x576) @ (576x128) input=uint8 ... done (6.5s)
    [osimulator] (1x1x8192) @ (8192x256) input=uint8 ... done (3.8s)
    [osimulator] (1x1x256) @ (256x10) input=uint8 ... done (0.0s)
  [Model 1 Phase4 v3 INT8 (变体 B) optic]  424/650 ( 65.2%) acc=97.17%  elapsed=17259s  ETA=9199s
    [osimulator] (1x4096x288) @ (288x32) input=uint8 ... done (18.7s)
    [osimulator] (1x1024x288) @ (288x64) input=uint8 ... done (4.3s)
    [osimulator] (1x1024x576) @ (576x64) input=uint8 ... done (12.2s)
    [osimulator] (1x256x576) @ (576x128) input=uint8 ... done (6.5s)
    [osimulator] (1x1x8192) @ (8192x256) input=uint8 ... done (3.7s)
    [osimulator] (1x1x256) @ (256x10) input=uint8 ... done (0.0s)
  [Model 1 Phase4 v3 INT8 (变体 B) optic]  425/650 ( 65.4%) acc=97.18%  elapsed=17304s  ETA=9161s
    [osimulator] (1x4096x288) @ (288x32) input=uint8 ... done (18.8s)
    [osimulator] (1x1024x288) @ (288x64) input=uint8 ... done (4.3s)
    [osimulator] (1x1024x576) @ (576x64) input=uint8 ... done (6.4s)
    [osimulator] (1x256x576) @ (576x128) input=uint8 ... done (6.5s)
    [osimulator] (1x1x8192) @ (8192x256) input=uint8 ... done (3.7s)
    [osimulator] (1x1x256) @ (256x10) input=uint8 ... done (0.0s)
  [Model 1 Phase4 v3 INT8 (变体 B) optic]  426/650 ( 65.5%) acc=97.18%  elapsed=17344s  ETA=9120s
    [osimulator] (1x4096x288) @ (288x32) input=uint8 ... done (19.2s)
    [osimulator] (1x1024x288) @ (288x64) input=uint8 ... done (4.3s)
    [osimulator] (1x1024x576) @ (576x64) input=uint8 ... done (6.7s)
    [osimulator] (1x256x576) @ (576x128) input=uint8 ... done (6.4s)
    [osimulator] (1x1x8192) @ (8192x256) input=uint8 ... done (3.8s)
    [osimulator] (1x1x256) @ (256x10) input=uint8 ... done (0.0s)
  [Model 1 Phase4 v3 INT8 (变体 B) optic]  427/650 ( 65.7%) acc=97.19%  elapsed=17384s  ETA=9079s
    [osimulator] (1x4096x288) @ (288x32) input=uint8 ... done (18.8s)
    [osimulator] (1x1024x288) @ (288x64) input=uint8 ... done (4.4s)
    [osimulator] (1x1024x576) @ (576x64) input=uint8 ... done (6.4s)
    [osimulator] (1x256x576) @ (576x128) input=uint8 ... done (6.4s)
    [osimulator] (1x1x8192) @ (8192x256) input=uint8 ... done (3.5s)
    [osimulator] (1x1x256) @ (256x10) input=uint8 ... done (0.0s)
  [Model 1 Phase4 v3 INT8 (变体 B) optic]  428/650 ( 65.8%) acc=97.20%  elapsed=17424s  ETA=9038s
    [osimulator] (1x4096x288) @ (288x32) input=uint8 ... done (18.7s)
    [osimulator] (1x1024x288) @ (288x64) input=uint8 ... done (4.3s)
    [osimulator] (1x1024x576) @ (576x64) input=uint8 ... done (12.7s)
    [osimulator] (1x256x576) @ (576x128) input=uint8 ... done (6.3s)
    [osimulator] (1x1x8192) @ (8192x256) input=uint8 ... done (3.6s)
    [osimulator] (1x1x256) @ (256x10) input=uint8 ... done (0.0s)
  [Model 1 Phase4 v3 INT8 (变体 B) optic]  429/650 ( 66.0%) acc=97.20%  elapsed=17470s  ETA=8999s
    [osimulator] (1x4096x288) @ (288x32) input=uint8 ... done (19.6s)
    [osimulator] (1x1024x288) @ (288x64) input=uint8 ... done (4.3s)
    [osimulator] (1x1024x576) @ (576x64) input=uint8 ... done (7.5s)
    [osimulator] (1x256x576) @ (576x128) input=uint8 ... done (6.6s)
    [osimulator] (1x1x8192) @ (8192x256) input=uint8 ... done (3.9s)
    [osimulator] (1x1x256) @ (256x10) input=uint8 ... done (0.0s)
  [Model 1 Phase4 v3 INT8 (变体 B) optic]  430/650 ( 66.2%) acc=97.21%  elapsed=17511s  ETA=8959s
    [osimulator] (1x4096x288) @ (288x32) input=uint8 ... done (19.6s)
    [osimulator] (1x1024x288) @ (288x64) input=uint8 ... done (4.3s)
    [osimulator] (1x1024x576) @ (576x64) input=uint8 ... done (7.7s)
    [osimulator] (1x256x576) @ (576x128) input=uint8 ... done (6.6s)
    [osimulator] (1x1x8192) @ (8192x256) input=uint8 ... done (3.7s)
    [osimulator] (1x1x256) @ (256x10) input=uint8 ... done (0.0s)
  [Model 1 Phase4 v3 INT8 (变体 B) optic]  431/650 ( 66.3%) acc=97.22%  elapsed=17553s  ETA=8919s
    [osimulator] (1x4096x288) @ (288x32) input=uint8 ... done (19.3s)
    [osimulator] (1x1024x288) @ (288x64) input=uint8 ... done (4.3s)
    [osimulator] (1x1024x576) @ (576x64) input=uint8 ... done (8.4s)
    [osimulator] (1x256x576) @ (576x128) input=uint8 ... done (6.5s)
    [osimulator] (1x1x8192) @ (8192x256) input=uint8 ... done (3.6s)
    [osimulator] (1x1x256) @ (256x10) input=uint8 ... done (0.0s)
  [Model 1 Phase4 v3 INT8 (变体 B) optic]  432/650 ( 66.5%) acc=97.22%  elapsed=17596s  ETA=8879s
    [osimulator] (1x4096x288) @ (288x32) input=uint8 ... done (18.9s)
    [osimulator] (1x1024x288) @ (288x64) input=uint8 ... done (4.4s)
    [osimulator] (1x1024x576) @ (576x64) input=uint8 ... done (6.4s)
    [osimulator] (1x256x576) @ (576x128) input=uint8 ... done (6.7s)
    [osimulator] (1x1x8192) @ (8192x256) input=uint8 ... done (3.7s)
    [osimulator] (1x1x256) @ (256x10) input=uint8 ... done (0.0s)
  [Model 1 Phase4 v3 INT8 (变体 B) optic]  433/650 ( 66.6%) acc=97.23%  elapsed=17636s  ETA=8838s
    [osimulator] (1x4096x288) @ (288x32) input=uint8 ... done (18.7s)
    [osimulator] (1x1024x288) @ (288x64) input=uint8 ... done (4.3s)
    [osimulator] (1x1024x576) @ (576x64) input=uint8 ... done (6.9s)
    [osimulator] (1x256x576) @ (576x128) input=uint8 ... done (6.6s)
    [osimulator] (1x1x8192) @ (8192x256) input=uint8 ... done (3.9s)
    [osimulator] (1x1x256) @ (256x10) input=uint8 ... done (0.0s)
  [Model 1 Phase4 v3 INT8 (变体 B) optic]  434/650 ( 66.8%) acc=97.24%  elapsed=17676s  ETA=8797s
    [osimulator] (1x4096x288) @ (288x32) input=uint8 ... done (19.2s)
    [osimulator] (1x1024x288) @ (288x64) input=uint8 ... done (4.3s)
    [osimulator] (1x1024x576) @ (576x64) input=uint8 ... done (9.8s)
    [osimulator] (1x256x576) @ (576x128) input=uint8 ... done (6.5s)
    [osimulator] (1x1x8192) @ (8192x256) input=uint8 ... done (3.9s)
    [osimulator] (1x1x256) @ (256x10) input=uint8 ... done (0.0s)
  [Model 1 Phase4 v3 INT8 (变体 B) optic]  435/650 ( 66.9%) acc=97.24%  elapsed=17720s  ETA=8758s
    [osimulator] (1x4096x288) @ (288x32) input=uint8 ... done (19.1s)
    [osimulator] (1x1024x288) @ (288x64) input=uint8 ... done (4.3s)
    [osimulator] (1x1024x576) @ (576x64) input=uint8 ... done (9.8s)
    [osimulator] (1x256x576) @ (576x128) input=uint8 ... done (6.5s)
    [osimulator] (1x1x8192) @ (8192x256) input=uint8 ... done (3.8s)
    [osimulator] (1x1x256) @ (256x10) input=uint8 ... done (0.0s)
  [Model 1 Phase4 v3 INT8 (变体 B) optic]  436/650 ( 67.1%) acc=97.25%  elapsed=17764s  ETA=8719s
    [osimulator] (1x4096x288) @ (288x32) input=uint8 ... done (19.0s)
    [osimulator] (1x1024x288) @ (288x64) input=uint8 ... done (4.3s)
    [osimulator] (1x1024x576) @ (576x64) input=uint8 ... done (10.8s)
    [osimulator] (1x256x576) @ (576x128) input=uint8 ... done (6.4s)
    [osimulator] (1x1x8192) @ (8192x256) input=uint8 ... done (3.6s)
    [osimulator] (1x1x256) @ (256x10) input=uint8 ... done (0.0s)
  [Model 1 Phase4 v3 INT8 (变体 B) optic]  437/650 ( 67.2%) acc=97.25%  elapsed=17808s  ETA=8680s
    [osimulator] (1x4096x288) @ (288x32) input=uint8 ... done (18.7s)
    [osimulator] (1x1024x288) @ (288x64) input=uint8 ... done (4.3s)
    [osimulator] (1x1024x576) @ (576x64) input=uint8 ... done (9.1s)
    [osimulator] (1x256x576) @ (576x128) input=uint8 ... done (6.5s)
    [osimulator] (1x1x8192) @ (8192x256) input=uint8 ... done (3.8s)
    [osimulator] (1x1x256) @ (256x10) input=uint8 ... done (0.0s)
  [Model 1 Phase4 v3 INT8 (变体 B) optic]  438/650 ( 67.4%) acc=97.26%  elapsed=17850s  ETA=8640s
    [osimulator] (1x4096x288) @ (288x32) input=uint8 ... done (19.4s)
    [osimulator] (1x1024x288) @ (288x64) input=uint8 ... done (4.7s)
    [osimulator] (1x1024x576) @ (576x64) input=uint8 ... done (6.8s)
    [osimulator] (1x256x576) @ (576x128) input=uint8 ... done (6.4s)
    [osimulator] (1x1x8192) @ (8192x256) input=uint8 ... done (3.6s)
    [osimulator] (1x1x256) @ (256x10) input=uint8 ... done (0.0s)
  [Model 1 Phase4 v3 INT8 (变体 B) optic]  439/650 ( 67.5%) acc=97.27%  elapsed=17891s  ETA=8599s
    [osimulator] (1x4096x288) @ (288x32) input=uint8 ... done (19.1s)
    [osimulator] (1x1024x288) @ (288x64) input=uint8 ... done (4.4s)
    [osimulator] (1x1024x576) @ (576x64) input=uint8 ... done (6.6s)
    [osimulator] (1x256x576) @ (576x128) input=uint8 ... done (6.6s)
    [osimulator] (1x1x8192) @ (8192x256) input=uint8 ... done (3.8s)
    [osimulator] (1x1x256) @ (256x10) input=uint8 ... done (0.0s)
  [Model 1 Phase4 v3 INT8 (变体 B) optic]  440/650 ( 67.7%) acc=97.27%  elapsed=17932s  ETA=8558s
    [osimulator] (1x4096x288) @ (288x32) input=uint8 ... done (19.3s)
    [osimulator] (1x1024x288) @ (288x64) input=uint8 ... done (4.3s)
    [osimulator] (1x1024x576) @ (576x64) input=uint8 ... done (6.4s)
    [osimulator] (1x256x576) @ (576x128) input=uint8 ... done (6.5s)
    [osimulator] (1x1x8192) @ (8192x256) input=uint8 ... done (3.9s)
    [osimulator] (1x1x256) @ (256x10) input=uint8 ... done (0.0s)
  [Model 1 Phase4 v3 INT8 (变体 B) optic]  441/650 ( 67.8%) acc=97.28%  elapsed=17972s  ETA=8517s
    [osimulator] (1x4096x288) @ (288x32) input=uint8 ... done (19.6s)
    [osimulator] (1x1024x288) @ (288x64) input=uint8 ... done (4.3s)
    [osimulator] (1x1024x576) @ (576x64) input=uint8 ... done (9.3s)
    [osimulator] (1x256x576) @ (576x128) input=uint8 ... done (6.5s)
    [osimulator] (1x1x8192) @ (8192x256) input=uint8 ... done (3.8s)
    [osimulator] (1x1x256) @ (256x10) input=uint8 ... done (0.0s)
  [Model 1 Phase4 v3 INT8 (变体 B) optic]  442/650 ( 68.0%) acc=97.29%  elapsed=18016s  ETA=8478s
    [osimulator] (1x4096x288) @ (288x32) input=uint8 ... done (19.5s)
    [osimulator] (1x1024x288) @ (288x64) input=uint8 ... done (4.3s)
    [osimulator] (1x1024x576) @ (576x64) input=uint8 ... done (9.2s)
    [osimulator] (1x256x576) @ (576x128) input=uint8 ... done (6.6s)
    [osimulator] (1x1x8192) @ (8192x256) input=uint8 ... done (3.8s)
    [osimulator] (1x1x256) @ (256x10) input=uint8 ... done (0.0s)
  [Model 1 Phase4 v3 INT8 (变体 B) optic]  443/650 ( 68.2%) acc=97.29%  elapsed=18059s  ETA=8438s
    [osimulator] (1x4096x288) @ (288x32) input=uint8 ... done (19.4s)
    [osimulator] (1x1024x288) @ (288x64) input=uint8 ... done (4.3s)
    [osimulator] (1x1024x576) @ (576x64) input=uint8 ... done (12.0s)
    [osimulator] (1x256x576) @ (576x128) input=uint8 ... done (6.6s)
    [osimulator] (1x1x8192) @ (8192x256) input=uint8 ... done (4.0s)
    [osimulator] (1x1x256) @ (256x10) input=uint8 ... done (0.0s)
  [Model 1 Phase4 v3 INT8 (变体 B) optic]  444/650 ( 68.3%) acc=97.30%  elapsed=18105s  ETA=8400s
    [osimulator] (1x4096x288) @ (288x32) input=uint8 ... done (19.6s)
    [osimulator] (1x1024x288) @ (288x64) input=uint8 ... done (4.3s)
    [osimulator] (1x1024x576) @ (576x64) input=uint8 ... done (6.6s)
    [osimulator] (1x256x576) @ (576x128) input=uint8 ... done (6.5s)
    [osimulator] (1x1x8192) @ (8192x256) input=uint8 ... done (3.8s)
    [osimulator] (1x1x256) @ (256x10) input=uint8 ... done (0.0s)
  [Model 1 Phase4 v3 INT8 (变体 B) optic]  445/650 ( 68.5%) acc=97.30%  elapsed=18146s  ETA=8359s
    [osimulator] (1x4096x288) @ (288x32) input=uint8 ... done (19.2s)
    [osimulator] (1x1024x288) @ (288x64) input=uint8 ... done (4.3s)
    [osimulator] (1x1024x576) @ (576x64) input=uint8 ... done (10.4s)
    [osimulator] (1x256x576) @ (576x128) input=uint8 ... done (6.4s)
    [osimulator] (1x1x8192) @ (8192x256) input=uint8 ... done (3.8s)
    [osimulator] (1x1x256) @ (256x10) input=uint8 ... done (0.0s)
  [Model 1 Phase4 v3 INT8 (变体 B) optic]  446/650 ( 68.6%) acc=97.31%  elapsed=18190s  ETA=8320s
    [osimulator] (1x4096x288) @ (288x32) input=uint8 ... done (19.0s)
    [osimulator] (1x1024x288) @ (288x64) input=uint8 ... done (4.3s)
    [osimulator] (1x1024x576) @ (576x64) input=uint8 ... done (9.6s)
    [osimulator] (1x256x576) @ (576x128) input=uint8 ... done (6.5s)
    [osimulator] (1x1x8192) @ (8192x256) input=uint8 ... done (3.6s)
    [osimulator] (1x1x256) @ (256x10) input=uint8 ... done (0.0s)
  [Model 1 Phase4 v3 INT8 (变体 B) optic]  447/650 ( 68.8%) acc=97.32%  elapsed=18233s  ETA=8280s
    [osimulator] (1x4096x288) @ (288x32) input=uint8 ... done (19.5s)
    [osimulator] (1x1024x288) @ (288x64) input=uint8 ... done (4.3s)
    [osimulator] (1x1024x576) @ (576x64) input=uint8 ... done (6.7s)
    [osimulator] (1x256x576) @ (576x128) input=uint8 ... done (6.5s)
    [osimulator] (1x1x8192) @ (8192x256) input=uint8 ... done (3.7s)
    [osimulator] (1x1x256) @ (256x10) input=uint8 ... done (0.0s)
  [Model 1 Phase4 v3 INT8 (变体 B) optic]  448/650 ( 68.9%) acc=97.32%  elapsed=18274s  ETA=8240s
    [osimulator] (1x4096x288) @ (288x32) input=uint8 ... done (18.6s)
    [osimulator] (1x1024x288) @ (288x64) input=uint8 ... done (4.3s)
    [osimulator] (1x1024x576) @ (576x64) input=uint8 ... done (6.6s)
    [osimulator] (1x256x576) @ (576x128) input=uint8 ... done (6.4s)
    [osimulator] (1x1x8192) @ (8192x256) input=uint8 ... done (3.8s)
    [osimulator] (1x1x256) @ (256x10) input=uint8 ... done (0.0s)
  [Model 1 Phase4 v3 INT8 (变体 B) optic]  449/650 ( 69.1%) acc=97.33%  elapsed=18314s  ETA=8198s
    [osimulator] (1x4096x288) @ (288x32) input=uint8 ... done (18.7s)
    [osimulator] (1x1024x288) @ (288x64) input=uint8 ... done (4.3s)
    [osimulator] (1x1024x576) @ (576x64) input=uint8 ... done (9.2s)
    [osimulator] (1x256x576) @ (576x128) input=uint8 ... done (6.6s)
    [osimulator] (1x1x8192) @ (8192x256) input=uint8 ... done (3.7s)
    [osimulator] (1x1x256) @ (256x10) input=uint8 ... done (0.0s)
  [Model 1 Phase4 v3 INT8 (变体 B) optic]  450/650 ( 69.2%) acc=97.33%  elapsed=18356s  ETA=8158s
    [osimulator] (1x4096x288) @ (288x32) input=uint8 ... done (18.7s)
    [osimulator] (1x1024x288) @ (288x64) input=uint8 ... done (4.2s)
    [osimulator] (1x1024x576) @ (576x64) input=uint8 ... done (6.3s)
    [osimulator] (1x256x576) @ (576x128) input=uint8 ... done (6.4s)
    [osimulator] (1x1x8192) @ (8192x256) input=uint8 ... done (3.6s)
    [osimulator] (1x1x256) @ (256x10) input=uint8 ... done (0.0s)
  [Model 1 Phase4 v3 INT8 (变体 B) optic]  451/650 ( 69.4%) acc=97.34%  elapsed=18395s  ETA=8117s
    [osimulator] (1x4096x288) @ (288x32) input=uint8 ... done (18.6s)
    [osimulator] (1x1024x288) @ (288x64) input=uint8 ... done (4.3s)
    [osimulator] (1x1024x576) @ (576x64) input=uint8 ... done (6.3s)
    [osimulator] (1x256x576) @ (576x128) input=uint8 ... done (6.5s)
    [osimulator] (1x1x8192) @ (8192x256) input=uint8 ... done (3.9s)
    [osimulator] (1x1x256) @ (256x10) input=uint8 ... done (0.0s)
  [Model 1 Phase4 v3 INT8 (变体 B) optic]  452/650 ( 69.5%) acc=97.35%  elapsed=18435s  ETA=8076s
    [osimulator] (1x4096x288) @ (288x32) input=uint8 ... done (18.4s)
    [osimulator] (1x1024x288) @ (288x64) input=uint8 ... done (4.2s)
    [osimulator] (1x1024x576) @ (576x64) input=uint8 ... done (6.8s)
    [osimulator] (1x256x576) @ (576x128) input=uint8 ... done (6.4s)
    [osimulator] (1x1x8192) @ (8192x256) input=uint8 ... done (3.8s)
    [osimulator] (1x1x256) @ (256x10) input=uint8 ... done (0.0s)
  [Model 1 Phase4 v3 INT8 (变体 B) optic]  453/650 ( 69.7%) acc=97.35%  elapsed=18475s  ETA=8034s
    [osimulator] (1x4096x288) @ (288x32) input=uint8 ... done (18.3s)
    [osimulator] (1x1024x288) @ (288x64) input=uint8 ... done (4.3s)
    [osimulator] (1x1024x576) @ (576x64) input=uint8 ... done (8.3s)
    [osimulator] (1x256x576) @ (576x128) input=uint8 ... done (6.5s)
    [osimulator] (1x1x8192) @ (8192x256) input=uint8 ... done (3.6s)
    [osimulator] (1x1x256) @ (256x10) input=uint8 ... done (0.0s)
  [Model 1 Phase4 v3 INT8 (变体 B) optic]  454/650 ( 69.8%) acc=97.36%  elapsed=18516s  ETA=7994s
    [osimulator] (1x4096x288) @ (288x32) input=uint8 ... done (18.2s)
    [osimulator] (1x1024x288) @ (288x64) input=uint8 ... done (4.3s)
    [osimulator] (1x1024x576) @ (576x64) input=uint8 ... done (8.0s)
    [osimulator] (1x256x576) @ (576x128) input=uint8 ... done (6.5s)
    [osimulator] (1x1x8192) @ (8192x256) input=uint8 ... done (3.7s)
    [osimulator] (1x1x256) @ (256x10) input=uint8 ... done (0.0s)
  [Model 1 Phase4 v3 INT8 (变体 B) optic]  455/650 ( 70.0%) acc=97.36%  elapsed=18557s  ETA=7953s
    [osimulator] (1x4096x288) @ (288x32) input=uint8 ... done (18.5s)
    [osimulator] (1x1024x288) @ (288x64) input=uint8 ... done (4.2s)
    [osimulator] (1x1024x576) @ (576x64) input=uint8 ... done (10.5s)
    [osimulator] (1x256x576) @ (576x128) input=uint8 ... done (6.5s)
    [osimulator] (1x1x8192) @ (8192x256) input=uint8 ... done (3.7s)
    [osimulator] (1x1x256) @ (256x10) input=uint8 ... done (0.0s)
  [Model 1 Phase4 v3 INT8 (变体 B) optic]  456/650 ( 70.2%) acc=97.37%  elapsed=18600s  ETA=7913s
    [osimulator] (1x4096x288) @ (288x32) input=uint8 ... done (18.6s)
    [osimulator] (1x1024x288) @ (288x64) input=uint8 ... done (4.3s)
    [osimulator] (1x1024x576) @ (576x64) input=uint8 ... done (11.0s)
    [osimulator] (1x256x576) @ (576x128) input=uint8 ... done (6.5s)
    [osimulator] (1x1x8192) @ (8192x256) input=uint8 ... done (3.7s)
    [osimulator] (1x1x256) @ (256x10) input=uint8 ... done (0.0s)
  [Model 1 Phase4 v3 INT8 (变体 B) optic]  457/650 ( 70.3%) acc=97.37%  elapsed=18644s  ETA=7874s
    [osimulator] (1x4096x288) @ (288x32) input=uint8 ... done (18.4s)
    [osimulator] (1x1024x288) @ (288x64) input=uint8 ... done (4.3s)
    [osimulator] (1x1024x576) @ (576x64) input=uint8 ... done (6.5s)
    [osimulator] (1x256x576) @ (576x128) input=uint8 ... done (6.5s)
    [osimulator] (1x1x8192) @ (8192x256) input=uint8 ... done (3.9s)
    [osimulator] (1x1x256) @ (256x10) input=uint8 ... done (0.0s)
  [Model 1 Phase4 v3 INT8 (变体 B) optic]  458/650 ( 70.5%) acc=97.16%  elapsed=18684s  ETA=7833s
    [osimulator] (1x4096x288) @ (288x32) input=uint8 ... done (18.3s)
    [osimulator] (1x1024x288) @ (288x64) input=uint8 ... done (4.3s)
    [osimulator] (1x1024x576) @ (576x64) input=uint8 ... done (10.1s)
    [osimulator] (1x256x576) @ (576x128) input=uint8 ... done (6.4s)
    [osimulator] (1x1x8192) @ (8192x256) input=uint8 ... done (3.7s)
    [osimulator] (1x1x256) @ (256x10) input=uint8 ... done (0.0s)
  [Model 1 Phase4 v3 INT8 (变体 B) optic]  459/650 ( 70.6%) acc=97.17%  elapsed=18727s  ETA=7793s
    [osimulator] (1x4096x288) @ (288x32) input=uint8 ... done (18.4s)
    [osimulator] (1x1024x288) @ (288x64) input=uint8 ... done (4.3s)
    [osimulator] (1x1024x576) @ (576x64) input=uint8 ... done (7.3s)
    [osimulator] (1x256x576) @ (576x128) input=uint8 ... done (6.4s)
    [osimulator] (1x1x8192) @ (8192x256) input=uint8 ... done (3.9s)
    [osimulator] (1x1x256) @ (256x10) input=uint8 ... done (0.0s)
  [Model 1 Phase4 v3 INT8 (变体 B) optic]  460/650 ( 70.8%) acc=97.17%  elapsed=18767s  ETA=7752s
    [osimulator] (1x4096x288) @ (288x32) input=uint8 ... done (18.3s)
    [osimulator] (1x1024x288) @ (288x64) input=uint8 ... done (4.3s)
    [osimulator] (1x1024x576) @ (576x64) input=uint8 ... done (6.7s)
    [osimulator] (1x256x576) @ (576x128) input=uint8 ... done (6.6s)
    [osimulator] (1x1x8192) @ (8192x256) input=uint8 ... done (3.7s)
    [osimulator] (1x1x256) @ (256x10) input=uint8 ... done (0.0s)
  [Model 1 Phase4 v3 INT8 (变体 B) optic]  461/650 ( 70.9%) acc=97.18%  elapsed=18807s  ETA=7710s
    [osimulator] (1x4096x288) @ (288x32) input=uint8 ... done (18.5s)
    [osimulator] (1x1024x288) @ (288x64) input=uint8 ... done (4.4s)
    [osimulator] (1x1024x576) @ (576x64) input=uint8 ... done (6.6s)
    [osimulator] (1x256x576) @ (576x128) input=uint8 ... done (6.3s)
    [osimulator] (1x1x8192) @ (8192x256) input=uint8 ... done (3.4s)
    [osimulator] (1x1x256) @ (256x10) input=uint8 ... done (0.0s)
  [Model 1 Phase4 v3 INT8 (变体 B) optic]  462/650 ( 71.1%) acc=97.19%  elapsed=18846s  ETA=7669s
    [osimulator] (1x4096x288) @ (288x32) input=uint8 ... done (18.4s)
    [osimulator] (1x1024x288) @ (288x64) input=uint8 ... done (4.4s)
    [osimulator] (1x1024x576) @ (576x64) input=uint8 ... done (6.4s)
    [osimulator] (1x256x576) @ (576x128) input=uint8 ... done (6.4s)
    [osimulator] (1x1x8192) @ (8192x256) input=uint8 ... done (3.9s)
    [osimulator] (1x1x256) @ (256x10) input=uint8 ... done (0.0s)
  [Model 1 Phase4 v3 INT8 (变体 B) optic]  463/650 ( 71.2%) acc=97.19%  elapsed=18885s  ETA=7628s
    [osimulator] (1x4096x288) @ (288x32) input=uint8 ... done (17.8s)
    [osimulator] (1x1024x288) @ (288x64) input=uint8 ... done (4.3s)
    [osimulator] (1x1024x576) @ (576x64) input=uint8 ... done (6.6s)
    [osimulator] (1x256x576) @ (576x128) input=uint8 ... done (6.3s)
    [osimulator] (1x1x8192) @ (8192x256) input=uint8 ... done (3.6s)
    [osimulator] (1x1x256) @ (256x10) input=uint8 ... done (0.0s)
  [Model 1 Phase4 v3 INT8 (变体 B) optic]  464/650 ( 71.4%) acc=97.20%  elapsed=18924s  ETA=7586s
    [osimulator] (1x4096x288) @ (288x32) input=uint8 ... done (18.5s)
    [osimulator] (1x1024x288) @ (288x64) input=uint8 ... done (4.2s)
    [osimulator] (1x1024x576) @ (576x64) input=uint8 ... done (6.3s)
    [osimulator] (1x256x576) @ (576x128) input=uint8 ... done (6.4s)
    [osimulator] (1x1x8192) @ (8192x256) input=uint8 ... done (3.9s)
    [osimulator] (1x1x256) @ (256x10) input=uint8 ... done (0.0s)
  [Model 1 Phase4 v3 INT8 (变体 B) optic]  465/650 ( 71.5%) acc=97.20%  elapsed=18963s  ETA=7545s
    [osimulator] (1x4096x288) @ (288x32) input=uint8 ... done (18.4s)
    [osimulator] (1x1024x288) @ (288x64) input=uint8 ... done (4.3s)
    [osimulator] (1x1024x576) @ (576x64) input=uint8 ... done (6.4s)
    [osimulator] (1x256x576) @ (576x128) input=uint8 ... done (6.5s)
    [osimulator] (1x1x8192) @ (8192x256) input=uint8 ... done (3.6s)
    [osimulator] (1x1x256) @ (256x10) input=uint8 ... done (0.0s)
  [Model 1 Phase4 v3 INT8 (变体 B) optic]  466/650 ( 71.7%) acc=97.21%  elapsed=19003s  ETA=7503s
    [osimulator] (1x4096x288) @ (288x32) input=uint8 ... done (18.3s)
    [osimulator] (1x1024x288) @ (288x64) input=uint8 ... done (4.3s)
    [osimulator] (1x1024x576) @ (576x64) input=uint8 ... done (6.7s)
    [osimulator] (1x256x576) @ (576x128) input=uint8 ... done (6.4s)
    [osimulator] (1x1x8192) @ (8192x256) input=uint8 ... done (3.7s)
    [osimulator] (1x1x256) @ (256x10) input=uint8 ... done (0.0s)
  [Model 1 Phase4 v3 INT8 (变体 B) optic]  467/650 ( 71.8%) acc=97.22%  elapsed=19042s  ETA=7462s
    [osimulator] (1x4096x288) @ (288x32) input=uint8 ... done (18.5s)
    [osimulator] (1x1024x288) @ (288x64) input=uint8 ... done (4.3s)
    [osimulator] (1x1024x576) @ (576x64) input=uint8 ... done (6.4s)
    [osimulator] (1x256x576) @ (576x128) input=uint8 ... done (6.4s)
    [osimulator] (1x1x8192) @ (8192x256) input=uint8 ... done (3.8s)
    [osimulator] (1x1x256) @ (256x10) input=uint8 ... done (0.0s)
  [Model 1 Phase4 v3 INT8 (变体 B) optic]  468/650 ( 72.0%) acc=97.22%  elapsed=19081s  ETA=7421s
    [osimulator] (1x4096x288) @ (288x32) input=uint8 ... done (16.8s)
    [osimulator] (1x1024x288) @ (288x64) input=uint8 ... done (4.3s)
    [osimulator] (1x1024x576) @ (576x64) input=uint8 ... done (6.5s)
    [osimulator] (1x256x576) @ (576x128) input=uint8 ... done (6.4s)
    [osimulator] (1x1x8192) @ (8192x256) input=uint8 ... done (3.7s)
    [osimulator] (1x1x256) @ (256x10) input=uint8 ... done (0.0s)
  [Model 1 Phase4 v3 INT8 (变体 B) optic]  469/650 ( 72.2%) acc=97.01%  elapsed=19119s  ETA=7379s
    [osimulator] (1x4096x288) @ (288x32) input=uint8 ... done (18.2s)
    [osimulator] (1x1024x288) @ (288x64) input=uint8 ... done (4.3s)
    [osimulator] (1x1024x576) @ (576x64) input=uint8 ... done (9.1s)
    [osimulator] (1x256x576) @ (576x128) input=uint8 ... done (6.6s)
    [osimulator] (1x1x8192) @ (8192x256) input=uint8 ... done (3.8s)
    [osimulator] (1x1x256) @ (256x10) input=uint8 ... done (0.0s)
  [Model 1 Phase4 v3 INT8 (变体 B) optic]  470/650 ( 72.3%) acc=97.02%  elapsed=19161s  ETA=7338s
    [osimulator] (1x4096x288) @ (288x32) input=uint8 ... done (18.2s)
    [osimulator] (1x1024x288) @ (288x64) input=uint8 ... done (4.2s)
    [osimulator] (1x1024x576) @ (576x64) input=uint8 ... done (6.4s)
    [osimulator] (1x256x576) @ (576x128) input=uint8 ... done (6.4s)
    [osimulator] (1x1x8192) @ (8192x256) input=uint8 ... done (3.7s)
    [osimulator] (1x1x256) @ (256x10) input=uint8 ... done (0.0s)
  [Model 1 Phase4 v3 INT8 (变体 B) optic]  471/650 ( 72.5%) acc=97.03%  elapsed=19200s  ETA=7297s
    [osimulator] (1x4096x288) @ (288x32) input=uint8 ... done (18.6s)
    [osimulator] (1x1024x288) @ (288x64) input=uint8 ... done (4.4s)
    [osimulator] (1x1024x576) @ (576x64) input=uint8 ... done (6.4s)
    [osimulator] (1x256x576) @ (576x128) input=uint8 ... done (6.5s)
    [osimulator] (1x1x8192) @ (8192x256) input=uint8 ... done (3.7s)
    [osimulator] (1x1x256) @ (256x10) input=uint8 ... done (0.0s)
  [Model 1 Phase4 v3 INT8 (变体 B) optic]  472/650 ( 72.6%) acc=97.03%  elapsed=19240s  ETA=7256s
    [osimulator] (1x4096x288) @ (288x32) input=uint8 ... done (18.4s)
    [osimulator] (1x1024x288) @ (288x64) input=uint8 ... done (4.3s)
    [osimulator] (1x1024x576) @ (576x64) input=uint8 ... done (6.7s)
    [osimulator] (1x256x576) @ (576x128) input=uint8 ... done (6.4s)
    [osimulator] (1x1x8192) @ (8192x256) input=uint8 ... done (3.8s)
    [osimulator] (1x1x256) @ (256x10) input=uint8 ... done (0.0s)
  [Model 1 Phase4 v3 INT8 (变体 B) optic]  473/650 ( 72.8%) acc=97.04%  elapsed=19280s  ETA=7215s
    [osimulator] (1x4096x288) @ (288x32) input=uint8 ... done (18.3s)
    [osimulator] (1x1024x288) @ (288x64) input=uint8 ... done (4.3s)
    [osimulator] (1x1024x576) @ (576x64) input=uint8 ... done (6.7s)
    [osimulator] (1x256x576) @ (576x128) input=uint8 ... done (6.4s)
    [osimulator] (1x1x8192) @ (8192x256) input=uint8 ... done (3.7s)
    [osimulator] (1x1x256) @ (256x10) input=uint8 ... done (0.0s)
  [Model 1 Phase4 v3 INT8 (变体 B) optic]  474/650 ( 72.9%) acc=97.05%  elapsed=19319s  ETA=7173s
    [osimulator] (1x4096x288) @ (288x32) input=uint8 ... done (18.2s)
    [osimulator] (1x1024x288) @ (288x64) input=uint8 ... done (4.3s)
    [osimulator] (1x1024x576) @ (576x64) input=uint8 ... done (8.0s)
    [osimulator] (1x256x576) @ (576x128) input=uint8 ... done (6.4s)
    [osimulator] (1x1x8192) @ (8192x256) input=uint8 ... done (3.7s)
    [osimulator] (1x1x256) @ (256x10) input=uint8 ... done (0.0s)
  [Model 1 Phase4 v3 INT8 (变体 B) optic]  475/650 ( 73.1%) acc=97.05%  elapsed=19360s  ETA=7133s
    [osimulator] (1x4096x288) @ (288x32) input=uint8 ... done (18.3s)
    [osimulator] (1x1024x288) @ (288x64) input=uint8 ... done (4.3s)
    [osimulator] (1x1024x576) @ (576x64) input=uint8 ... done (8.9s)
    [osimulator] (1x256x576) @ (576x128) input=uint8 ... done (6.5s)
    [osimulator] (1x1x8192) @ (8192x256) input=uint8 ... done (3.8s)
    [osimulator] (1x1x256) @ (256x10) input=uint8 ... done (0.0s)
  [Model 1 Phase4 v3 INT8 (变体 B) optic]  476/650 ( 73.2%) acc=97.06%  elapsed=19402s  ETA=7092s
    [osimulator] (1x4096x288) @ (288x32) input=uint8 ... done (18.3s)
    [osimulator] (1x1024x288) @ (288x64) input=uint8 ... done (4.3s)
    [osimulator] (1x1024x576) @ (576x64) input=uint8 ... done (8.4s)
    [osimulator] (1x256x576) @ (576x128) input=uint8 ... done (6.6s)
    [osimulator] (1x1x8192) @ (8192x256) input=uint8 ... done (3.8s)
    [osimulator] (1x1x256) @ (256x10) input=uint8 ... done (0.0s)
  [Model 1 Phase4 v3 INT8 (变体 B) optic]  477/650 ( 73.4%) acc=97.06%  elapsed=19443s  ETA=7052s
    [osimulator] (1x4096x288) @ (288x32) input=uint8 ... done (18.3s)
    [osimulator] (1x1024x288) @ (288x64) input=uint8 ... done (4.3s)
    [osimulator] (1x1024x576) @ (576x64) input=uint8 ... done (6.8s)
    [osimulator] (1x256x576) @ (576x128) input=uint8 ... done (6.5s)
    [osimulator] (1x1x8192) @ (8192x256) input=uint8 ... done (3.8s)
    [osimulator] (1x1x256) @ (256x10) input=uint8 ... done (0.0s)
  [Model 1 Phase4 v3 INT8 (变体 B) optic]  478/650 ( 73.5%) acc=97.07%  elapsed=19483s  ETA=7011s
    [osimulator] (1x4096x288) @ (288x32) input=uint8 ... done (18.3s)
    [osimulator] (1x1024x288) @ (288x64) input=uint8 ... done (4.3s)
    [osimulator] (1x1024x576) @ (576x64) input=uint8 ... done (6.3s)
    [osimulator] (1x256x576) @ (576x128) input=uint8 ... done (6.4s)
    [osimulator] (1x1x8192) @ (8192x256) input=uint8 ... done (3.6s)
    [osimulator] (1x1x256) @ (256x10) input=uint8 ... done (0.0s)
  [Model 1 Phase4 v3 INT8 (变体 B) optic]  479/650 ( 73.7%) acc=97.08%  elapsed=19522s  ETA=6969s
    [osimulator] (1x4096x288) @ (288x32) input=uint8 ... done (18.2s)
    [osimulator] (1x1024x288) @ (288x64) input=uint8 ... done (4.3s)
    [osimulator] (1x1024x576) @ (576x64) input=uint8 ... done (12.3s)
    [osimulator] (1x256x576) @ (576x128) input=uint8 ... done (6.5s)
    [osimulator] (1x1x8192) @ (8192x256) input=uint8 ... done (3.9s)
    [osimulator] (1x1x256) @ (256x10) input=uint8 ... done (0.0s)
  [Model 1 Phase4 v3 INT8 (变体 B) optic]  480/650 ( 73.8%) acc=97.08%  elapsed=19567s  ETA=6930s
    [osimulator] (1x4096x288) @ (288x32) input=uint8 ... done (18.4s)
    [osimulator] (1x1024x288) @ (288x64) input=uint8 ... done (4.3s)
    [osimulator] (1x1024x576) @ (576x64) input=uint8 ... done (6.3s)
    [osimulator] (1x256x576) @ (576x128) input=uint8 ... done (6.5s)
    [osimulator] (1x1x8192) @ (8192x256) input=uint8 ... done (3.7s)
    [osimulator] (1x1x256) @ (256x10) input=uint8 ... done (0.0s)
  [Model 1 Phase4 v3 INT8 (变体 B) optic]  481/650 ( 74.0%) acc=97.09%  elapsed=19606s  ETA=6889s
    [osimulator] (1x4096x288) @ (288x32) input=uint8 ... done (18.1s)
    [osimulator] (1x1024x288) @ (288x64) input=uint8 ... done (4.3s)
    [osimulator] (1x1024x576) @ (576x64) input=uint8 ... done (7.1s)
    [osimulator] (1x256x576) @ (576x128) input=uint8 ... done (6.5s)
    [osimulator] (1x1x8192) @ (8192x256) input=uint8 ... done (3.8s)
    [osimulator] (1x1x256) @ (256x10) input=uint8 ... done (0.0s)
  [Model 1 Phase4 v3 INT8 (变体 B) optic]  482/650 ( 74.2%) acc=97.10%  elapsed=19646s  ETA=6848s
    [osimulator] (1x4096x288) @ (288x32) input=uint8 ... done (18.6s)
    [osimulator] (1x1024x288) @ (288x64) input=uint8 ... done (4.3s)
    [osimulator] (1x1024x576) @ (576x64) input=uint8 ... done (6.8s)
    [osimulator] (1x256x576) @ (576x128) input=uint8 ... done (6.6s)
    [osimulator] (1x1x8192) @ (8192x256) input=uint8 ... done (3.8s)
    [osimulator] (1x1x256) @ (256x10) input=uint8 ... done (0.0s)
  [Model 1 Phase4 v3 INT8 (变体 B) optic]  483/650 ( 74.3%) acc=97.10%  elapsed=19686s  ETA=6807s
    [osimulator] (1x4096x288) @ (288x32) input=uint8 ... done (19.2s)
    [osimulator] (1x1024x288) @ (288x64) input=uint8 ... done (4.4s)
    [osimulator] (1x1024x576) @ (576x64) input=uint8 ... done (12.9s)
    [osimulator] (1x256x576) @ (576x128) input=uint8 ... done (6.6s)
    [osimulator] (1x1x8192) @ (8192x256) input=uint8 ... done (3.7s)
    [osimulator] (1x1x256) @ (256x10) input=uint8 ... done (0.0s)
  [Model 1 Phase4 v3 INT8 (变体 B) optic]  484/650 ( 74.5%) acc=97.11%  elapsed=19733s  ETA=6768s
    [osimulator] (1x4096x288) @ (288x32) input=uint8 ... done (19.3s)
    [osimulator] (1x1024x288) @ (288x64) input=uint8 ... done (4.4s)
    [osimulator] (1x1024x576) @ (576x64) input=uint8 ... done (12.9s)
    [osimulator] (1x256x576) @ (576x128) input=uint8 ... done (6.6s)
    [osimulator] (1x1x8192) @ (8192x256) input=uint8 ... done (3.9s)
    [osimulator] (1x1x256) @ (256x10) input=uint8 ... done (0.0s)
  [Model 1 Phase4 v3 INT8 (变体 B) optic]  485/650 ( 74.6%) acc=97.11%  elapsed=19780s  ETA=6729s
    [osimulator] (1x4096x288) @ (288x32) input=uint8 ... done (19.0s)
    [osimulator] (1x1024x288) @ (288x64) input=uint8 ... done (4.3s)
    [osimulator] (1x1024x576) @ (576x64) input=uint8 ... done (7.0s)
    [osimulator] (1x256x576) @ (576x128) input=uint8 ... done (6.6s)
    [osimulator] (1x1x8192) @ (8192x256) input=uint8 ... done (3.9s)
    [osimulator] (1x1x256) @ (256x10) input=uint8 ... done (0.0s)
  [Model 1 Phase4 v3 INT8 (变体 B) optic]  486/650 ( 74.8%) acc=97.12%  elapsed=19821s  ETA=6689s
    [osimulator] (1x4096x288) @ (288x32) input=uint8 ... done (19.1s)
    [osimulator] (1x1024x288) @ (288x64) input=uint8 ... done (4.3s)
    [osimulator] (1x1024x576) @ (576x64) input=uint8 ... done (6.6s)
    [osimulator] (1x256x576) @ (576x128) input=uint8 ... done (6.6s)
    [osimulator] (1x1x8192) @ (8192x256) input=uint8 ... done (3.9s)
    [osimulator] (1x1x256) @ (256x10) input=uint8 ... done (0.0s)
  [Model 1 Phase4 v3 INT8 (变体 B) optic]  487/650 ( 74.9%) acc=97.13%  elapsed=19861s  ETA=6648s
    [osimulator] (1x4096x288) @ (288x32) input=uint8 ... done (19.1s)
    [osimulator] (1x1024x288) @ (288x64) input=uint8 ... done (4.3s)
    [osimulator] (1x1024x576) @ (576x64) input=uint8 ... done (6.9s)
    [osimulator] (1x256x576) @ (576x128) input=uint8 ... done (6.5s)
    [osimulator] (1x1x8192) @ (8192x256) input=uint8 ... done (3.8s)
    [osimulator] (1x1x256) @ (256x10) input=uint8 ... done (0.0s)
  [Model 1 Phase4 v3 INT8 (变体 B) optic]  488/650 ( 75.1%) acc=97.13%  elapsed=19902s  ETA=6607s
    [osimulator] (1x4096x288) @ (288x32) input=uint8 ... done (19.1s)
    [osimulator] (1x1024x288) @ (288x64) input=uint8 ... done (4.3s)
    [osimulator] (1x1024x576) @ (576x64) input=uint8 ... done (11.2s)
    [osimulator] (1x256x576) @ (576x128) input=uint8 ... done (6.4s)
    [osimulator] (1x1x8192) @ (8192x256) input=uint8 ... done (3.7s)
    [osimulator] (1x1x256) @ (256x10) input=uint8 ... done (0.0s)
  [Model 1 Phase4 v3 INT8 (变体 B) optic]  489/650 ( 75.2%) acc=97.14%  elapsed=19947s  ETA=6567s
    [osimulator] (1x4096x288) @ (288x32) input=uint8 ... done (19.2s)
    [osimulator] (1x1024x288) @ (288x64) input=uint8 ... done (4.3s)
    [osimulator] (1x1024x576) @ (576x64) input=uint8 ... done (7.0s)
    [osimulator] (1x256x576) @ (576x128) input=uint8 ... done (6.5s)
    [osimulator] (1x1x8192) @ (8192x256) input=uint8 ... done (3.8s)
    [osimulator] (1x1x256) @ (256x10) input=uint8 ... done (0.0s)
  [Model 1 Phase4 v3 INT8 (变体 B) optic]  490/650 ( 75.4%) acc=97.14%  elapsed=19988s  ETA=6527s
    [osimulator] (1x4096x288) @ (288x32) input=uint8 ... done (19.3s)
    [osimulator] (1x1024x288) @ (288x64) input=uint8 ... done (4.3s)
    [osimulator] (1x1024x576) @ (576x64) input=uint8 ... done (9.2s)
    [osimulator] (1x256x576) @ (576x128) input=uint8 ... done (6.5s)
    [osimulator] (1x1x8192) @ (8192x256) input=uint8 ... done (3.8s)
    [osimulator] (1x1x256) @ (256x10) input=uint8 ... done (0.0s)
  [Model 1 Phase4 v3 INT8 (变体 B) optic]  491/650 ( 75.5%) acc=97.15%  elapsed=20031s  ETA=6487s
    [osimulator] (1x4096x288) @ (288x32) input=uint8 ... done (19.1s)
    [osimulator] (1x1024x288) @ (288x64) input=uint8 ... done (4.3s)
    [osimulator] (1x1024x576) @ (576x64) input=uint8 ... done (12.6s)
    [osimulator] (1x256x576) @ (576x128) input=uint8 ... done (6.5s)
    [osimulator] (1x1x8192) @ (8192x256) input=uint8 ... done (3.6s)
    [osimulator] (1x1x256) @ (256x10) input=uint8 ... done (0.0s)
  [Model 1 Phase4 v3 INT8 (变体 B) optic]  492/650 ( 75.7%) acc=97.15%  elapsed=20077s  ETA=6447s
    [osimulator] (1x4096x288) @ (288x32) input=uint8 ... done (18.7s)
    [osimulator] (1x1024x288) @ (288x64) input=uint8 ... done (4.3s)
    [osimulator] (1x1024x576) @ (576x64) input=uint8 ... done (6.8s)
    [osimulator] (1x256x576) @ (576x128) input=uint8 ... done (6.6s)
    [osimulator] (1x1x8192) @ (8192x256) input=uint8 ... done (3.8s)
    [osimulator] (1x1x256) @ (256x10) input=uint8 ... done (0.0s)
  [Model 1 Phase4 v3 INT8 (变体 B) optic]  493/650 ( 75.8%) acc=97.16%  elapsed=20117s  ETA=6407s
    [osimulator] (1x4096x288) @ (288x32) input=uint8 ... done (19.3s)
    [osimulator] (1x1024x288) @ (288x64) input=uint8 ... done (4.4s)
    [osimulator] (1x1024x576) @ (576x64) input=uint8 ... done (12.9s)
    [osimulator] (1x256x576) @ (576x128) input=uint8 ... done (6.6s)
    [osimulator] (1x1x8192) @ (8192x256) input=uint8 ... done (3.8s)
    [osimulator] (1x1x256) @ (256x10) input=uint8 ... done (0.0s)
  [Model 1 Phase4 v3 INT8 (变体 B) optic]  494/650 ( 76.0%) acc=97.17%  elapsed=20164s  ETA=6368s
    [osimulator] (1x4096x288) @ (288x32) input=uint8 ... done (18.9s)
    [osimulator] (1x1024x288) @ (288x64) input=uint8 ... done (4.3s)
    [osimulator] (1x1024x576) @ (576x64) input=uint8 ... done (9.8s)
    [osimulator] (1x256x576) @ (576x128) input=uint8 ... done (6.5s)
    [osimulator] (1x1x8192) @ (8192x256) input=uint8 ... done (3.8s)
    [osimulator] (1x1x256) @ (256x10) input=uint8 ... done (0.0s)
  [Model 1 Phase4 v3 INT8 (变体 B) optic]  495/650 ( 76.2%) acc=97.17%  elapsed=20208s  ETA=6328s
    [osimulator] (1x4096x288) @ (288x32) input=uint8 ... done (18.9s)
    [osimulator] (1x1024x288) @ (288x64) input=uint8 ... done (4.3s)
    [osimulator] (1x1024x576) @ (576x64) input=uint8 ... done (6.8s)
    [osimulator] (1x256x576) @ (576x128) input=uint8 ... done (6.6s)
    [osimulator] (1x1x8192) @ (8192x256) input=uint8 ... done (3.8s)
    [osimulator] (1x1x256) @ (256x10) input=uint8 ... done (0.0s)
  [Model 1 Phase4 v3 INT8 (变体 B) optic]  496/650 ( 76.3%) acc=97.18%  elapsed=20248s  ETA=6287s
    [osimulator] (1x4096x288) @ (288x32) input=uint8 ... done (19.3s)
    [osimulator] (1x1024x288) @ (288x64) input=uint8 ... done (4.3s)
    [osimulator] (1x1024x576) @ (576x64) input=uint8 ... done (9.2s)
    [osimulator] (1x256x576) @ (576x128) input=uint8 ... done (6.6s)
    [osimulator] (1x1x8192) @ (8192x256) input=uint8 ... done (3.9s)
    [osimulator] (1x1x256) @ (256x10) input=uint8 ... done (0.0s)
  [Model 1 Phase4 v3 INT8 (变体 B) optic]  497/650 ( 76.5%) acc=97.18%  elapsed=20291s  ETA=6247s
    [osimulator] (1x4096x288) @ (288x32) input=uint8 ... done (19.5s)
    [osimulator] (1x1024x288) @ (288x64) input=uint8 ... done (4.2s)
    [osimulator] (1x1024x576) @ (576x64) input=uint8 ... done (7.0s)
    [osimulator] (1x256x576) @ (576x128) input=uint8 ... done (6.5s)
    [osimulator] (1x1x8192) @ (8192x256) input=uint8 ... done (4.0s)
    [osimulator] (1x1x256) @ (256x10) input=uint8 ... done (0.0s)
  [Model 1 Phase4 v3 INT8 (变体 B) optic]  498/650 ( 76.6%) acc=97.19%  elapsed=20333s  ETA=6206s
    [osimulator] (1x4096x288) @ (288x32) input=uint8 ... done (19.4s)
    [osimulator] (1x1024x288) @ (288x64) input=uint8 ... done (4.3s)
    [osimulator] (1x1024x576) @ (576x64) input=uint8 ... done (8.8s)
    [osimulator] (1x256x576) @ (576x128) input=uint8 ... done (6.5s)
    [osimulator] (1x1x8192) @ (8192x256) input=uint8 ... done (3.7s)
    [osimulator] (1x1x256) @ (256x10) input=uint8 ... done (0.0s)
  [Model 1 Phase4 v3 INT8 (变体 B) optic]  499/650 ( 76.8%) acc=97.19%  elapsed=20375s  ETA=6166s
    [osimulator] (1x4096x288) @ (288x32) input=uint8 ... done (19.2s)
    [osimulator] (1x1024x288) @ (288x64) input=uint8 ... done (4.3s)
    [osimulator] (1x1024x576) @ (576x64) input=uint8 ... done (6.7s)
    [osimulator] (1x256x576) @ (576x128) input=uint8 ... done (6.5s)
    [osimulator] (1x1x8192) @ (8192x256) input=uint8 ... done (3.8s)
    [osimulator] (1x1x256) @ (256x10) input=uint8 ... done (0.0s)
  [Model 1 Phase4 v3 INT8 (变体 B) optic]  500/650 ( 76.9%) acc=97.20%  elapsed=20416s  ETA=6125s
    [osimulator] (1x4096x288) @ (288x32) input=uint8 ... done (19.1s)
    [osimulator] (1x1024x288) @ (288x64) input=uint8 ... done (4.3s)
    [osimulator] (1x1024x576) @ (576x64) input=uint8 ... done (6.7s)
    [osimulator] (1x256x576) @ (576x128) input=uint8 ... done (6.6s)
    [osimulator] (1x1x8192) @ (8192x256) input=uint8 ... done (3.8s)
    [osimulator] (1x1x256) @ (256x10) input=uint8 ... done (0.0s)
  [Model 1 Phase4 v3 INT8 (变体 B) optic]  501/650 ( 77.1%) acc=97.21%  elapsed=20457s  ETA=6084s
    [osimulator] (1x4096x288) @ (288x32) input=uint8 ... done (19.2s)
    [osimulator] (1x1024x288) @ (288x64) input=uint8 ... done (4.4s)
    [osimulator] (1x1024x576) @ (576x64) input=uint8 ... done (8.6s)
    [osimulator] (1x256x576) @ (576x128) input=uint8 ... done (6.8s)
    [osimulator] (1x1x8192) @ (8192x256) input=uint8 ... done (3.9s)
    [osimulator] (1x1x256) @ (256x10) input=uint8 ... done (0.0s)
  [Model 1 Phase4 v3 INT8 (变体 B) optic]  502/650 ( 77.2%) acc=97.21%  elapsed=20499s  ETA=6044s
    [osimulator] (1x4096x288) @ (288x32) input=uint8 ... done (19.3s)
    [osimulator] (1x1024x288) @ (288x64) input=uint8 ... done (4.3s)
    [osimulator] (1x1024x576) @ (576x64) input=uint8 ... done (12.4s)
    [osimulator] (1x256x576) @ (576x128) input=uint8 ... done (6.5s)
    [osimulator] (1x1x8192) @ (8192x256) input=uint8 ... done (3.9s)
    [osimulator] (1x1x256) @ (256x10) input=uint8 ... done (0.0s)
  [Model 1 Phase4 v3 INT8 (变体 B) optic]  503/650 ( 77.4%) acc=97.22%  elapsed=20546s  ETA=6004s
    [osimulator] (1x4096x288) @ (288x32) input=uint8 ... done (19.3s)
    [osimulator] (1x1024x288) @ (288x64) input=uint8 ... done (4.3s)
    [osimulator] (1x1024x576) @ (576x64) input=uint8 ... done (7.5s)
    [osimulator] (1x256x576) @ (576x128) input=uint8 ... done (6.6s)
    [osimulator] (1x1x8192) @ (8192x256) input=uint8 ... done (3.9s)
    [osimulator] (1x1x256) @ (256x10) input=uint8 ... done (0.0s)
  [Model 1 Phase4 v3 INT8 (变体 B) optic]  504/650 ( 77.5%) acc=97.22%  elapsed=20588s  ETA=5964s
    [osimulator] (1x4096x288) @ (288x32) input=uint8 ... done (19.3s)
    [osimulator] (1x1024x288) @ (288x64) input=uint8 ... done (4.4s)
    [osimulator] (1x1024x576) @ (576x64) input=uint8 ... done (11.7s)
    [osimulator] (1x256x576) @ (576x128) input=uint8 ... done (6.6s)
    [osimulator] (1x1x8192) @ (8192x256) input=uint8 ... done (3.8s)
    [osimulator] (1x1x256) @ (256x10) input=uint8 ... done (0.0s)
  [Model 1 Phase4 v3 INT8 (变体 B) optic]  505/650 ( 77.7%) acc=97.23%  elapsed=20633s  ETA=5924s
    [osimulator] (1x4096x288) @ (288x32) input=uint8 ... done (19.0s)
    [osimulator] (1x1024x288) @ (288x64) input=uint8 ... done (4.4s)
    [osimulator] (1x1024x576) @ (576x64) input=uint8 ... done (6.9s)
    [osimulator] (1x256x576) @ (576x128) input=uint8 ... done (6.5s)
    [osimulator] (1x1x8192) @ (8192x256) input=uint8 ... done (3.6s)
    [osimulator] (1x1x256) @ (256x10) input=uint8 ... done (0.0s)
  [Model 1 Phase4 v3 INT8 (变体 B) optic]  506/650 ( 77.8%) acc=97.23%  elapsed=20674s  ETA=5883s
    [osimulator] (1x4096x288) @ (288x32) input=uint8 ... done (19.0s)
    [osimulator] (1x1024x288) @ (288x64) input=uint8 ... done (4.5s)
    [osimulator] (1x1024x576) @ (576x64) input=uint8 ... done (6.5s)
    [osimulator] (1x256x576) @ (576x128) input=uint8 ... done (6.5s)
    [osimulator] (1x1x8192) @ (8192x256) input=uint8 ... done (3.8s)
    [osimulator] (1x1x256) @ (256x10) input=uint8 ... done (0.0s)
  [Model 1 Phase4 v3 INT8 (变体 B) optic]  507/650 ( 78.0%) acc=97.24%  elapsed=20714s  ETA=5842s
    [osimulator] (1x4096x288) @ (288x32) input=uint8 ... done (18.9s)
    [osimulator] (1x1024x288) @ (288x64) input=uint8 ... done (4.3s)
    [osimulator] (1x1024x576) @ (576x64) input=uint8 ... done (7.0s)
    [osimulator] (1x256x576) @ (576x128) input=uint8 ... done (6.5s)
    [osimulator] (1x1x8192) @ (8192x256) input=uint8 ... done (3.8s)
    [osimulator] (1x1x256) @ (256x10) input=uint8 ... done (0.0s)
  [Model 1 Phase4 v3 INT8 (变体 B) optic]  508/650 ( 78.2%) acc=97.24%  elapsed=20754s  ETA=5801s
    [osimulator] (1x4096x288) @ (288x32) input=uint8 ... done (19.2s)
    [osimulator] (1x1024x288) @ (288x64) input=uint8 ... done (4.4s)
    [osimulator] (1x1024x576) @ (576x64) input=uint8 ... done (7.0s)
    [osimulator] (1x256x576) @ (576x128) input=uint8 ... done (6.6s)
    [osimulator] (1x1x8192) @ (8192x256) input=uint8 ... done (3.8s)
    [osimulator] (1x1x256) @ (256x10) input=uint8 ... done (0.0s)
  [Model 1 Phase4 v3 INT8 (变体 B) optic]  509/650 ( 78.3%) acc=97.25%  elapsed=20795s  ETA=5761s
    [osimulator] (1x4096x288) @ (288x32) input=uint8 ... done (19.1s)
    [osimulator] (1x1024x288) @ (288x64) input=uint8 ... done (4.3s)
    [osimulator] (1x1024x576) @ (576x64) input=uint8 ... done (8.7s)
    [osimulator] (1x256x576) @ (576x128) input=uint8 ... done (6.4s)
    [osimulator] (1x1x8192) @ (8192x256) input=uint8 ... done (3.6s)
    [osimulator] (1x1x256) @ (256x10) input=uint8 ... done (0.0s)
  [Model 1 Phase4 v3 INT8 (变体 B) optic]  510/650 ( 78.5%) acc=97.25%  elapsed=20838s  ETA=5720s
    [osimulator] (1x4096x288) @ (288x32) input=uint8 ... done (19.1s)
    [osimulator] (1x1024x288) @ (288x64) input=uint8 ... done (4.3s)
    [osimulator] (1x1024x576) @ (576x64) input=uint8 ... done (9.3s)
    [osimulator] (1x256x576) @ (576x128) input=uint8 ... done (6.6s)
    [osimulator] (1x1x8192) @ (8192x256) input=uint8 ... done (3.6s)
    [osimulator] (1x1x256) @ (256x10) input=uint8 ... done (0.0s)
  [Model 1 Phase4 v3 INT8 (变体 B) optic]  511/650 ( 78.6%) acc=97.26%  elapsed=20881s  ETA=5680s
    [osimulator] (1x4096x288) @ (288x32) input=uint8 ... done (19.2s)
    [osimulator] (1x1024x288) @ (288x64) input=uint8 ... done (4.3s)
    [osimulator] (1x1024x576) @ (576x64) input=uint8 ... done (9.6s)
    [osimulator] (1x256x576) @ (576x128) input=uint8 ... done (6.4s)
    [osimulator] (1x1x8192) @ (8192x256) input=uint8 ... done (3.4s)
    [osimulator] (1x1x256) @ (256x10) input=uint8 ... done (0.0s)
  [Model 1 Phase4 v3 INT8 (变体 B) optic]  512/650 ( 78.8%) acc=97.27%  elapsed=20923s  ETA=5640s
    [osimulator] (1x4096x288) @ (288x32) input=uint8 ... done (18.8s)
    [osimulator] (1x1024x288) @ (288x64) input=uint8 ... done (4.3s)
    [osimulator] (1x1024x576) @ (576x64) input=uint8 ... done (6.3s)
    [osimulator] (1x256x576) @ (576x128) input=uint8 ... done (6.5s)
    [osimulator] (1x1x8192) @ (8192x256) input=uint8 ... done (3.8s)
    [osimulator] (1x1x256) @ (256x10) input=uint8 ... done (0.0s)
  [Model 1 Phase4 v3 INT8 (变体 B) optic]  513/650 ( 78.9%) acc=97.27%  elapsed=20963s  ETA=5598s
    [osimulator] (1x4096x288) @ (288x32) input=uint8 ... done (18.9s)
    [osimulator] (1x1024x288) @ (288x64) input=uint8 ... done (4.3s)
    [osimulator] (1x1024x576) @ (576x64) input=uint8 ... done (6.4s)
    [osimulator] (1x256x576) @ (576x128) input=uint8 ... done (6.6s)
    [osimulator] (1x1x8192) @ (8192x256) input=uint8 ... done (3.8s)
    [osimulator] (1x1x256) @ (256x10) input=uint8 ... done (0.0s)
  [Model 1 Phase4 v3 INT8 (变体 B) optic]  514/650 ( 79.1%) acc=97.28%  elapsed=21003s  ETA=5557s
    [osimulator] (1x4096x288) @ (288x32) input=uint8 ... done (19.1s)
    [osimulator] (1x1024x288) @ (288x64) input=uint8 ... done (4.3s)
    [osimulator] (1x1024x576) @ (576x64) input=uint8 ... done (6.6s)
    [osimulator] (1x256x576) @ (576x128) input=uint8 ... done (6.5s)
    [osimulator] (1x1x8192) @ (8192x256) input=uint8 ... done (3.7s)
    [osimulator] (1x1x256) @ (256x10) input=uint8 ... done (0.0s)
  [Model 1 Phase4 v3 INT8 (变体 B) optic]  515/650 ( 79.2%) acc=97.28%  elapsed=21044s  ETA=5516s
    [osimulator] (1x4096x288) @ (288x32) input=uint8 ... done (18.7s)
    [osimulator] (1x1024x288) @ (288x64) input=uint8 ... done (4.2s)
    [osimulator] (1x1024x576) @ (576x64) input=uint8 ... done (9.8s)
    [osimulator] (1x256x576) @ (576x128) input=uint8 ... done (6.4s)
    [osimulator] (1x1x8192) @ (8192x256) input=uint8 ... done (3.9s)
    [osimulator] (1x1x256) @ (256x10) input=uint8 ... done (0.0s)
  [Model 1 Phase4 v3 INT8 (变体 B) optic]  516/650 ( 79.4%) acc=97.29%  elapsed=21087s  ETA=5476s
    [osimulator] (1x4096x288) @ (288x32) input=uint8 ... done (19.3s)
    [osimulator] (1x1024x288) @ (288x64) input=uint8 ... done (4.3s)
    [osimulator] (1x1024x576) @ (576x64) input=uint8 ... done (6.5s)
    [osimulator] (1x256x576) @ (576x128) input=uint8 ... done (6.4s)
    [osimulator] (1x1x8192) @ (8192x256) input=uint8 ... done (3.6s)
    [osimulator] (1x1x256) @ (256x10) input=uint8 ... done (0.0s)
  [Model 1 Phase4 v3 INT8 (变体 B) optic]  517/650 ( 79.5%) acc=97.29%  elapsed=21127s  ETA=5435s
    [osimulator] (1x4096x288) @ (288x32) input=uint8 ... done (19.0s)
    [osimulator] (1x1024x288) @ (288x64) input=uint8 ... done (4.3s)
    [osimulator] (1x1024x576) @ (576x64) input=uint8 ... done (6.6s)
    [osimulator] (1x256x576) @ (576x128) input=uint8 ... done (6.4s)
    [osimulator] (1x1x8192) @ (8192x256) input=uint8 ... done (3.6s)
    [osimulator] (1x1x256) @ (256x10) input=uint8 ... done (0.0s)
  [Model 1 Phase4 v3 INT8 (变体 B) optic]  518/650 ( 79.7%) acc=97.30%  elapsed=21167s  ETA=5394s
    [osimulator] (1x4096x288) @ (288x32) input=uint8 ... done (19.1s)
    [osimulator] (1x1024x288) @ (288x64) input=uint8 ... done (4.2s)
    [osimulator] (1x1024x576) @ (576x64) input=uint8 ... done (6.4s)
    [osimulator] (1x256x576) @ (576x128) input=uint8 ... done (6.4s)
    [osimulator] (1x1x8192) @ (8192x256) input=uint8 ... done (3.7s)
    [osimulator] (1x1x256) @ (256x10) input=uint8 ... done (0.0s)
  [Model 1 Phase4 v3 INT8 (变体 B) optic]  519/650 ( 79.8%) acc=97.30%  elapsed=21206s  ETA=5353s
    [osimulator] (1x4096x288) @ (288x32) input=uint8 ... done (19.2s)
    [osimulator] (1x1024x288) @ (288x64) input=uint8 ... done (4.3s)
    [osimulator] (1x1024x576) @ (576x64) input=uint8 ... done (6.3s)
    [osimulator] (1x256x576) @ (576x128) input=uint8 ... done (6.4s)
    [osimulator] (1x1x8192) @ (8192x256) input=uint8 ... done (3.7s)
    [osimulator] (1x1x256) @ (256x10) input=uint8 ... done (0.0s)
  [Model 1 Phase4 v3 INT8 (变体 B) optic]  520/650 ( 80.0%) acc=97.31%  elapsed=21246s  ETA=5312s
    [osimulator] (1x4096x288) @ (288x32) input=uint8 ... done (19.3s)
    [osimulator] (1x1024x288) @ (288x64) input=uint8 ... done (4.3s)
    [osimulator] (1x1024x576) @ (576x64) input=uint8 ... done (9.2s)
    [osimulator] (1x256x576) @ (576x128) input=uint8 ... done (6.6s)
    [osimulator] (1x1x8192) @ (8192x256) input=uint8 ... done (3.7s)
    [osimulator] (1x1x256) @ (256x10) input=uint8 ... done (0.0s)
  [Model 1 Phase4 v3 INT8 (变体 B) optic]  521/650 ( 80.2%) acc=97.31%  elapsed=21290s  ETA=5271s
    [osimulator] (1x4096x288) @ (288x32) input=uint8 ... done (19.3s)
    [osimulator] (1x1024x288) @ (288x64) input=uint8 ... done (4.3s)
    [osimulator] (1x1024x576) @ (576x64) input=uint8 ... done (8.1s)
    [osimulator] (1x256x576) @ (576x128) input=uint8 ... done (6.5s)
    [osimulator] (1x1x8192) @ (8192x256) input=uint8 ... done (3.7s)
    [osimulator] (1x1x256) @ (256x10) input=uint8 ... done (0.0s)
  [Model 1 Phase4 v3 INT8 (变体 B) optic]  522/650 ( 80.3%) acc=97.32%  elapsed=21332s  ETA=5231s
    [osimulator] (1x4096x288) @ (288x32) input=uint8 ... done (19.2s)
    [osimulator] (1x1024x288) @ (288x64) input=uint8 ... done (4.3s)
    [osimulator] (1x1024x576) @ (576x64) input=uint8 ... done (6.3s)
    [osimulator] (1x256x576) @ (576x128) input=uint8 ... done (6.4s)
    [osimulator] (1x1x8192) @ (8192x256) input=uint8 ... done (3.7s)
    [osimulator] (1x1x256) @ (256x10) input=uint8 ... done (0.0s)
  [Model 1 Phase4 v3 INT8 (变体 B) optic]  523/650 ( 80.5%) acc=97.32%  elapsed=21372s  ETA=5190s
    [osimulator] (1x4096x288) @ (288x32) input=uint8 ... done (18.8s)
    [osimulator] (1x1024x288) @ (288x64) input=uint8 ... done (4.2s)
    [osimulator] (1x1024x576) @ (576x64) input=uint8 ... done (6.6s)
    [osimulator] (1x256x576) @ (576x128) input=uint8 ... done (6.5s)
    [osimulator] (1x1x8192) @ (8192x256) input=uint8 ... done (3.7s)
    [osimulator] (1x1x256) @ (256x10) input=uint8 ... done (0.0s)
  [Model 1 Phase4 v3 INT8 (变体 B) optic]  524/650 ( 80.6%) acc=97.33%  elapsed=21411s  ETA=5149s
    [osimulator] (1x4096x288) @ (288x32) input=uint8 ... done (18.9s)
    [osimulator] (1x1024x288) @ (288x64) input=uint8 ... done (4.4s)
    [osimulator] (1x1024x576) @ (576x64) input=uint8 ... done (6.5s)
    [osimulator] (1x256x576) @ (576x128) input=uint8 ... done (6.5s)
    [osimulator] (1x1x8192) @ (8192x256) input=uint8 ... done (3.8s)
    [osimulator] (1x1x256) @ (256x10) input=uint8 ... done (0.0s)
  [Model 1 Phase4 v3 INT8 (变体 B) optic]  525/650 ( 80.8%) acc=97.33%  elapsed=21451s  ETA=5107s
    [osimulator] (1x4096x288) @ (288x32) input=uint8 ... done (19.0s)
    [osimulator] (1x1024x288) @ (288x64) input=uint8 ... done (4.3s)
    [osimulator] (1x1024x576) @ (576x64) input=uint8 ... done (6.6s)
    [osimulator] (1x256x576) @ (576x128) input=uint8 ... done (6.5s)
    [osimulator] (1x1x8192) @ (8192x256) input=uint8 ... done (3.8s)
    [osimulator] (1x1x256) @ (256x10) input=uint8 ... done (0.0s)
  [Model 1 Phase4 v3 INT8 (变体 B) optic]  526/650 ( 80.9%) acc=97.34%  elapsed=21492s  ETA=5066s
    [osimulator] (1x4096x288) @ (288x32) input=uint8 ... done (19.1s)
    [osimulator] (1x1024x288) @ (288x64) input=uint8 ... done (4.3s)
    [osimulator] (1x1024x576) @ (576x64) input=uint8 ... done (6.6s)
    [osimulator] (1x256x576) @ (576x128) input=uint8 ... done (6.5s)
    [osimulator] (1x1x8192) @ (8192x256) input=uint8 ... done (3.8s)
    [osimulator] (1x1x256) @ (256x10) input=uint8 ... done (0.0s)
  [Model 1 Phase4 v3 INT8 (变体 B) optic]  527/650 ( 81.1%) acc=97.34%  elapsed=21532s  ETA=5025s
    [osimulator] (1x4096x288) @ (288x32) input=uint8 ... done (19.2s)
    [osimulator] (1x1024x288) @ (288x64) input=uint8 ... done (4.3s)
    [osimulator] (1x1024x576) @ (576x64) input=uint8 ... done (6.5s)
    [osimulator] (1x256x576) @ (576x128) input=uint8 ... done (6.6s)
    [osimulator] (1x1x8192) @ (8192x256) input=uint8 ... done (3.9s)
    [osimulator] (1x1x256) @ (256x10) input=uint8 ... done (0.0s)
  [Model 1 Phase4 v3 INT8 (变体 B) optic]  528/650 ( 81.2%) acc=97.35%  elapsed=21573s  ETA=4985s
    [osimulator] (1x4096x288) @ (288x32) input=uint8 ... done (19.2s)
    [osimulator] (1x1024x288) @ (288x64) input=uint8 ... done (4.4s)
    [osimulator] (1x1024x576) @ (576x64) input=uint8 ... done (6.3s)
    [osimulator] (1x256x576) @ (576x128) input=uint8 ... done (6.4s)
    [osimulator] (1x1x8192) @ (8192x256) input=uint8 ... done (3.6s)
    [osimulator] (1x1x256) @ (256x10) input=uint8 ... done (0.0s)
  [Model 1 Phase4 v3 INT8 (变体 B) optic]  529/650 ( 81.4%) acc=97.35%  elapsed=21613s  ETA=4944s
    [osimulator] (1x4096x288) @ (288x32) input=uint8 ... done (19.3s)
    [osimulator] (1x1024x288) @ (288x64) input=uint8 ... done (4.3s)
    [osimulator] (1x1024x576) @ (576x64) input=uint8 ... done (9.5s)
    [osimulator] (1x256x576) @ (576x128) input=uint8 ... done (6.5s)
    [osimulator] (1x1x8192) @ (8192x256) input=uint8 ... done (3.6s)
    [osimulator] (1x1x256) @ (256x10) input=uint8 ... done (0.0s)
  [Model 1 Phase4 v3 INT8 (变体 B) optic]  530/650 ( 81.5%) acc=97.36%  elapsed=21656s  ETA=4903s
    [osimulator] (1x4096x288) @ (288x32) input=uint8 ... done (18.8s)
    [osimulator] (1x1024x288) @ (288x64) input=uint8 ... done (4.3s)
    [osimulator] (1x1024x576) @ (576x64) input=uint8 ... done (6.5s)
    [osimulator] (1x256x576) @ (576x128) input=uint8 ... done (6.5s)
    [osimulator] (1x1x8192) @ (8192x256) input=uint8 ... done (3.8s)
    [osimulator] (1x1x256) @ (256x10) input=uint8 ... done (0.0s)
  [Model 1 Phase4 v3 INT8 (变体 B) optic]  531/650 ( 81.7%) acc=97.36%  elapsed=21696s  ETA=4862s
    [osimulator] (1x4096x288) @ (288x32) input=uint8 ... done (18.9s)
    [osimulator] (1x1024x288) @ (288x64) input=uint8 ... done (4.3s)
    [osimulator] (1x1024x576) @ (576x64) input=uint8 ... done (8.7s)
    [osimulator] (1x256x576) @ (576x128) input=uint8 ... done (6.5s)
    [osimulator] (1x1x8192) @ (8192x256) input=uint8 ... done (3.8s)
    [osimulator] (1x1x256) @ (256x10) input=uint8 ... done (0.0s)
  [Model 1 Phase4 v3 INT8 (变体 B) optic]  532/650 ( 81.8%) acc=97.37%  elapsed=21738s  ETA=4822s
    [osimulator] (1x4096x288) @ (288x32) input=uint8 ... done (19.0s)
    [osimulator] (1x1024x288) @ (288x64) input=uint8 ... done (4.4s)
    [osimulator] (1x1024x576) @ (576x64) input=uint8 ... done (7.0s)
    [osimulator] (1x256x576) @ (576x128) input=uint8 ... done (6.6s)
    [osimulator] (1x1x8192) @ (8192x256) input=uint8 ... done (4.0s)
    [osimulator] (1x1x256) @ (256x10) input=uint8 ... done (0.0s)
  [Model 1 Phase4 v3 INT8 (变体 B) optic]  533/650 ( 82.0%) acc=97.37%  elapsed=21779s  ETA=4781s
    [osimulator] (1x4096x288) @ (288x32) input=uint8 ... done (19.5s)
    [osimulator] (1x1024x288) @ (288x64) input=uint8 ... done (4.4s)
    [osimulator] (1x1024x576) @ (576x64) input=uint8 ... done (6.7s)
    [osimulator] (1x256x576) @ (576x128) input=uint8 ... done (6.6s)
    [osimulator] (1x1x8192) @ (8192x256) input=uint8 ... done (3.6s)
    [osimulator] (1x1x256) @ (256x10) input=uint8 ... done (0.0s)
  [Model 1 Phase4 v3 INT8 (变体 B) optic]  534/650 ( 82.2%) acc=97.38%  elapsed=21820s  ETA=4740s
    [osimulator] (1x4096x288) @ (288x32) input=uint8 ... done (19.1s)
    [osimulator] (1x1024x288) @ (288x64) input=uint8 ... done (4.2s)
    [osimulator] (1x1024x576) @ (576x64) input=uint8 ... done (6.2s)
    [osimulator] (1x256x576) @ (576x128) input=uint8 ... done (6.7s)
    [osimulator] (1x1x8192) @ (8192x256) input=uint8 ... done (3.6s)
    [osimulator] (1x1x256) @ (256x10) input=uint8 ... done (0.0s)
  [Model 1 Phase4 v3 INT8 (变体 B) optic]  535/650 ( 82.3%) acc=97.38%  elapsed=21860s  ETA=4699s
    [osimulator] (1x4096x288) @ (288x32) input=uint8 ... done (19.4s)
    [osimulator] (1x1024x288) @ (288x64) input=uint8 ... done (4.2s)
    [osimulator] (1x1024x576) @ (576x64) input=uint8 ... done (8.7s)
    [osimulator] (1x256x576) @ (576x128) input=uint8 ... done (6.3s)
    [osimulator] (1x1x8192) @ (8192x256) input=uint8 ... done (3.6s)
    [osimulator] (1x1x256) @ (256x10) input=uint8 ... done (0.0s)
  [Model 1 Phase4 v3 INT8 (变体 B) optic]  536/650 ( 82.5%) acc=97.39%  elapsed=21902s  ETA=4658s
    [osimulator] (1x4096x288) @ (288x32) input=uint8 ... done (18.9s)
    [osimulator] (1x1024x288) @ (288x64) input=uint8 ... done (4.5s)
    [osimulator] (1x1024x576) @ (576x64) input=uint8 ... done (12.6s)
    [osimulator] (1x256x576) @ (576x128) input=uint8 ... done (6.4s)
    [osimulator] (1x1x8192) @ (8192x256) input=uint8 ... done (3.6s)
    [osimulator] (1x1x256) @ (256x10) input=uint8 ... done (0.0s)
  [Model 1 Phase4 v3 INT8 (变体 B) optic]  537/650 ( 82.6%) acc=97.39%  elapsed=21948s  ETA=4618s
    [osimulator] (1x4096x288) @ (288x32) input=uint8 ... done (19.2s)
    [osimulator] (1x1024x288) @ (288x64) input=uint8 ... done (4.3s)
    [osimulator] (1x1024x576) @ (576x64) input=uint8 ... done (9.4s)
    [osimulator] (1x256x576) @ (576x128) input=uint8 ... done (6.4s)
    [osimulator] (1x1x8192) @ (8192x256) input=uint8 ... done (3.6s)
    [osimulator] (1x1x256) @ (256x10) input=uint8 ... done (0.0s)
  [Model 1 Phase4 v3 INT8 (变体 B) optic]  538/650 ( 82.8%) acc=97.40%  elapsed=21991s  ETA=4578s
    [osimulator] (1x4096x288) @ (288x32) input=uint8 ... done (19.7s)
    [osimulator] (1x1024x288) @ (288x64) input=uint8 ... done (4.3s)
    [osimulator] (1x1024x576) @ (576x64) input=uint8 ... done (11.4s)
    [osimulator] (1x256x576) @ (576x128) input=uint8 ... done (6.5s)
    [osimulator] (1x1x8192) @ (8192x256) input=uint8 ... done (3.6s)
    [osimulator] (1x1x256) @ (256x10) input=uint8 ... done (0.0s)
  [Model 1 Phase4 v3 INT8 (变体 B) optic]  539/650 ( 82.9%) acc=97.40%  elapsed=22036s  ETA=4538s
    [osimulator] (1x4096x288) @ (288x32) input=uint8 ... done (19.6s)
    [osimulator] (1x1024x288) @ (288x64) input=uint8 ... done (4.3s)
    [osimulator] (1x1024x576) @ (576x64) input=uint8 ... done (6.3s)
    [osimulator] (1x256x576) @ (576x128) input=uint8 ... done (6.5s)
    [osimulator] (1x1x8192) @ (8192x256) input=uint8 ... done (3.7s)
    [osimulator] (1x1x256) @ (256x10) input=uint8 ... done (0.0s)
  [Model 1 Phase4 v3 INT8 (变体 B) optic]  540/650 ( 83.1%) acc=97.41%  elapsed=22077s  ETA=4497s
    [osimulator] (1x4096x288) @ (288x32) input=uint8 ... done (19.4s)
    [osimulator] (1x1024x288) @ (288x64) input=uint8 ... done (4.3s)
    [osimulator] (1x1024x576) @ (576x64) input=uint8 ... done (6.3s)
    [osimulator] (1x256x576) @ (576x128) input=uint8 ... done (6.4s)
    [osimulator] (1x1x8192) @ (8192x256) input=uint8 ... done (3.6s)
    [osimulator] (1x1x256) @ (256x10) input=uint8 ... done (0.0s)
  [Model 1 Phase4 v3 INT8 (变体 B) optic]  541/650 ( 83.2%) acc=97.41%  elapsed=22117s  ETA=4456s
    [osimulator] (1x4096x288) @ (288x32) input=uint8 ... done (19.6s)
    [osimulator] (1x1024x288) @ (288x64) input=uint8 ... done (4.3s)
    [osimulator] (1x1024x576) @ (576x64) input=uint8 ... done (6.4s)
    [osimulator] (1x256x576) @ (576x128) input=uint8 ... done (6.6s)
    [osimulator] (1x1x8192) @ (8192x256) input=uint8 ... done (3.6s)
    [osimulator] (1x1x256) @ (256x10) input=uint8 ... done (0.0s)
  [Model 1 Phase4 v3 INT8 (变体 B) optic]  542/650 ( 83.4%) acc=97.42%  elapsed=22157s  ETA=4415s
    [osimulator] (1x4096x288) @ (288x32) input=uint8 ... done (19.7s)
    [osimulator] (1x1024x288) @ (288x64) input=uint8 ... done (4.4s)
    [osimulator] (1x1024x576) @ (576x64) input=uint8 ... done (7.5s)
    [osimulator] (1x256x576) @ (576x128) input=uint8 ... done (6.5s)
    [osimulator] (1x1x8192) @ (8192x256) input=uint8 ... done (3.8s)
    [osimulator] (1x1x256) @ (256x10) input=uint8 ... done (0.0s)
  [Model 1 Phase4 v3 INT8 (变体 B) optic]  543/650 ( 83.5%) acc=97.42%  elapsed=22199s  ETA=4374s
    [osimulator] (1x4096x288) @ (288x32) input=uint8 ... done (19.6s)
    [osimulator] (1x1024x288) @ (288x64) input=uint8 ... done (4.3s)
    [osimulator] (1x1024x576) @ (576x64) input=uint8 ... done (6.3s)
    [osimulator] (1x256x576) @ (576x128) input=uint8 ... done (6.5s)
    [osimulator] (1x1x8192) @ (8192x256) input=uint8 ... done (3.7s)
    [osimulator] (1x1x256) @ (256x10) input=uint8 ... done (0.0s)
  [Model 1 Phase4 v3 INT8 (变体 B) optic]  544/650 ( 83.7%) acc=97.43%  elapsed=22240s  ETA=4333s
    [osimulator] (1x4096x288) @ (288x32) input=uint8 ... done (19.1s)
    [osimulator] (1x1024x288) @ (288x64) input=uint8 ... done (4.3s)
    [osimulator] (1x1024x576) @ (576x64) input=uint8 ... done (9.1s)
    [osimulator] (1x256x576) @ (576x128) input=uint8 ... done (6.5s)
    [osimulator] (1x1x8192) @ (8192x256) input=uint8 ... done (3.7s)
    [osimulator] (1x1x256) @ (256x10) input=uint8 ... done (0.0s)
  [Model 1 Phase4 v3 INT8 (变体 B) optic]  545/650 ( 83.8%) acc=97.43%  elapsed=22282s  ETA=4293s
    [osimulator] (1x4096x288) @ (288x32) input=uint8 ... done (18.9s)
    [osimulator] (1x1024x288) @ (288x64) input=uint8 ... done (4.3s)
    [osimulator] (1x1024x576) @ (576x64) input=uint8 ... done (6.5s)
    [osimulator] (1x256x576) @ (576x128) input=uint8 ... done (6.4s)
    [osimulator] (1x1x8192) @ (8192x256) input=uint8 ... done (3.5s)
    [osimulator] (1x1x256) @ (256x10) input=uint8 ... done (0.0s)
  [Model 1 Phase4 v3 INT8 (变体 B) optic]  546/650 ( 84.0%) acc=97.44%  elapsed=22322s  ETA=4252s
    [osimulator] (1x4096x288) @ (288x32) input=uint8 ... done (19.2s)
    [osimulator] (1x1024x288) @ (288x64) input=uint8 ... done (4.3s)
    [osimulator] (1x1024x576) @ (576x64) input=uint8 ... done (8.8s)
    [osimulator] (1x256x576) @ (576x128) input=uint8 ... done (6.3s)
    [osimulator] (1x1x8192) @ (8192x256) input=uint8 ... done (3.6s)
    [osimulator] (1x1x256) @ (256x10) input=uint8 ... done (0.0s)
  [Model 1 Phase4 v3 INT8 (变体 B) optic]  547/650 ( 84.2%) acc=97.44%  elapsed=22364s  ETA=4211s
    [osimulator] (1x4096x288) @ (288x32) input=uint8 ... done (19.0s)
    [osimulator] (1x1024x288) @ (288x64) input=uint8 ... done (4.3s)
    [osimulator] (1x1024x576) @ (576x64) input=uint8 ... done (10.5s)
    [osimulator] (1x256x576) @ (576x128) input=uint8 ... done (6.6s)
    [osimulator] (1x1x8192) @ (8192x256) input=uint8 ... done (3.5s)
    [osimulator] (1x1x256) @ (256x10) input=uint8 ... done (0.0s)
  [Model 1 Phase4 v3 INT8 (变体 B) optic]  548/650 ( 84.3%) acc=97.45%  elapsed=22408s  ETA=4171s
    [osimulator] (1x4096x288) @ (288x32) input=uint8 ... done (19.1s)
    [osimulator] (1x1024x288) @ (288x64) input=uint8 ... done (4.3s)
    [osimulator] (1x1024x576) @ (576x64) input=uint8 ... done (9.3s)
    [osimulator] (1x256x576) @ (576x128) input=uint8 ... done (6.5s)
    [osimulator] (1x1x8192) @ (8192x256) input=uint8 ... done (3.7s)
    [osimulator] (1x1x256) @ (256x10) input=uint8 ... done (0.0s)
  [Model 1 Phase4 v3 INT8 (变体 B) optic]  549/650 ( 84.5%) acc=97.45%  elapsed=22451s  ETA=4130s
    [osimulator] (1x4096x288) @ (288x32) input=uint8 ... done (19.3s)
    [osimulator] (1x1024x288) @ (288x64) input=uint8 ... done (4.4s)
    [osimulator] (1x1024x576) @ (576x64) input=uint8 ... done (12.1s)
    [osimulator] (1x256x576) @ (576x128) input=uint8 ... done (6.4s)
    [osimulator] (1x1x8192) @ (8192x256) input=uint8 ... done (3.6s)
    [osimulator] (1x1x256) @ (256x10) input=uint8 ... done (0.0s)
  [Model 1 Phase4 v3 INT8 (变体 B) optic]  550/650 ( 84.6%) acc=97.45%  elapsed=22497s  ETA=4090s
    [osimulator] (1x4096x288) @ (288x32) input=uint8 ... done (19.4s)
    [osimulator] (1x1024x288) @ (288x64) input=uint8 ... done (4.4s)
    [osimulator] (1x1024x576) @ (576x64) input=uint8 ... done (12.5s)
    [osimulator] (1x256x576) @ (576x128) input=uint8 ... done (6.6s)
    [osimulator] (1x1x8192) @ (8192x256) input=uint8 ... done (3.6s)
    [osimulator] (1x1x256) @ (256x10) input=uint8 ... done (0.0s)
  [Model 1 Phase4 v3 INT8 (变体 B) optic]  551/650 ( 84.8%) acc=97.46%  elapsed=22544s  ETA=4050s
    [osimulator] (1x4096x288) @ (288x32) input=uint8 ... done (18.8s)
    [osimulator] (1x1024x288) @ (288x64) input=uint8 ... done (4.3s)
    [osimulator] (1x1024x576) @ (576x64) input=uint8 ... done (7.9s)
    [osimulator] (1x256x576) @ (576x128) input=uint8 ... done (6.5s)
    [osimulator] (1x1x8192) @ (8192x256) input=uint8 ... done (3.5s)
    [osimulator] (1x1x256) @ (256x10) input=uint8 ... done (0.0s)
  [Model 1 Phase4 v3 INT8 (变体 B) optic]  552/650 ( 84.9%) acc=97.46%  elapsed=22585s  ETA=4010s
    [osimulator] (1x4096x288) @ (288x32) input=uint8 ... done (19.0s)
    [osimulator] (1x1024x288) @ (288x64) input=uint8 ... done (4.2s)
    [osimulator] (1x1024x576) @ (576x64) input=uint8 ... done (11.3s)
    [osimulator] (1x256x576) @ (576x128) input=uint8 ... done (6.6s)
    [osimulator] (1x1x8192) @ (8192x256) input=uint8 ... done (3.7s)
    [osimulator] (1x1x256) @ (256x10) input=uint8 ... done (0.0s)
  [Model 1 Phase4 v3 INT8 (变体 B) optic]  553/650 ( 85.1%) acc=97.47%  elapsed=22629s  ETA=3969s
    [osimulator] (1x4096x288) @ (288x32) input=uint8 ... done (19.6s)
    [osimulator] (1x1024x288) @ (288x64) input=uint8 ... done (4.3s)
    [osimulator] (1x1024x576) @ (576x64) input=uint8 ... done (10.6s)
    [osimulator] (1x256x576) @ (576x128) input=uint8 ... done (6.5s)
    [osimulator] (1x1x8192) @ (8192x256) input=uint8 ... done (3.6s)
    [osimulator] (1x1x256) @ (256x10) input=uint8 ... done (0.0s)
  [Model 1 Phase4 v3 INT8 (变体 B) optic]  554/650 ( 85.2%) acc=97.47%  elapsed=22674s  ETA=3929s
    [osimulator] (1x4096x288) @ (288x32) input=uint8 ... done (19.0s)
    [osimulator] (1x1024x288) @ (288x64) input=uint8 ... done (4.3s)
    [osimulator] (1x1024x576) @ (576x64) input=uint8 ... done (11.9s)
    [osimulator] (1x256x576) @ (576x128) input=uint8 ... done (6.5s)
    [osimulator] (1x1x8192) @ (8192x256) input=uint8 ... done (3.6s)
    [osimulator] (1x1x256) @ (256x10) input=uint8 ... done (0.0s)
  [Model 1 Phase4 v3 INT8 (变体 B) optic]  555/650 ( 85.4%) acc=97.48%  elapsed=22720s  ETA=3889s
    [osimulator] (1x4096x288) @ (288x32) input=uint8 ... done (18.9s)
    [osimulator] (1x1024x288) @ (288x64) input=uint8 ... done (4.2s)
    [osimulator] (1x1024x576) @ (576x64) input=uint8 ... done (6.4s)
    [osimulator] (1x256x576) @ (576x128) input=uint8 ... done (6.4s)
    [osimulator] (1x1x8192) @ (8192x256) input=uint8 ... done (3.5s)
    [osimulator] (1x1x256) @ (256x10) input=uint8 ... done (0.0s)
  [Model 1 Phase4 v3 INT8 (变体 B) optic]  556/650 ( 85.5%) acc=97.48%  elapsed=22759s  ETA=3848s
    [osimulator] (1x4096x288) @ (288x32) input=uint8 ... done (18.8s)
    [osimulator] (1x1024x288) @ (288x64) input=uint8 ... done (4.2s)
    [osimulator] (1x1024x576) @ (576x64) input=uint8 ... done (6.2s)
    [osimulator] (1x256x576) @ (576x128) input=uint8 ... done (6.4s)
    [osimulator] (1x1x8192) @ (8192x256) input=uint8 ... done (3.6s)
    [osimulator] (1x1x256) @ (256x10) input=uint8 ... done (0.0s)
  [Model 1 Phase4 v3 INT8 (变体 B) optic]  557/650 ( 85.7%) acc=97.49%  elapsed=22798s  ETA=3807s
    [osimulator] (1x4096x288) @ (288x32) input=uint8 ... done (19.1s)
    [osimulator] (1x1024x288) @ (288x64) input=uint8 ... done (4.3s)
    [osimulator] (1x1024x576) @ (576x64) input=uint8 ... done (9.1s)
    [osimulator] (1x256x576) @ (576x128) input=uint8 ... done (6.5s)
    [osimulator] (1x1x8192) @ (8192x256) input=uint8 ... done (3.6s)
    [osimulator] (1x1x256) @ (256x10) input=uint8 ... done (0.0s)
  [Model 1 Phase4 v3 INT8 (变体 B) optic]  558/650 ( 85.8%) acc=97.49%  elapsed=22841s  ETA=3766s
    [osimulator] (1x4096x288) @ (288x32) input=uint8 ... done (19.0s)
    [osimulator] (1x1024x288) @ (288x64) input=uint8 ... done (4.3s)
    [osimulator] (1x1024x576) @ (576x64) input=uint8 ... done (8.1s)
    [osimulator] (1x256x576) @ (576x128) input=uint8 ... done (6.4s)
    [osimulator] (1x1x8192) @ (8192x256) input=uint8 ... done (3.6s)
    [osimulator] (1x1x256) @ (256x10) input=uint8 ... done (0.0s)
  [Model 1 Phase4 v3 INT8 (变体 B) optic]  559/650 ( 86.0%) acc=97.50%  elapsed=22882s  ETA=3725s
    [osimulator] (1x4096x288) @ (288x32) input=uint8 ... done (19.0s)
    [osimulator] (1x1024x288) @ (288x64) input=uint8 ... done (4.3s)
    [osimulator] (1x1024x576) @ (576x64) input=uint8 ... done (6.4s)
    [osimulator] (1x256x576) @ (576x128) input=uint8 ... done (6.4s)
    [osimulator] (1x1x8192) @ (8192x256) input=uint8 ... done (3.7s)
    [osimulator] (1x1x256) @ (256x10) input=uint8 ... done (0.0s)
  [Model 1 Phase4 v3 INT8 (变体 B) optic]  560/650 ( 86.2%) acc=97.50%  elapsed=22922s  ETA=3684s
    [osimulator] (1x4096x288) @ (288x32) input=uint8 ... done (19.4s)
    [osimulator] (1x1024x288) @ (288x64) input=uint8 ... done (4.3s)
    [osimulator] (1x1024x576) @ (576x64) input=uint8 ... done (9.1s)
    [osimulator] (1x256x576) @ (576x128) input=uint8 ... done (6.5s)
    [osimulator] (1x1x8192) @ (8192x256) input=uint8 ... done (3.6s)
    [osimulator] (1x1x256) @ (256x10) input=uint8 ... done (0.0s)
  [Model 1 Phase4 v3 INT8 (变体 B) optic]  561/650 ( 86.3%) acc=97.50%  elapsed=22965s  ETA=3643s
    [osimulator] (1x4096x288) @ (288x32) input=uint8 ... done (19.3s)
    [osimulator] (1x1024x288) @ (288x64) input=uint8 ... done (4.3s)
    [osimulator] (1x1024x576) @ (576x64) input=uint8 ... done (6.2s)
    [osimulator] (1x256x576) @ (576x128) input=uint8 ... done (6.4s)
    [osimulator] (1x1x8192) @ (8192x256) input=uint8 ... done (3.7s)
    [osimulator] (1x1x256) @ (256x10) input=uint8 ... done (0.0s)
  [Model 1 Phase4 v3 INT8 (变体 B) optic]  562/650 ( 86.5%) acc=97.51%  elapsed=23005s  ETA=3602s
    [osimulator] (1x4096x288) @ (288x32) input=uint8 ... done (19.4s)
    [osimulator] (1x1024x288) @ (288x64) input=uint8 ... done (4.3s)
    [osimulator] (1x1024x576) @ (576x64) input=uint8 ... done (9.3s)
    [osimulator] (1x256x576) @ (576x128) input=uint8 ... done (6.6s)
    [osimulator] (1x1x8192) @ (8192x256) input=uint8 ... done (3.8s)
    [osimulator] (1x1x256) @ (256x10) input=uint8 ... done (0.0s)
  [Model 1 Phase4 v3 INT8 (变体 B) optic]  563/650 ( 86.6%) acc=97.51%  elapsed=23048s  ETA=3562s
    [osimulator] (1x4096x288) @ (288x32) input=uint8 ... done (20.0s)
    [osimulator] (1x1024x288) @ (288x64) input=uint8 ... done (4.3s)
    [osimulator] (1x1024x576) @ (576x64) input=uint8 ... done (6.4s)
    [osimulator] (1x256x576) @ (576x128) input=uint8 ... done (6.4s)
    [osimulator] (1x1x8192) @ (8192x256) input=uint8 ... done (3.6s)
    [osimulator] (1x1x256) @ (256x10) input=uint8 ... done (0.0s)
  [Model 1 Phase4 v3 INT8 (变体 B) optic]  564/650 ( 86.8%) acc=97.52%  elapsed=23089s  ETA=3521s
    [osimulator] (1x4096x288) @ (288x32) input=uint8 ... done (19.4s)
    [osimulator] (1x1024x288) @ (288x64) input=uint8 ... done (4.3s)
    [osimulator] (1x1024x576) @ (576x64) input=uint8 ... done (10.9s)
    [osimulator] (1x256x576) @ (576x128) input=uint8 ... done (6.5s)
    [osimulator] (1x1x8192) @ (8192x256) input=uint8 ... done (3.8s)
    [osimulator] (1x1x256) @ (256x10) input=uint8 ... done (0.0s)
  [Model 1 Phase4 v3 INT8 (变体 B) optic]  565/650 ( 86.9%) acc=97.52%  elapsed=23134s  ETA=3480s
    [osimulator] (1x4096x288) @ (288x32) input=uint8 ... done (19.8s)
    [osimulator] (1x1024x288) @ (288x64) input=uint8 ... done (4.4s)
    [osimulator] (1x1024x576) @ (576x64) input=uint8 ... done (9.3s)
    [osimulator] (1x256x576) @ (576x128) input=uint8 ... done (6.6s)
    [osimulator] (1x1x8192) @ (8192x256) input=uint8 ... done (3.6s)
    [osimulator] (1x1x256) @ (256x10) input=uint8 ... done (0.0s)
  [Model 1 Phase4 v3 INT8 (变体 B) optic]  566/650 ( 87.1%) acc=97.53%  elapsed=23178s  ETA=3440s
    [osimulator] (1x4096x288) @ (288x32) input=uint8 ... done (19.7s)
    [osimulator] (1x1024x288) @ (288x64) input=uint8 ... done (4.3s)
    [osimulator] (1x1024x576) @ (576x64) input=uint8 ... done (12.0s)
    [osimulator] (1x256x576) @ (576x128) input=uint8 ... done (6.5s)
    [osimulator] (1x1x8192) @ (8192x256) input=uint8 ... done (3.6s)
    [osimulator] (1x1x256) @ (256x10) input=uint8 ... done (0.0s)
  [Model 1 Phase4 v3 INT8 (变体 B) optic]  567/650 ( 87.2%) acc=97.53%  elapsed=23224s  ETA=3400s
    [osimulator] (1x4096x288) @ (288x32) input=uint8 ... done (19.9s)
    [osimulator] (1x1024x288) @ (288x64) input=uint8 ... done (4.3s)
    [osimulator] (1x1024x576) @ (576x64) input=uint8 ... done (6.4s)
    [osimulator] (1x256x576) @ (576x128) input=uint8 ... done (6.7s)
    [osimulator] (1x1x8192) @ (8192x256) input=uint8 ... done (3.6s)
    [osimulator] (1x1x256) @ (256x10) input=uint8 ... done (0.0s)
  [Model 1 Phase4 v3 INT8 (变体 B) optic]  568/650 ( 87.4%) acc=97.54%  elapsed=23265s  ETA=3359s
    [osimulator] (1x4096x288) @ (288x32) input=uint8 ... done (19.8s)
    [osimulator] (1x1024x288) @ (288x64) input=uint8 ... done (4.3s)
    [osimulator] (1x1024x576) @ (576x64) input=uint8 ... done (12.4s)
    [osimulator] (1x256x576) @ (576x128) input=uint8 ... done (6.5s)
    [osimulator] (1x1x8192) @ (8192x256) input=uint8 ... done (3.6s)
    [osimulator] (1x1x256) @ (256x10) input=uint8 ... done (0.0s)
  [Model 1 Phase4 v3 INT8 (变体 B) optic]  569/650 ( 87.5%) acc=97.54%  elapsed=23311s  ETA=3319s
    [osimulator] (1x4096x288) @ (288x32) input=uint8 ... done (19.9s)
    [osimulator] (1x1024x288) @ (288x64) input=uint8 ... done (4.3s)
    [osimulator] (1x1024x576) @ (576x64) input=uint8 ... done (6.4s)
    [osimulator] (1x256x576) @ (576x128) input=uint8 ... done (6.5s)
    [osimulator] (1x1x8192) @ (8192x256) input=uint8 ... done (3.6s)
    [osimulator] (1x1x256) @ (256x10) input=uint8 ... done (0.0s)
  [Model 1 Phase4 v3 INT8 (变体 B) optic]  570/650 ( 87.7%) acc=97.54%  elapsed=23352s  ETA=3278s
    [osimulator] (1x4096x288) @ (288x32) input=uint8 ... done (20.1s)
    [osimulator] (1x1024x288) @ (288x64) input=uint8 ... done (4.3s)
    [osimulator] (1x1024x576) @ (576x64) input=uint8 ... done (6.4s)
    [osimulator] (1x256x576) @ (576x128) input=uint8 ... done (6.6s)
    [osimulator] (1x1x8192) @ (8192x256) input=uint8 ... done (3.7s)
    [osimulator] (1x1x256) @ (256x10) input=uint8 ... done (0.0s)
  [Model 1 Phase4 v3 INT8 (变体 B) optic]  571/650 ( 87.8%) acc=97.55%  elapsed=23393s  ETA=3237s
    [osimulator] (1x4096x288) @ (288x32) input=uint8 ... done (19.6s)
    [osimulator] (1x1024x288) @ (288x64) input=uint8 ... done (4.3s)
    [osimulator] (1x1024x576) @ (576x64) input=uint8 ... done (7.2s)
    [osimulator] (1x256x576) @ (576x128) input=uint8 ... done (6.4s)
    [osimulator] (1x1x8192) @ (8192x256) input=uint8 ... done (3.5s)
    [osimulator] (1x1x256) @ (256x10) input=uint8 ... done (0.0s)
  [Model 1 Phase4 v3 INT8 (变体 B) optic]  572/650 ( 88.0%) acc=97.55%  elapsed=23434s  ETA=3196s
    [osimulator] (1x4096x288) @ (288x32) input=uint8 ... done (19.3s)
    [osimulator] (1x1024x288) @ (288x64) input=uint8 ... done (4.3s)
    [osimulator] (1x1024x576) @ (576x64) input=uint8 ... done (6.3s)
    [osimulator] (1x256x576) @ (576x128) input=uint8 ... done (6.4s)
    [osimulator] (1x1x8192) @ (8192x256) input=uint8 ... done (3.6s)
    [osimulator] (1x1x256) @ (256x10) input=uint8 ... done (0.0s)
  [Model 1 Phase4 v3 INT8 (变体 B) optic]  573/650 ( 88.2%) acc=97.56%  elapsed=23474s  ETA=3155s
    [osimulator] (1x4096x288) @ (288x32) input=uint8 ... done (19.1s)
    [osimulator] (1x1024x288) @ (288x64) input=uint8 ... done (4.3s)
    [osimulator] (1x1024x576) @ (576x64) input=uint8 ... done (11.6s)
    [osimulator] (1x256x576) @ (576x128) input=uint8 ... done (6.5s)
    [osimulator] (1x1x8192) @ (8192x256) input=uint8 ... done (3.6s)
    [osimulator] (1x1x256) @ (256x10) input=uint8 ... done (0.0s)
  [Model 1 Phase4 v3 INT8 (变体 B) optic]  574/650 ( 88.3%) acc=97.56%  elapsed=23520s  ETA=3114s
    [osimulator] (1x4096x288) @ (288x32) input=uint8 ... done (19.1s)
    [osimulator] (1x1024x288) @ (288x64) input=uint8 ... done (4.2s)
    [osimulator] (1x1024x576) @ (576x64) input=uint8 ... done (8.1s)
    [osimulator] (1x256x576) @ (576x128) input=uint8 ... done (6.4s)
    [osimulator] (1x1x8192) @ (8192x256) input=uint8 ... done (3.5s)
    [osimulator] (1x1x256) @ (256x10) input=uint8 ... done (0.0s)
  [Model 1 Phase4 v3 INT8 (变体 B) optic]  575/650 ( 88.5%) acc=97.57%  elapsed=23561s  ETA=3073s
    [osimulator] (1x4096x288) @ (288x32) input=uint8 ... done (18.9s)
    [osimulator] (1x1024x288) @ (288x64) input=uint8 ... done (4.2s)
    [osimulator] (1x1024x576) @ (576x64) input=uint8 ... done (9.7s)
    [osimulator] (1x256x576) @ (576x128) input=uint8 ... done (6.4s)
    [osimulator] (1x1x8192) @ (8192x256) input=uint8 ... done (3.5s)
    [osimulator] (1x1x256) @ (256x10) input=uint8 ... done (0.0s)
  [Model 1 Phase4 v3 INT8 (变体 B) optic]  576/650 ( 88.6%) acc=97.57%  elapsed=23604s  ETA=3032s
    [osimulator] (1x4096x288) @ (288x32) input=uint8 ... done (18.7s)
    [osimulator] (1x1024x288) @ (288x64) input=uint8 ... done (4.2s)
    [osimulator] (1x1024x576) @ (576x64) input=uint8 ... done (8.9s)
    [osimulator] (1x256x576) @ (576x128) input=uint8 ... done (6.4s)
    [osimulator] (1x1x8192) @ (8192x256) input=uint8 ... done (3.6s)
    [osimulator] (1x1x256) @ (256x10) input=uint8 ... done (0.0s)
  [Model 1 Phase4 v3 INT8 (变体 B) optic]  577/650 ( 88.8%) acc=97.57%  elapsed=23646s  ETA=2992s
    [osimulator] (1x4096x288) @ (288x32) input=uint8 ... done (18.4s)
    [osimulator] (1x1024x288) @ (288x64) input=uint8 ... done (4.2s)
    [osimulator] (1x1024x576) @ (576x64) input=uint8 ... done (6.3s)
    [osimulator] (1x256x576) @ (576x128) input=uint8 ... done (6.3s)
    [osimulator] (1x1x8192) @ (8192x256) input=uint8 ... done (3.6s)
    [osimulator] (1x1x256) @ (256x10) input=uint8 ... done (0.0s)
  [Model 1 Phase4 v3 INT8 (变体 B) optic]  578/650 ( 88.9%) acc=97.58%  elapsed=23685s  ETA=2950s
    [osimulator] (1x4096x288) @ (288x32) input=uint8 ... done (18.8s)
    [osimulator] (1x1024x288) @ (288x64) input=uint8 ... done (4.2s)
    [osimulator] (1x1024x576) @ (576x64) input=uint8 ... done (6.7s)
    [osimulator] (1x256x576) @ (576x128) input=uint8 ... done (6.4s)
    [osimulator] (1x1x8192) @ (8192x256) input=uint8 ... done (3.5s)
    [osimulator] (1x1x256) @ (256x10) input=uint8 ... done (0.0s)
  [Model 1 Phase4 v3 INT8 (变体 B) optic]  579/650 ( 89.1%) acc=97.58%  elapsed=23724s  ETA=2909s
    [osimulator] (1x4096x288) @ (288x32) input=uint8 ... done (19.0s)
    [osimulator] (1x1024x288) @ (288x64) input=uint8 ... done (4.3s)
    [osimulator] (1x1024x576) @ (576x64) input=uint8 ... done (7.2s)
    [osimulator] (1x256x576) @ (576x128) input=uint8 ... done (6.6s)
    [osimulator] (1x1x8192) @ (8192x256) input=uint8 ... done (3.6s)
    [osimulator] (1x1x256) @ (256x10) input=uint8 ... done (0.0s)
  [Model 1 Phase4 v3 INT8 (变体 B) optic]  580/650 ( 89.2%) acc=97.59%  elapsed=23765s  ETA=2868s
    [osimulator] (1x4096x288) @ (288x32) input=uint8 ... done (18.7s)
    [osimulator] (1x1024x288) @ (288x64) input=uint8 ... done (4.3s)
    [osimulator] (1x1024x576) @ (576x64) input=uint8 ... done (6.2s)
    [osimulator] (1x256x576) @ (576x128) input=uint8 ... done (6.5s)
    [osimulator] (1x1x8192) @ (8192x256) input=uint8 ... done (3.7s)
    [osimulator] (1x1x256) @ (256x10) input=uint8 ... done (0.0s)
  [Model 1 Phase4 v3 INT8 (变体 B) optic]  581/650 ( 89.4%) acc=97.59%  elapsed=23805s  ETA=2827s
    [osimulator] (1x4096x288) @ (288x32) input=uint8 ... done (18.4s)
    [osimulator] (1x1024x288) @ (288x64) input=uint8 ... done (4.3s)
    [osimulator] (1x1024x576) @ (576x64) input=uint8 ... done (9.2s)
    [osimulator] (1x256x576) @ (576x128) input=uint8 ... done (6.5s)
    [osimulator] (1x1x8192) @ (8192x256) input=uint8 ... done (3.6s)
    [osimulator] (1x1x256) @ (256x10) input=uint8 ... done (0.0s)
  [Model 1 Phase4 v3 INT8 (变体 B) optic]  582/650 ( 89.5%) acc=97.59%  elapsed=23847s  ETA=2786s
    [osimulator] (1x4096x288) @ (288x32) input=uint8 ... done (18.4s)
    [osimulator] (1x1024x288) @ (288x64) input=uint8 ... done (4.3s)
    [osimulator] (1x1024x576) @ (576x64) input=uint8 ... done (6.6s)
    [osimulator] (1x256x576) @ (576x128) input=uint8 ... done (6.5s)
    [osimulator] (1x1x8192) @ (8192x256) input=uint8 ... done (3.4s)
    [osimulator] (1x1x256) @ (256x10) input=uint8 ... done (0.0s)
  [Model 1 Phase4 v3 INT8 (变体 B) optic]  583/650 ( 89.7%) acc=97.60%  elapsed=23886s  ETA=2745s
    [osimulator] (1x4096x288) @ (288x32) input=uint8 ... done (18.5s)
    [osimulator] (1x1024x288) @ (288x64) input=uint8 ... done (4.3s)
    [osimulator] (1x1024x576) @ (576x64) input=uint8 ... done (6.2s)
    [osimulator] (1x256x576) @ (576x128) input=uint8 ... done (6.4s)
    [osimulator] (1x1x8192) @ (8192x256) input=uint8 ... done (3.6s)
    [osimulator] (1x1x256) @ (256x10) input=uint8 ... done (0.0s)
  [Model 1 Phase4 v3 INT8 (变体 B) optic]  584/650 ( 89.8%) acc=97.60%  elapsed=23925s  ETA=2704s
    [osimulator] (1x4096x288) @ (288x32) input=uint8 ... done (18.7s)
    [osimulator] (1x1024x288) @ (288x64) input=uint8 ... done (4.3s)
    [osimulator] (1x1024x576) @ (576x64) input=uint8 ... done (7.5s)
    [osimulator] (1x256x576) @ (576x128) input=uint8 ... done (6.5s)
    [osimulator] (1x1x8192) @ (8192x256) input=uint8 ... done (3.5s)
    [osimulator] (1x1x256) @ (256x10) input=uint8 ... done (0.0s)
  [Model 1 Phase4 v3 INT8 (变体 B) optic]  585/650 ( 90.0%) acc=97.61%  elapsed=23965s  ETA=2663s
    [osimulator] (1x4096x288) @ (288x32) input=uint8 ... done (19.0s)
    [osimulator] (1x1024x288) @ (288x64) input=uint8 ... done (4.3s)
    [osimulator] (1x1024x576) @ (576x64) input=uint8 ... done (6.2s)
    [osimulator] (1x256x576) @ (576x128) input=uint8 ... done (6.4s)
    [osimulator] (1x1x8192) @ (8192x256) input=uint8 ... done (3.7s)
    [osimulator] (1x1x256) @ (256x10) input=uint8 ... done (0.0s)
  [Model 1 Phase4 v3 INT8 (变体 B) optic]  586/650 ( 90.2%) acc=97.61%  elapsed=24005s  ETA=2622s
    [osimulator] (1x4096x288) @ (288x32) input=uint8 ... done (18.6s)
    [osimulator] (1x1024x288) @ (288x64) input=uint8 ... done (4.4s)
    [osimulator] (1x1024x576) @ (576x64) input=uint8 ... done (10.4s)
    [osimulator] (1x256x576) @ (576x128) input=uint8 ... done (6.4s)
    [osimulator] (1x1x8192) @ (8192x256) input=uint8 ... done (3.7s)
    [osimulator] (1x1x256) @ (256x10) input=uint8 ... done (0.0s)
  [Model 1 Phase4 v3 INT8 (变体 B) optic]  587/650 ( 90.3%) acc=97.61%  elapsed=24049s  ETA=2581s
    [osimulator] (1x4096x288) @ (288x32) input=uint8 ... done (18.5s)
    [osimulator] (1x1024x288) @ (288x64) input=uint8 ... done (4.3s)
    [osimulator] (1x1024x576) @ (576x64) input=uint8 ... done (6.3s)
    [osimulator] (1x256x576) @ (576x128) input=uint8 ... done (6.5s)
    [osimulator] (1x1x8192) @ (8192x256) input=uint8 ... done (3.6s)
    [osimulator] (1x1x256) @ (256x10) input=uint8 ... done (0.0s)
  [Model 1 Phase4 v3 INT8 (变体 B) optic]  588/650 ( 90.5%) acc=97.62%  elapsed=24088s  ETA=2540s
    [osimulator] (1x4096x288) @ (288x32) input=uint8 ... done (18.6s)
    [osimulator] (1x1024x288) @ (288x64) input=uint8 ... done (4.3s)
    [osimulator] (1x1024x576) @ (576x64) input=uint8 ... done (6.4s)
    [osimulator] (1x256x576) @ (576x128) input=uint8 ... done (6.6s)
    [osimulator] (1x1x8192) @ (8192x256) input=uint8 ... done (3.7s)
    [osimulator] (1x1x256) @ (256x10) input=uint8 ... done (0.0s)
  [Model 1 Phase4 v3 INT8 (变体 B) optic]  589/650 ( 90.6%) acc=97.45%  elapsed=24127s  ETA=2499s
    [osimulator] (1x4096x288) @ (288x32) input=uint8 ... done (18.3s)
    [osimulator] (1x1024x288) @ (288x64) input=uint8 ... done (4.3s)
    [osimulator] (1x1024x576) @ (576x64) input=uint8 ... done (9.6s)
    [osimulator] (1x256x576) @ (576x128) input=uint8 ... done (6.5s)
    [osimulator] (1x1x8192) @ (8192x256) input=uint8 ... done (3.7s)
    [osimulator] (1x1x256) @ (256x10) input=uint8 ... done (0.0s)
  [Model 1 Phase4 v3 INT8 (变体 B) optic]  590/650 ( 90.8%) acc=97.46%  elapsed=24170s  ETA=2458s
    [osimulator] (1x4096x288) @ (288x32) input=uint8 ... done (18.5s)
    [osimulator] (1x1024x288) @ (288x64) input=uint8 ... done (4.3s)
    [osimulator] (1x1024x576) @ (576x64) input=uint8 ... done (11.4s)
    [osimulator] (1x256x576) @ (576x128) input=uint8 ... done (6.4s)
    [osimulator] (1x1x8192) @ (8192x256) input=uint8 ... done (3.6s)
    [osimulator] (1x1x256) @ (256x10) input=uint8 ... done (0.0s)
  [Model 1 Phase4 v3 INT8 (变体 B) optic]  591/650 ( 90.9%) acc=97.29%  elapsed=24214s  ETA=2417s
    [osimulator] (1x4096x288) @ (288x32) input=uint8 ... done (18.8s)
    [osimulator] (1x1024x288) @ (288x64) input=uint8 ... done (4.3s)
    [osimulator] (1x1024x576) @ (576x64) input=uint8 ... done (11.9s)
    [osimulator] (1x256x576) @ (576x128) input=uint8 ... done (6.5s)
    [osimulator] (1x1x8192) @ (8192x256) input=uint8 ... done (3.5s)
    [osimulator] (1x1x256) @ (256x10) input=uint8 ... done (0.0s)
  [Model 1 Phase4 v3 INT8 (变体 B) optic]  592/650 ( 91.1%) acc=97.30%  elapsed=24259s  ETA=2377s
    [osimulator] (1x4096x288) @ (288x32) input=uint8 ... done (18.4s)
    [osimulator] (1x1024x288) @ (288x64) input=uint8 ... done (4.3s)
    [osimulator] (1x1024x576) @ (576x64) input=uint8 ... done (6.2s)
    [osimulator] (1x256x576) @ (576x128) input=uint8 ... done (6.4s)
    [osimulator] (1x1x8192) @ (8192x256) input=uint8 ... done (3.6s)
    [osimulator] (1x1x256) @ (256x10) input=uint8 ... done (0.0s)
  [Model 1 Phase4 v3 INT8 (变体 B) optic]  593/650 ( 91.2%) acc=97.30%  elapsed=24298s  ETA=2336s
    [osimulator] (1x4096x288) @ (288x32) input=uint8 ... done (19.0s)
    [osimulator] (1x1024x288) @ (288x64) input=uint8 ... done (4.3s)
    [osimulator] (1x1024x576) @ (576x64) input=uint8 ... done (6.2s)
    [osimulator] (1x256x576) @ (576x128) input=uint8 ... done (6.5s)
    [osimulator] (1x1x8192) @ (8192x256) input=uint8 ... done (3.5s)
    [osimulator] (1x1x256) @ (256x10) input=uint8 ... done (0.0s)
  [Model 1 Phase4 v3 INT8 (变体 B) optic]  594/650 ( 91.4%) acc=97.31%  elapsed=24338s  ETA=2294s
    [osimulator] (1x4096x288) @ (288x32) input=uint8 ... done (18.9s)
    [osimulator] (1x1024x288) @ (288x64) input=uint8 ... done (4.3s)
    [osimulator] (1x1024x576) @ (576x64) input=uint8 ... done (7.3s)
    [osimulator] (1x256x576) @ (576x128) input=uint8 ... done (6.5s)
    [osimulator] (1x1x8192) @ (8192x256) input=uint8 ... done (3.7s)
    [osimulator] (1x1x256) @ (256x10) input=uint8 ... done (0.0s)
  [Model 1 Phase4 v3 INT8 (变体 B) optic]  595/650 ( 91.5%) acc=97.31%  elapsed=24378s  ETA=2253s
    [osimulator] (1x4096x288) @ (288x32) input=uint8 ... done (18.6s)
    [osimulator] (1x1024x288) @ (288x64) input=uint8 ... done (4.3s)
    [osimulator] (1x1024x576) @ (576x64) input=uint8 ... done (6.2s)
    [osimulator] (1x256x576) @ (576x128) input=uint8 ... done (6.4s)
    [osimulator] (1x1x8192) @ (8192x256) input=uint8 ... done (3.6s)
    [osimulator] (1x1x256) @ (256x10) input=uint8 ... done (0.0s)
  [Model 1 Phase4 v3 INT8 (变体 B) optic]  596/650 ( 91.7%) acc=97.32%  elapsed=24418s  ETA=2212s
    [osimulator] (1x4096x288) @ (288x32) input=uint8 ... done (18.7s)
    [osimulator] (1x1024x288) @ (288x64) input=uint8 ... done (4.3s)
    [osimulator] (1x1024x576) @ (576x64) input=uint8 ... done (12.3s)
    [osimulator] (1x256x576) @ (576x128) input=uint8 ... done (6.4s)
    [osimulator] (1x1x8192) @ (8192x256) input=uint8 ... done (3.7s)
    [osimulator] (1x1x256) @ (256x10) input=uint8 ... done (0.0s)
  [Model 1 Phase4 v3 INT8 (变体 B) optic]  597/650 ( 91.8%) acc=97.32%  elapsed=24463s  ETA=2172s
    [osimulator] (1x4096x288) @ (288x32) input=uint8 ... done (19.1s)
    [osimulator] (1x1024x288) @ (288x64) input=uint8 ... done (4.3s)
    [osimulator] (1x1024x576) @ (576x64) input=uint8 ... done (12.1s)
    [osimulator] (1x256x576) @ (576x128) input=uint8 ... done (6.4s)
    [osimulator] (1x1x8192) @ (8192x256) input=uint8 ... done (3.6s)
    [osimulator] (1x1x256) @ (256x10) input=uint8 ... done (0.0s)
  [Model 1 Phase4 v3 INT8 (变体 B) optic]  598/650 ( 92.0%) acc=97.32%  elapsed=24509s  ETA=2131s
    [osimulator] (1x4096x288) @ (288x32) input=uint8 ... done (18.4s)
    [osimulator] (1x1024x288) @ (288x64) input=uint8 ... done (4.3s)
    [osimulator] (1x1024x576) @ (576x64) input=uint8 ... done (7.7s)
    [osimulator] (1x256x576) @ (576x128) input=uint8 ... done (6.4s)
    [osimulator] (1x1x8192) @ (8192x256) input=uint8 ... done (3.7s)
    [osimulator] (1x1x256) @ (256x10) input=uint8 ... done (0.0s)
  [Model 1 Phase4 v3 INT8 (变体 B) optic]  599/650 ( 92.2%) acc=97.33%  elapsed=24549s  ETA=2090s
    [osimulator] (1x4096x288) @ (288x32) input=uint8 ... done (18.6s)
    [osimulator] (1x1024x288) @ (288x64) input=uint8 ... done (4.2s)
    [osimulator] (1x1024x576) @ (576x64) input=uint8 ... done (6.6s)
    [osimulator] (1x256x576) @ (576x128) input=uint8 ... done (6.4s)
    [osimulator] (1x1x8192) @ (8192x256) input=uint8 ... done (3.4s)
    [osimulator] (1x1x256) @ (256x10) input=uint8 ... done (0.0s)
  [Model 1 Phase4 v3 INT8 (变体 B) optic]  600/650 ( 92.3%) acc=97.33%  elapsed=24588s  ETA=2049s
    [osimulator] (1x4096x288) @ (288x32) input=uint8 ... done (19.1s)
    [osimulator] (1x1024x288) @ (288x64) input=uint8 ... done (4.2s)
    [osimulator] (1x1024x576) @ (576x64) input=uint8 ... done (9.2s)
    [osimulator] (1x256x576) @ (576x128) input=uint8 ... done (6.4s)
    [osimulator] (1x1x8192) @ (8192x256) input=uint8 ... done (3.8s)
    [osimulator] (1x1x256) @ (256x10) input=uint8 ... done (0.0s)
  [Model 1 Phase4 v3 INT8 (变体 B) optic]  601/650 ( 92.5%) acc=97.34%  elapsed=24631s  ETA=2008s
    [osimulator] (1x4096x288) @ (288x32) input=uint8 ... done (18.7s)
    [osimulator] (1x1024x288) @ (288x64) input=uint8 ... done (4.4s)
    [osimulator] (1x1024x576) @ (576x64) input=uint8 ... done (6.3s)
    [osimulator] (1x256x576) @ (576x128) input=uint8 ... done (6.3s)
    [osimulator] (1x1x8192) @ (8192x256) input=uint8 ... done (3.6s)
    [osimulator] (1x1x256) @ (256x10) input=uint8 ... done (0.0s)
  [Model 1 Phase4 v3 INT8 (变体 B) optic]  602/650 ( 92.6%) acc=97.34%  elapsed=24670s  ETA=1967s
    [osimulator] (1x4096x288) @ (288x32) input=uint8 ... done (19.2s)
    [osimulator] (1x1024x288) @ (288x64) input=uint8 ... done (4.2s)
    [osimulator] (1x1024x576) @ (576x64) input=uint8 ... done (9.0s)
    [osimulator] (1x256x576) @ (576x128) input=uint8 ... done (6.5s)
    [osimulator] (1x1x8192) @ (8192x256) input=uint8 ... done (3.7s)
    [osimulator] (1x1x256) @ (256x10) input=uint8 ... done (0.0s)
  [Model 1 Phase4 v3 INT8 (变体 B) optic]  603/650 ( 92.8%) acc=97.35%  elapsed=24713s  ETA=1926s
    [osimulator] (1x4096x288) @ (288x32) input=uint8 ... done (19.4s)
    [osimulator] (1x1024x288) @ (288x64) input=uint8 ... done (4.3s)
    [osimulator] (1x1024x576) @ (576x64) input=uint8 ... done (6.4s)
    [osimulator] (1x256x576) @ (576x128) input=uint8 ... done (6.4s)
    [osimulator] (1x1x8192) @ (8192x256) input=uint8 ... done (3.7s)
    [osimulator] (1x1x256) @ (256x10) input=uint8 ... done (0.0s)
  [Model 1 Phase4 v3 INT8 (变体 B) optic]  604/650 ( 92.9%) acc=97.35%  elapsed=24753s  ETA=1885s
    [osimulator] (1x4096x288) @ (288x32) input=uint8 ... done (19.1s)
    [osimulator] (1x1024x288) @ (288x64) input=uint8 ... done (4.3s)
    [osimulator] (1x1024x576) @ (576x64) input=uint8 ... done (6.5s)
    [osimulator] (1x256x576) @ (576x128) input=uint8 ... done (6.6s)
    [osimulator] (1x1x8192) @ (8192x256) input=uint8 ... done (3.8s)
    [osimulator] (1x1x256) @ (256x10) input=uint8 ... done (0.0s)
  [Model 1 Phase4 v3 INT8 (变体 B) optic]  605/650 ( 93.1%) acc=97.36%  elapsed=24794s  ETA=1844s
    [osimulator] (1x4096x288) @ (288x32) input=uint8 ... done (19.4s)
    [osimulator] (1x1024x288) @ (288x64) input=uint8 ... done (4.3s)
    [osimulator] (1x1024x576) @ (576x64) input=uint8 ... done (6.7s)
    [osimulator] (1x256x576) @ (576x128) input=uint8 ... done (6.6s)
    [osimulator] (1x1x8192) @ (8192x256) input=uint8 ... done (3.6s)
    [osimulator] (1x1x256) @ (256x10) input=uint8 ... done (0.0s)
  [Model 1 Phase4 v3 INT8 (变体 B) optic]  606/650 ( 93.2%) acc=97.36%  elapsed=24834s  ETA=1803s
    [osimulator] (1x4096x288) @ (288x32) input=uint8 ... done (19.4s)
    [osimulator] (1x1024x288) @ (288x64) input=uint8 ... done (4.3s)
    [osimulator] (1x1024x576) @ (576x64) input=uint8 ... done (6.5s)
    [osimulator] (1x256x576) @ (576x128) input=uint8 ... done (6.7s)
    [osimulator] (1x1x8192) @ (8192x256) input=uint8 ... done (3.7s)
    [osimulator] (1x1x256) @ (256x10) input=uint8 ... done (0.0s)
  [Model 1 Phase4 v3 INT8 (变体 B) optic]  607/650 ( 93.4%) acc=97.36%  elapsed=24875s  ETA=1762s
    [osimulator] (1x4096x288) @ (288x32) input=uint8 ... done (19.6s)
    [osimulator] (1x1024x288) @ (288x64) input=uint8 ... done (4.3s)
    [osimulator] (1x1024x576) @ (576x64) input=uint8 ... done (6.4s)
    [osimulator] (1x256x576) @ (576x128) input=uint8 ... done (6.6s)
    [osimulator] (1x1x8192) @ (8192x256) input=uint8 ... done (3.9s)
    [osimulator] (1x1x256) @ (256x10) input=uint8 ... done (0.0s)
  [Model 1 Phase4 v3 INT8 (变体 B) optic]  608/650 ( 93.5%) acc=97.37%  elapsed=24916s  ETA=1721s
    [osimulator] (1x4096x288) @ (288x32) input=uint8 ... done (19.6s)
    [osimulator] (1x1024x288) @ (288x64) input=uint8 ... done (4.3s)
    [osimulator] (1x1024x576) @ (576x64) input=uint8 ... done (9.1s)
    [osimulator] (1x256x576) @ (576x128) input=uint8 ... done (6.4s)
    [osimulator] (1x1x8192) @ (8192x256) input=uint8 ... done (3.4s)
    [osimulator] (1x1x256) @ (256x10) input=uint8 ... done (0.0s)
  [Model 1 Phase4 v3 INT8 (变体 B) optic]  609/650 ( 93.7%) acc=97.37%  elapsed=24959s  ETA=1680s
    [osimulator] (1x4096x288) @ (288x32) input=uint8 ... done (18.8s)
    [osimulator] (1x1024x288) @ (288x64) input=uint8 ... done (4.2s)
    [osimulator] (1x1024x576) @ (576x64) input=uint8 ... done (6.3s)
    [osimulator] (1x256x576) @ (576x128) input=uint8 ... done (6.4s)
    [osimulator] (1x1x8192) @ (8192x256) input=uint8 ... done (3.7s)
    [osimulator] (1x1x256) @ (256x10) input=uint8 ... done (0.0s)
  [Model 1 Phase4 v3 INT8 (变体 B) optic]  610/650 ( 93.8%) acc=97.38%  elapsed=24998s  ETA=1639s
    [osimulator] (1x4096x288) @ (288x32) input=uint8 ... done (19.5s)
    [osimulator] (1x1024x288) @ (288x64) input=uint8 ... done (4.3s)
    [osimulator] (1x1024x576) @ (576x64) input=uint8 ... done (6.2s)
    [osimulator] (1x256x576) @ (576x128) input=uint8 ... done (6.4s)
    [osimulator] (1x1x8192) @ (8192x256) input=uint8 ... done (3.7s)
    [osimulator] (1x1x256) @ (256x10) input=uint8 ... done (0.0s)
  [Model 1 Phase4 v3 INT8 (变体 B) optic]  611/650 ( 94.0%) acc=97.38%  elapsed=25038s  ETA=1598s
    [osimulator] (1x4096x288) @ (288x32) input=uint8 ... done (19.2s)
    [osimulator] (1x1024x288) @ (288x64) input=uint8 ... done (4.3s)
    [osimulator] (1x1024x576) @ (576x64) input=uint8 ... done (6.3s)
    [osimulator] (1x256x576) @ (576x128) input=uint8 ... done (6.6s)
    [osimulator] (1x1x8192) @ (8192x256) input=uint8 ... done (3.6s)
    [osimulator] (1x1x256) @ (256x10) input=uint8 ... done (0.0s)
  [Model 1 Phase4 v3 INT8 (变体 B) optic]  612/650 ( 94.2%) acc=97.39%  elapsed=25078s  ETA=1557s
    [osimulator] (1x4096x288) @ (288x32) input=uint8 ... done (19.7s)
    [osimulator] (1x1024x288) @ (288x64) input=uint8 ... done (4.2s)
    [osimulator] (1x1024x576) @ (576x64) input=uint8 ... done (7.2s)
    [osimulator] (1x256x576) @ (576x128) input=uint8 ... done (6.5s)
    [osimulator] (1x1x8192) @ (8192x256) input=uint8 ... done (3.7s)
    [osimulator] (1x1x256) @ (256x10) input=uint8 ... done (0.0s)
  [Model 1 Phase4 v3 INT8 (变体 B) optic]  613/650 ( 94.3%) acc=97.39%  elapsed=25119s  ETA=1516s
    [osimulator] (1x4096x288) @ (288x32) input=uint8 ... done (18.9s)
    [osimulator] (1x1024x288) @ (288x64) input=uint8 ... done (4.3s)
    [osimulator] (1x1024x576) @ (576x64) input=uint8 ... done (9.1s)
    [osimulator] (1x256x576) @ (576x128) input=uint8 ... done (6.4s)
    [osimulator] (1x1x8192) @ (8192x256) input=uint8 ... done (3.6s)
    [osimulator] (1x1x256) @ (256x10) input=uint8 ... done (0.0s)
  [Model 1 Phase4 v3 INT8 (变体 B) optic]  614/650 ( 94.5%) acc=97.39%  elapsed=25162s  ETA=1475s
    [osimulator] (1x4096x288) @ (288x32) input=uint8 ... done (19.2s)
    [osimulator] (1x1024x288) @ (288x64) input=uint8 ... done (4.3s)
    [osimulator] (1x1024x576) @ (576x64) input=uint8 ... done (6.3s)
    [osimulator] (1x256x576) @ (576x128) input=uint8 ... done (6.4s)
    [osimulator] (1x1x8192) @ (8192x256) input=uint8 ... done (3.7s)
    [osimulator] (1x1x256) @ (256x10) input=uint8 ... done (0.0s)
  [Model 1 Phase4 v3 INT8 (变体 B) optic]  615/650 ( 94.6%) acc=97.40%  elapsed=25202s  ETA=1434s
    [osimulator] (1x4096x288) @ (288x32) input=uint8 ... done (19.4s)
    [osimulator] (1x1024x288) @ (288x64) input=uint8 ... done (4.3s)
    [osimulator] (1x1024x576) @ (576x64) input=uint8 ... done (6.3s)
    [osimulator] (1x256x576) @ (576x128) input=uint8 ... done (6.5s)
    [osimulator] (1x1x8192) @ (8192x256) input=uint8 ... done (3.8s)
    [osimulator] (1x1x256) @ (256x10) input=uint8 ... done (0.0s)
  [Model 1 Phase4 v3 INT8 (变体 B) optic]  616/650 ( 94.8%) acc=97.40%  elapsed=25242s  ETA=1393s
    [osimulator] (1x4096x288) @ (288x32) input=uint8 ... done (19.2s)
    [osimulator] (1x1024x288) @ (288x64) input=uint8 ... done (4.4s)
    [osimulator] (1x1024x576) @ (576x64) input=uint8 ... done (6.3s)
    [osimulator] (1x256x576) @ (576x128) input=uint8 ... done (6.5s)
    [osimulator] (1x1x8192) @ (8192x256) input=uint8 ... done (3.6s)
    [osimulator] (1x1x256) @ (256x10) input=uint8 ... done (0.0s)
  [Model 1 Phase4 v3 INT8 (变体 B) optic]  617/650 ( 94.9%) acc=97.41%  elapsed=25282s  ETA=1352s
    [osimulator] (1x4096x288) @ (288x32) input=uint8 ... done (20.0s)
    [osimulator] (1x1024x288) @ (288x64) input=uint8 ... done (4.4s)
    [osimulator] (1x1024x576) @ (576x64) input=uint8 ... done (8.6s)
    [osimulator] (1x256x576) @ (576x128) input=uint8 ... done (6.5s)
    [osimulator] (1x1x8192) @ (8192x256) input=uint8 ... done (3.6s)
    [osimulator] (1x1x256) @ (256x10) input=uint8 ... done (0.0s)
  [Model 1 Phase4 v3 INT8 (变体 B) optic]  618/650 ( 95.1%) acc=97.41%  elapsed=25325s  ETA=1311s
    [osimulator] (1x4096x288) @ (288x32) input=uint8 ... done (18.8s)
    [osimulator] (1x1024x288) @ (288x64) input=uint8 ... done (4.3s)
    [osimulator] (1x1024x576) @ (576x64) input=uint8 ... done (11.3s)
    [osimulator] (1x256x576) @ (576x128) input=uint8 ... done (6.5s)
    [osimulator] (1x1x8192) @ (8192x256) input=uint8 ... done (3.6s)
    [osimulator] (1x1x256) @ (256x10) input=uint8 ... done (0.0s)
  [Model 1 Phase4 v3 INT8 (变体 B) optic]  619/650 ( 95.2%) acc=97.42%  elapsed=25370s  ETA=1271s
    [osimulator] (1x4096x288) @ (288x32) input=uint8 ... done (19.3s)
    [osimulator] (1x1024x288) @ (288x64) input=uint8 ... done (4.3s)
    [osimulator] (1x1024x576) @ (576x64) input=uint8 ... done (9.3s)
    [osimulator] (1x256x576) @ (576x128) input=uint8 ... done (6.7s)
    [osimulator] (1x1x8192) @ (8192x256) input=uint8 ... done (3.7s)
    [osimulator] (1x1x256) @ (256x10) input=uint8 ... done (0.0s)
  [Model 1 Phase4 v3 INT8 (变体 B) optic]  620/650 ( 95.4%) acc=97.42%  elapsed=25413s  ETA=1230s
    [osimulator] (1x4096x288) @ (288x32) input=uint8 ... done (19.7s)
    [osimulator] (1x1024x288) @ (288x64) input=uint8 ... done (4.3s)
    [osimulator] (1x1024x576) @ (576x64) input=uint8 ... done (7.7s)
    [osimulator] (1x256x576) @ (576x128) input=uint8 ... done (6.6s)
    [osimulator] (1x1x8192) @ (8192x256) input=uint8 ... done (3.6s)
    [osimulator] (1x1x256) @ (256x10) input=uint8 ... done (0.0s)
  [Model 1 Phase4 v3 INT8 (变体 B) optic]  621/650 ( 95.5%) acc=97.42%  elapsed=25455s  ETA=1189s
    [osimulator] (1x4096x288) @ (288x32) input=uint8 ... done (19.7s)
    [osimulator] (1x1024x288) @ (288x64) input=uint8 ... done (4.3s)
    [osimulator] (1x1024x576) @ (576x64) input=uint8 ... done (6.8s)
    [osimulator] (1x256x576) @ (576x128) input=uint8 ... done (6.5s)
    [osimulator] (1x1x8192) @ (8192x256) input=uint8 ... done (3.7s)
    [osimulator] (1x1x256) @ (256x10) input=uint8 ... done (0.0s)
  [Model 1 Phase4 v3 INT8 (变体 B) optic]  622/650 ( 95.7%) acc=97.43%  elapsed=25496s  ETA=1148s
    [osimulator] (1x4096x288) @ (288x32) input=uint8 ... done (19.4s)
    [osimulator] (1x1024x288) @ (288x64) input=uint8 ... done (4.3s)
    [osimulator] (1x1024x576) @ (576x64) input=uint8 ... done (11.6s)
    [osimulator] (1x256x576) @ (576x128) input=uint8 ... done (6.5s)
    [osimulator] (1x1x8192) @ (8192x256) input=uint8 ... done (3.5s)
    [osimulator] (1x1x256) @ (256x10) input=uint8 ... done (0.0s)
  [Model 1 Phase4 v3 INT8 (变体 B) optic]  623/650 ( 95.8%) acc=97.43%  elapsed=25541s  ETA=1107s
    [osimulator] (1x4096x288) @ (288x32) input=uint8 ... done (19.3s)
    [osimulator] (1x1024x288) @ (288x64) input=uint8 ... done (4.3s)
    [osimulator] (1x1024x576) @ (576x64) input=uint8 ... done (6.6s)
    [osimulator] (1x256x576) @ (576x128) input=uint8 ... done (6.6s)
    [osimulator] (1x1x8192) @ (8192x256) input=uint8 ... done (3.7s)
    [osimulator] (1x1x256) @ (256x10) input=uint8 ... done (0.0s)
  [Model 1 Phase4 v3 INT8 (变体 B) optic]  624/650 ( 96.0%) acc=97.44%  elapsed=25582s  ETA=1066s
    [osimulator] (1x4096x288) @ (288x32) input=uint8 ... done (19.3s)
    [osimulator] (1x1024x288) @ (288x64) input=uint8 ... done (4.3s)
    [osimulator] (1x1024x576) @ (576x64) input=uint8 ... done (6.4s)
    [osimulator] (1x256x576) @ (576x128) input=uint8 ... done (6.6s)
    [osimulator] (1x1x8192) @ (8192x256) input=uint8 ... done (3.5s)
    [osimulator] (1x1x256) @ (256x10) input=uint8 ... done (0.0s)
  [Model 1 Phase4 v3 INT8 (变体 B) optic]  625/650 ( 96.2%) acc=97.44%  elapsed=25622s  ETA=1025s
    [osimulator] (1x4096x288) @ (288x32) input=uint8 ... done (19.7s)
    [osimulator] (1x1024x288) @ (288x64) input=uint8 ... done (4.4s)
    [osimulator] (1x1024x576) @ (576x64) input=uint8 ... done (6.6s)
    [osimulator] (1x256x576) @ (576x128) input=uint8 ... done (6.5s)
    [osimulator] (1x1x8192) @ (8192x256) input=uint8 ... done (3.7s)
    [osimulator] (1x1x256) @ (256x10) input=uint8 ... done (0.0s)
  [Model 1 Phase4 v3 INT8 (变体 B) optic]  626/650 ( 96.3%) acc=97.44%  elapsed=25663s  ETA=984s
    [osimulator] (1x4096x288) @ (288x32) input=uint8 ... done (19.4s)
    [osimulator] (1x1024x288) @ (288x64) input=uint8 ... done (4.4s)
    [osimulator] (1x1024x576) @ (576x64) input=uint8 ... done (9.3s)
    [osimulator] (1x256x576) @ (576x128) input=uint8 ... done (6.6s)
    [osimulator] (1x1x8192) @ (8192x256) input=uint8 ... done (3.5s)
    [osimulator] (1x1x256) @ (256x10) input=uint8 ... done (0.0s)
  [Model 1 Phase4 v3 INT8 (变体 B) optic]  627/650 ( 96.5%) acc=97.45%  elapsed=25706s  ETA=943s
    [osimulator] (1x4096x288) @ (288x32) input=uint8 ... done (19.8s)
    [osimulator] (1x1024x288) @ (288x64) input=uint8 ... done (4.3s)
    [osimulator] (1x1024x576) @ (576x64) input=uint8 ... done (6.3s)
    [osimulator] (1x256x576) @ (576x128) input=uint8 ... done (6.5s)
    [osimulator] (1x1x8192) @ (8192x256) input=uint8 ... done (3.8s)
    [osimulator] (1x1x256) @ (256x10) input=uint8 ... done (0.0s)
  [Model 1 Phase4 v3 INT8 (变体 B) optic]  628/650 ( 96.6%) acc=97.45%  elapsed=25747s  ETA=902s
    [osimulator] (1x4096x288) @ (288x32) input=uint8 ... done (19.6s)
    [osimulator] (1x1024x288) @ (288x64) input=uint8 ... done (4.3s)
    [osimulator] (1x1024x576) @ (576x64) input=uint8 ... done (12.1s)
    [osimulator] (1x256x576) @ (576x128) input=uint8 ... done (6.7s)
    [osimulator] (1x1x8192) @ (8192x256) input=uint8 ... done (3.8s)
    [osimulator] (1x1x256) @ (256x10) input=uint8 ... done (0.0s)
  [Model 1 Phase4 v3 INT8 (变体 B) optic]  629/650 ( 96.8%) acc=97.46%  elapsed=25793s  ETA=861s
    [osimulator] (1x4096x288) @ (288x32) input=uint8 ... done (19.6s)
    [osimulator] (1x1024x288) @ (288x64) input=uint8 ... done (4.4s)
    [osimulator] (1x1024x576) @ (576x64) input=uint8 ... done (6.2s)
    [osimulator] (1x256x576) @ (576x128) input=uint8 ... done (6.6s)
    [osimulator] (1x1x8192) @ (8192x256) input=uint8 ... done (3.6s)
    [osimulator] (1x1x256) @ (256x10) input=uint8 ... done (0.0s)
  [Model 1 Phase4 v3 INT8 (变体 B) optic]  630/650 ( 96.9%) acc=97.46%  elapsed=25834s  ETA=820s
    [osimulator] (1x4096x288) @ (288x32) input=uint8 ... done (19.4s)
    [osimulator] (1x1024x288) @ (288x64) input=uint8 ... done (4.4s)
    [osimulator] (1x1024x576) @ (576x64) input=uint8 ... done (9.5s)
    [osimulator] (1x256x576) @ (576x128) input=uint8 ... done (6.6s)
    [osimulator] (1x1x8192) @ (8192x256) input=uint8 ... done (3.6s)
    [osimulator] (1x1x256) @ (256x10) input=uint8 ... done (0.0s)
  [Model 1 Phase4 v3 INT8 (变体 B) optic]  631/650 ( 97.1%) acc=97.46%  elapsed=25877s  ETA=779s
    [osimulator] (1x4096x288) @ (288x32) input=uint8 ... done (19.5s)
    [osimulator] (1x1024x288) @ (288x64) input=uint8 ... done (4.3s)
    [osimulator] (1x1024x576) @ (576x64) input=uint8 ... done (8.3s)
    [osimulator] (1x256x576) @ (576x128) input=uint8 ... done (6.5s)
    [osimulator] (1x1x8192) @ (8192x256) input=uint8 ... done (3.7s)
    [osimulator] (1x1x256) @ (256x10) input=uint8 ... done (0.0s)
  [Model 1 Phase4 v3 INT8 (变体 B) optic]  632/650 ( 97.2%) acc=97.47%  elapsed=25919s  ETA=738s
    [osimulator] (1x4096x288) @ (288x32) input=uint8 ... done (19.6s)
    [osimulator] (1x1024x288) @ (288x64) input=uint8 ... done (4.3s)
    [osimulator] (1x1024x576) @ (576x64) input=uint8 ... done (6.5s)
    [osimulator] (1x256x576) @ (576x128) input=uint8 ... done (6.5s)
    [osimulator] (1x1x8192) @ (8192x256) input=uint8 ... done (3.4s)
    [osimulator] (1x1x256) @ (256x10) input=uint8 ... done (0.0s)
  [Model 1 Phase4 v3 INT8 (变体 B) optic]  633/650 ( 97.4%) acc=97.47%  elapsed=25960s  ETA=697s
    [osimulator] (1x4096x288) @ (288x32) input=uint8 ... done (19.5s)
    [osimulator] (1x1024x288) @ (288x64) input=uint8 ... done (4.3s)
    [osimulator] (1x1024x576) @ (576x64) input=uint8 ... done (6.3s)
    [osimulator] (1x256x576) @ (576x128) input=uint8 ... done (6.6s)
    [osimulator] (1x1x8192) @ (8192x256) input=uint8 ... done (3.6s)
    [osimulator] (1x1x256) @ (256x10) input=uint8 ... done (0.0s)
  [Model 1 Phase4 v3 INT8 (变体 B) optic]  634/650 ( 97.5%) acc=97.48%  elapsed=26000s  ETA=656s
    [osimulator] (1x4096x288) @ (288x32) input=uint8 ... done (19.5s)
    [osimulator] (1x1024x288) @ (288x64) input=uint8 ... done (4.3s)
    [osimulator] (1x1024x576) @ (576x64) input=uint8 ... done (11.2s)
    [osimulator] (1x256x576) @ (576x128) input=uint8 ... done (6.5s)
    [osimulator] (1x1x8192) @ (8192x256) input=uint8 ... done (3.8s)
    [osimulator] (1x1x256) @ (256x10) input=uint8 ... done (0.0s)
  [Model 1 Phase4 v3 INT8 (变体 B) optic]  635/650 ( 97.7%) acc=97.48%  elapsed=26045s  ETA=615s
    [osimulator] (1x4096x288) @ (288x32) input=uint8 ... done (19.5s)
    [osimulator] (1x1024x288) @ (288x64) input=uint8 ... done (4.3s)
    [osimulator] (1x1024x576) @ (576x64) input=uint8 ... done (6.4s)
    [osimulator] (1x256x576) @ (576x128) input=uint8 ... done (6.5s)
    [osimulator] (1x1x8192) @ (8192x256) input=uint8 ... done (3.7s)
    [osimulator] (1x1x256) @ (256x10) input=uint8 ... done (0.0s)
  [Model 1 Phase4 v3 INT8 (变体 B) optic]  636/650 ( 97.8%) acc=97.48%  elapsed=26086s  ETA=574s
    [osimulator] (1x4096x288) @ (288x32) input=uint8 ... done (19.9s)
    [osimulator] (1x1024x288) @ (288x64) input=uint8 ... done (4.9s)
    [osimulator] (1x1024x576) @ (576x64) input=uint8 ... done (10.2s)
    [osimulator] (1x256x576) @ (576x128) input=uint8 ... done (6.5s)
    [osimulator] (1x1x8192) @ (8192x256) input=uint8 ... done (3.6s)
    [osimulator] (1x1x256) @ (256x10) input=uint8 ... done (0.0s)
  [Model 1 Phase4 v3 INT8 (变体 B) optic]  637/650 ( 98.0%) acc=97.49%  elapsed=26131s  ETA=533s
    [osimulator] (1x4096x288) @ (288x32) input=uint8 ... done (19.8s)
    [osimulator] (1x1024x288) @ (288x64) input=uint8 ... done (4.4s)
    [osimulator] (1x1024x576) @ (576x64) input=uint8 ... done (6.4s)
    [osimulator] (1x256x576) @ (576x128) input=uint8 ... done (6.5s)
    [osimulator] (1x1x8192) @ (8192x256) input=uint8 ... done (3.8s)
    [osimulator] (1x1x256) @ (256x10) input=uint8 ... done (0.0s)
  [Model 1 Phase4 v3 INT8 (变体 B) optic]  638/650 ( 98.2%) acc=97.49%  elapsed=26172s  ETA=492s
    [osimulator] (1x4096x288) @ (288x32) input=uint8 ... done (19.1s)
    [osimulator] (1x1024x288) @ (288x64) input=uint8 ... done (4.4s)
    [osimulator] (1x1024x576) @ (576x64) input=uint8 ... done (9.2s)
    [osimulator] (1x256x576) @ (576x128) input=uint8 ... done (6.6s)
    [osimulator] (1x1x8192) @ (8192x256) input=uint8 ... done (3.7s)
    [osimulator] (1x1x256) @ (256x10) input=uint8 ... done (0.0s)
  [Model 1 Phase4 v3 INT8 (变体 B) optic]  639/650 ( 98.3%) acc=97.50%  elapsed=26215s  ETA=451s
    [osimulator] (1x4096x288) @ (288x32) input=uint8 ... done (19.3s)
    [osimulator] (1x1024x288) @ (288x64) input=uint8 ... done (4.3s)
    [osimulator] (1x1024x576) @ (576x64) input=uint8 ... done (12.3s)
    [osimulator] (1x256x576) @ (576x128) input=uint8 ... done (6.5s)
    [osimulator] (1x1x8192) @ (8192x256) input=uint8 ... done (3.7s)
    [osimulator] (1x1x256) @ (256x10) input=uint8 ... done (0.0s)
  [Model 1 Phase4 v3 INT8 (变体 B) optic]  640/650 ( 98.5%) acc=97.50%  elapsed=26261s  ETA=410s
    [osimulator] (1x4096x288) @ (288x32) input=uint8 ... done (19.6s)
    [osimulator] (1x1024x288) @ (288x64) input=uint8 ... done (4.3s)
    [osimulator] (1x1024x576) @ (576x64) input=uint8 ... done (6.2s)
    [osimulator] (1x256x576) @ (576x128) input=uint8 ... done (6.6s)
    [osimulator] (1x1x8192) @ (8192x256) input=uint8 ... done (3.7s)
    [osimulator] (1x1x256) @ (256x10) input=uint8 ... done (0.0s)
  [Model 1 Phase4 v3 INT8 (变体 B) optic]  641/650 ( 98.6%) acc=97.50%  elapsed=26302s  ETA=369s
    [osimulator] (1x4096x288) @ (288x32) input=uint8 ... done (19.7s)
    [osimulator] (1x1024x288) @ (288x64) input=uint8 ... done (4.4s)
    [osimulator] (1x1024x576) @ (576x64) input=uint8 ... done (8.4s)
    [osimulator] (1x256x576) @ (576x128) input=uint8 ... done (6.6s)
    [osimulator] (1x1x8192) @ (8192x256) input=uint8 ... done (3.6s)
    [osimulator] (1x1x256) @ (256x10) input=uint8 ... done (0.0s)
  [Model 1 Phase4 v3 INT8 (变体 B) optic]  642/650 ( 98.8%) acc=97.51%  elapsed=26344s  ETA=328s
    [osimulator] (1x4096x288) @ (288x32) input=uint8 ... done (19.5s)
    [osimulator] (1x1024x288) @ (288x64) input=uint8 ... done (4.3s)
    [osimulator] (1x1024x576) @ (576x64) input=uint8 ... done (6.2s)
    [osimulator] (1x256x576) @ (576x128) input=uint8 ... done (6.5s)
    [osimulator] (1x1x8192) @ (8192x256) input=uint8 ... done (3.5s)
    [osimulator] (1x1x256) @ (256x10) input=uint8 ... done (0.0s)
  [Model 1 Phase4 v3 INT8 (变体 B) optic]  643/650 ( 98.9%) acc=97.51%  elapsed=26384s  ETA=287s
    [osimulator] (1x4096x288) @ (288x32) input=uint8 ... done (18.7s)
    [osimulator] (1x1024x288) @ (288x64) input=uint8 ... done (4.3s)
    [osimulator] (1x1024x576) @ (576x64) input=uint8 ... done (7.8s)
    [osimulator] (1x256x576) @ (576x128) input=uint8 ... done (6.5s)
    [osimulator] (1x1x8192) @ (8192x256) input=uint8 ... done (3.5s)
    [osimulator] (1x1x256) @ (256x10) input=uint8 ... done (0.0s)
  [Model 1 Phase4 v3 INT8 (变体 B) optic]  644/650 ( 99.1%) acc=97.52%  elapsed=26425s  ETA=246s
    [osimulator] (1x4096x288) @ (288x32) input=uint8 ... done (18.4s)
    [osimulator] (1x1024x288) @ (288x64) input=uint8 ... done (4.4s)
    [osimulator] (1x1024x576) @ (576x64) input=uint8 ... done (7.7s)
    [osimulator] (1x256x576) @ (576x128) input=uint8 ... done (6.7s)
    [osimulator] (1x1x8192) @ (8192x256) input=uint8 ... done (3.5s)
    [osimulator] (1x1x256) @ (256x10) input=uint8 ... done (0.0s)
  [Model 1 Phase4 v3 INT8 (变体 B) optic]  645/650 ( 99.2%) acc=97.52%  elapsed=26466s  ETA=205s
    [osimulator] (1x4096x288) @ (288x32) input=uint8 ... done (18.8s)
    [osimulator] (1x1024x288) @ (288x64) input=uint8 ... done (4.3s)
    [osimulator] (1x1024x576) @ (576x64) input=uint8 ... done (9.2s)
    [osimulator] (1x256x576) @ (576x128) input=uint8 ... done (6.6s)
    [osimulator] (1x1x8192) @ (8192x256) input=uint8 ... done (3.6s)
    [osimulator] (1x1x256) @ (256x10) input=uint8 ... done (0.0s)
  [Model 1 Phase4 v3 INT8 (变体 B) optic]  646/650 ( 99.4%) acc=97.52%  elapsed=26508s  ETA=164s
    [osimulator] (1x4096x288) @ (288x32) input=uint8 ... done (18.6s)
    [osimulator] (1x1024x288) @ (288x64) input=uint8 ... done (4.3s)
    [osimulator] (1x1024x576) @ (576x64) input=uint8 ... done (11.2s)
    [osimulator] (1x256x576) @ (576x128) input=uint8 ... done (6.5s)
    [osimulator] (1x1x8192) @ (8192x256) input=uint8 ... done (3.5s)
    [osimulator] (1x1x256) @ (256x10) input=uint8 ... done (0.0s)
  [Model 1 Phase4 v3 INT8 (变体 B) optic]  647/650 ( 99.5%) acc=97.53%  elapsed=26552s  ETA=123s
    [osimulator] (1x4096x288) @ (288x32) input=uint8 ... done (19.0s)
    [osimulator] (1x1024x288) @ (288x64) input=uint8 ... done (4.3s)
    [osimulator] (1x1024x576) @ (576x64) input=uint8 ... done (9.1s)
    [osimulator] (1x256x576) @ (576x128) input=uint8 ... done (6.5s)
    [osimulator] (1x1x8192) @ (8192x256) input=uint8 ... done (3.7s)
    [osimulator] (1x1x256) @ (256x10) input=uint8 ... done (0.0s)
  [Model 1 Phase4 v3 INT8 (变体 B) optic]  648/650 ( 99.7%) acc=97.53%  elapsed=26595s  ETA=82s
    [osimulator] (1x4096x288) @ (288x32) input=uint8 ... done (19.1s)
    [osimulator] (1x1024x288) @ (288x64) input=uint8 ... done (4.3s)
    [osimulator] (1x1024x576) @ (576x64) input=uint8 ... done (6.4s)
    [osimulator] (1x256x576) @ (576x128) input=uint8 ... done (6.8s)
    [osimulator] (1x1x8192) @ (8192x256) input=uint8 ... done (3.6s)
    [osimulator] (1x1x256) @ (256x10) input=uint8 ... done (0.0s)
  [Model 1 Phase4 v3 INT8 (变体 B) optic]  649/650 ( 99.8%) acc=97.53%  elapsed=26635s  ETA=41s
    [osimulator] (1x4096x288) @ (288x32) input=uint8 ... done (18.9s)
    [osimulator] (1x1024x288) @ (288x64) input=uint8 ... done (4.3s)
    [osimulator] (1x1024x576) @ (576x64) input=uint8 ... done (11.7s)
    [osimulator] (1x256x576) @ (576x128) input=uint8 ... done (6.6s)
    [osimulator] (1x1x8192) @ (8192x256) input=uint8 ... done (3.6s)
    [osimulator] (1x1x256) @ (256x10) input=uint8 ... done (0.0s)
  [Model 1 Phase4 v3 INT8 (变体 B) optic]  650/650 (100.0%) acc=97.54%  elapsed=26680s  ETA=0s
  [Model 1 Phase4 v3 INT8 (变体 B) optic] DONE — 650 batches, acc=97.54%, total=26680s
  Optical Accuracy: 97.54%  Time: 26680.6s

--- Optical Engine Statistics ---
  [OpticalEngine 统计] 调用: 3900, 总耗时: 26678.422s, 总运算量: 7.50e+10 MACs

====================================================================================================
  Model 1 INT8 (变体 B) — Container Verification Report
====================================================================================================
  Optic osimulator: 97.54%  |  Time: 26681s
  参考: FP32 基准 97.17% | int4 Mixed 98.26% | int4 STE 96.46%


==============================================================================================================
  Model 1 INT8 光计算 MOPs 统计 — Baseline VGG Phase4 v3 (变体 B)
  Gazelle 硬件: 8×2 tile, 8a8w12o | 电计算层 (FP32): ['conv1_1', 'conv3_2']
==============================================================================================================

  Layer      Type    C_in C_out Kernel      Input    ConvOut   Pool  Patch Padded   Align    RawMOPs    OptMOPs   ElecMOPs      Compute
  ------------------------------------------------------------------------------------------------------------------------
  conv1_1    Conv       3    32    3x3      64x64      64x64   None     27     32  84.4%    3.5389M    0.0000M    3.5389M [Electronic]
  conv1_2    Conv      32    32    3x3      64x64      64x64 Max2x2    288    288 100.0%   37.7487M   37.7487M    0.0000M [Optical]   
  conv2_1    Conv      32    64    3x3      32x32      32x32   None    288    288 100.0%   18.8744M   18.8744M    0.0000M [Optical]   
  conv2_2    Conv      64    64    3x3      32x32      32x32 Max2x2    576    576 100.0%   37.7487M   37.7487M    0.0000M [Optical]   
  conv3_1    Conv      64   128    3x3      16x16      16x16   None    576    576 100.0%   18.8744M   18.8744M    0.0000M [Optical]   
  conv3_2    Conv     128   128    3x3      16x16      16x16 Max2x2   1152   1152 100.0%   37.7487M    0.0000M   37.7487M [Electronic]
  fc1        Linear  8192   256      -          -          -   None   8192   8192 100.0%    2.0972M    2.0972M    0.0000M [Optical]   
  fc2        Linear   256    10      -          -          -   None    256    256 100.0%    0.0026M    0.0026M    0.0000M [Optical]   
  ------------------------------------------------------------------------------------------------------------------------
  Total                                                                                    156.6336M  115.3459M   41.2877M

  ------------------------------------------------------------
  [MOPs] 光计算占比汇总 (变体 B)
  ------------------------------------------------------------
  总原始 MOPs:           156.6336 M
  光计算 MOPs (有效):    115.3459 M
  电子计算 MOPs:         41.2877 M
  总有效 MOPs:           156.6336 M
  -------------------------------------
  ** 光计算占比:         73.64%  ([OK] 达标 (≥50%))
  光计算补零浪费:        0 (光计算层均对齐 8 的倍数) [OK]
==============================================================================================================
====================================================================================================
